11.333207
11.333207
11.333207
11.333207
11.333207
11.333207
11.333207
11.333207
11.333207
11.333207
11.333207
11.333207
11.333207
11.333207
11.333207
11.333207
11.333207
11.333207
11.333207
11.333207
11.333207
11.333207
11.333207
11.333207
11.333207
11.333207
11.333207
11.333207
11.333207
11.333207
11.333207
11.333207
11.333207
11.333207
11.333207
11.333207
11.333207
11.333207
11.333207
11.333207
11.333207
11.333207
11.333207
11.333207
11.333207
11.333207
11.333207
11.333207
11.333207
11.333207
11.333207
11.333207
11.333207
11.333207
11.333207
11.333207
11.333207
11.333207
11.333207
11.333207
11.333207
11.333207
11.333207
11.333207
11.333207
11.333207
11.333207
11.333207
11.333207
11.333207
11.333207
11.333207
11.333207
11.333207
11.333207
11.333207
11.333207
11.333207
11.333207
11.333207
11.333207
11.333207
11.333207
11.333207
11.333207
11.333207
11.333207
11.333207
11.333207
11.333207
11.333207
11.333207
11.333207
11.333207
11.333207
11.333207
11.333207
11.333207
11.333207
11.333207
11.333207
11.333207
11.333207
11.333207
11.333207
11.333207
11.333207
11.333207
11.333207
11.333207
11.333207
11.333207
11.333207
11.333207
11.333207
11.333207
11.333207
11.333207
11.333207
11.333207
11.333207
11.333207
11.333207
11.333207
11.333207
11.333207
11.333207
11.333207
11.333207
11.333207
11.333207
11.333207
11.333207
11.333207
11.333207
11.333207
11.333207
11.333207
11.333207
11.333207
11.333207
11.333207
11.333207
11.333207
11.333207
11.333207
11.333207
11.333207
11.333207
11.333207
11.333207
11.333207
11.333207
11.333207
11.333207
11.333207
11.333207
11.333207
11.333207
11.333207
11.333207
11.332969
11.332257
11.331073
11.329413
11.327281
11.324676
11.321599
11.318053
11.314040
11.309558
11.304610
11.299201
11.293328
11.286998
11.280210
11.272967
11.265275
11.257134
11.248548
11.239520
11.230052
11.220151
11.209819
11.199059
11.187879
11.176278
11.164264
11.151839
11.139010
11.125783
11.112161
11.098149
11.083753
11.068978
11.053832
11.038320
11.022445
11.006215
10.989638
10.972720
10.955464
10.937881
10.919974
10.901753
10.883225
10.864394
10.845271
10.825860
10.806172
10.786212
10.765986
10.745507
10.724780
10.703811
10.682612
10.661189
10.639550
10.617703
10.595660
10.573424
10.551009
10.528420
10.505666
10.482759
10.459702
10.436509
10.413188
10.389747
10.366193
10.342540
10.318793
10.294963
10.271058
10.247088
10.223063
10.198991
10.174882
10.150746
10.126590
10.102426
10.078261
10.054105
10.029969
10.005860
9.981788
9.957763
9.933793
9.909888
9.886058
9.862311
9.838658
9.815105
9.791664
9.768342
9.745149
9.722094
9.699184
9.676431
9.653842
9.631426
9.609191
9.587147
9.565301
9.543663
9.522240
9.501040
9.480072
9.459344
9.438864
9.418640
9.398680
9.378990
9.359580
9.340456
9.321626
9.303097
9.284876
9.266971
9.249387
9.232132
9.215213
9.198635
9.182406
9.166533
9.151019
9.135872
9.121099
9.106703
9.092690
9.079068
9.065841
9.053012
9.040588
9.028574
9.016973
9.005792
8.995032
8.984700
8.974798
8.965332
8.956304
8.947718
8.939576
8.931883
8.924642
8.917853
8.911523
8.905651
8.900240
8.895293
8.890812
8.886797
8.883251
8.880176
8.877571
8.875439
8.873779
8.872593
8.871881
11.333207
11.333729
11.335294
11.337899
11.341537
11.346204
11.351887
11.358574
11.366254
11.374910
11.384522
11.395073
11.406540
11.418896
11.432119
11.446180
11.461050
11.476698
11.493090
11.510191
11.527966
11.546373
11.565380
11.584940
11.605015
11.625559
11.646528
11.667875
11.689556
11.711521
11.733725
11.756113
11.778639
11.801247
11.823891
11.846518
11.869074
11.891504
11.913761
11.935787
11.957533
11.978941
11.999960
12.020540
12.040625
12.060165
12.079107
12.097403
12.114996
12.131845
12.147896
12.163101
12.177416
12.190794
12.203186
12.214558
12.224859
12.234055
12.242100
12.248964
12.254604
12.258991
12.262091
12.263868
12.264301
12.263357
12.261013
12.257246
12.252033
12.245356
12.237200
12.227549
12.216389
12.203709
12.189503
12.173765
12.156492
12.137680
12.117336
12.095455
12.072050
12.047127
12.020695
11.992767
11.963362
11.932489
11.900177
11.866444
11.831314
11.794813
11.756971
11.717821
11.677391
11.635721
11.592846
11.548803
11.503635
11.457388
11.410101
11.361824
11.312607
11.262495
11.211544
11.159805
11.107333
11.054184
11.000416
10.946085
10.891253
10.835979
10.780325
10.724354
10.668127
10.611712
10.555168
10.498566
10.441969
10.385441
10.329051
10.272863
10.216945
10.161362
10.106180
10.051467
9.997287
9.943705
9.890784
9.838593
9.787191
9.736643
9.687010
9.638352
9.590729
9.544201
9.498823
9.454654
9.411746
9.370153
9.329928
9.291120
9.253778
9.217946
9.183673
9.150999
9.119966
9.090612
9.062976
9.037090
9.012990
8.990702
8.970258
8.951682
8.934998
8.920226
8.907387
8.896494
8.887564
8.880606
8.875629
8.872641
11.333207
11.333611
11.334819
11.336833
11.339643
11.343253
11.347651
11.352831
11.358785
11.365503
11.372974
11.381184
11.390121
11.399767
11.410109
11.421125
11.432802
11.445116
11.458046
11.471569
11.485661
11.500296
11.515453
11.531097
11.547207
11.563747
11.580690
11.598001
11.615650
11.633602
11.651827
11.670280
11.688932
11.707741
11.726671
11.745684
11.764738
11.783791
11.802805
11.821737
11.840546
11.859186
11.877613
11.895790
11.913664
11.931198
11.948343
11.965057
11.981291
11.997007
12.012154
12.026690
12.040569
12.053749
12.066181
12.077829
12.088644
12.098589
12.107615
12.115688
12.122763
12.128803
12.133770
12.137623
12.140331
12.141853
12.142160
12.141220
12.138998
12.135466
12.130598
12.124367
12.116749
12.107716
12.097254
12.085342
12.071966
12.057104
12.040752
12.022892
12.003521
11.982632
11.960220
11.936285
11.910830
11.883854
11.855368
11.825378
11.793896
11.760937
11.726515
11.690653
11.653368
11.614689
11.574640
11.533249
11.490547
11.446575
11.401363
11.354954
11.307390
11.258713
11.208971
11.158213
11.106490
11.053854
11.000362
10.946072
10.891041
10.835332
10.779008
10.722134
10.664774
10.606998
10.548874
10.490474
10.431870
10.373135
10.314340
10.255561
10.196874
10.138353
10.080077
10.022122
9.964564
9.907480
9.850945
9.795041
9.739839
9.685417
9.631850
9.579212
9.527576
9.477017
9.427604
9.379408
9.332497
9.286938
9.242798
9.200138
9.159023
9.119510
9.081658
9.045523
9.011156
8.978609
8.947929
8.919162
8.892351
8.867533
8.844748
8.824030
8.805408
8.788911
8.774564
8.762386
8.752398
8.744615
8.739046
8.735701
11.333207
11.334740
11.339324
11.346946
11.357557
11.371112
11.387541
11.406763
11.428683
11.453192
11.480170
11.509481
11.540987
11.574528
11.609943
11.647057
11.685696
11.725668
11.766783
11.808844
11.851650
11.895000
11.938696
11.982525
12.026293
12.069796
12.112835
12.155220
12.196764
12.237284
12.276609
12.314571
12.351013
12.385788
12.418760
12.449804
12.478804
12.505657
12.530279
12.552588
12.572525
12.590036
12.605087
12.617657
12.627729
12.635319
12.640432
12.643105
12.643372
12.641298
12.636936
12.630371
12.621683
12.610968
12.598326
12.583878
12.567730
12.550016
12.530857
12.510393
12.488752
12.466078
12.442507
12.418175
12.393225
12.367785
12.341995
12.315981
12.289864
12.263763
12.237795
12.212055
12.186647
12.161648
12.137144
12.113201
12.089880
12.067217
12.045258
12.024021
12.003521
11.983761
11.964725
11.946398
11.928743
11.911713
11.895258
11.879311
11.863794
11.848625
11.833712
11.818951
11.804234
11.789450
11.774475
11.759180
11.743441
11.727127
11.710100
11.692228
11.673380
11.653418
11.632214
11.609640
11.585576
11.559902
11.532507
11.503290
11.472155
11.439013
11.403790
11.366424
11.326855
11.285046
11.240964
11.194594
11.145936
11.095001
11.041813
10.986411
10.928852
10.869205
10.807552
10.743989
10.678631
10.611600
10.543036
10.473088
10.401920
10.329707
10.256634
10.182893
10.108689
10.034236
9.959749
9.885456
9.811584
9.738366
9.666041
9.594843
9.525013
9.456784
9.390394
9.326074
9.264049
9.204540
9.147763
9.093923
9.043218
8.995831
8.951944
8.911719
8.875306
8.842843
8.814454
8.790246
8.770311
8.754727
8.743552
8.736829
11.333207
11.333666
11.335040
11.337346
11.340588
11.344787
11.349968
11.356157
11.363385
11.371683
11.381087
11.391632
11.403360
11.416302
11.430494
11.445965
11.462751
11.480871
11.500343
11.521181
11.543388
11.566961
11.591890
11.618145
11.645702
11.674513
11.704519
11.735657
11.767845
11.800995
11.835005
11.869757
11.905125
11.940973
11.977156
12.013515
12.049885
12.086094
12.121964
12.157305
12.191935
12.225657
12.258282
12.289618
12.319468
12.347656
12.373993
12.398308
12.420427
12.440207
12.457487
12.472145
12.484056
12.493118
12.499243
12.502369
12.502432
12.499411
12.493284
12.484068
12.471783
12.456478
12.438223
12.417101
12.393225
12.366711
12.337711
12.306381
12.272894
12.237438
12.200222
12.161449
12.121349
12.080139
12.038061
11.995352
11.952253
11.908991
11.865808
11.822929
11.780577
11.738964
11.698286
11.658735
11.620481
11.583673
11.548452
11.514931
11.483204
11.453342
11.425396
11.399387
11.375315
11.353161
11.332870
11.314365
11.297552
11.282312
11.268496
11.255939
11.244461
11.233854
11.223898
11.214357
11.204986
11.195522
11.185701
11.175251
11.163893
11.151351
11.137351
11.121627
11.103910
11.083954
11.061515
11.036368
11.008309
10.977152
10.942730
10.904902
10.863554
10.818599
10.769979
10.717664
10.661661
10.602001
10.538752
10.472014
10.401921
10.328634
10.252350
10.173293
10.091720
10.007912
9.922177
9.834850
9.746285
9.656857
9.566958
9.476995
9.387386
9.298557
9.210944
9.124982
9.041104
8.959743
8.881325
8.806261
8.734956
8.667791
8.605139
8.547340
8.494716
8.447560
8.406137
8.370682
8.341393
8.318439
8.301947
8.292013
11.333207
11.334309
11.337602
11.343076
11.350691
11.360410
11.372179
11.385933
11.401599
11.419088
11.438313
11.459171
11.481562
11.505365
11.530470
11.556753
11.584101
11.612385
11.641483
11.671276
11.701643
11.732466
11.763636
11.795036
11.826572
11.858137
11.889641
11.920992
11.952110
11.982922
12.013355
12.043343
12.072826
12.101751
12.130064
12.157722
12.184673
12.210882
12.236307
12.260904
12.284637
12.307463
12.329344
12.350235
12.370085
12.388855
12.406490
12.422935
12.438131
12.452026
12.464542
12.475624
12.485197
12.493189
12.499527
12.504150
12.506968
12.507925
12.506945
12.503969
12.498934
12.491789
12.482489
12.470993
12.457281
12.441328
12.423141
12.402723
12.380098
12.355305
12.328402
12.299450
12.268541
12.235769
12.201256
12.165134
12.127556
12.088667
12.048653
12.007692
11.965982
11.923727
11.881130
11.838411
11.795784
11.753456
11.711647
11.670561
11.630396
11.591343
11.553576
11.517254
11.482519
11.449503
11.418301
11.388983
11.361609
11.336205
11.312761
11.291250
11.271612
11.253756
11.237558
11.222872
11.209521
11.197304
11.185986
11.175322
11.165033
11.154830
11.144406
11.133447
11.121614
11.108582
11.094012
11.077567
11.058927
11.037769
11.013792
10.986709
10.956257
10.922198
10.884323
10.842452
10.796450
10.746207
10.691660
10.632792
10.569624
10.502221
10.430699
10.355219
10.275985
10.193247
10.107298
10.018476
9.927155
9.833748
9.738704
9.642499
9.545641
9.448652
9.352084
9.256496
9.162455
9.070532
8.981301
8.895325
8.813157
8.735331
8.662366
8.594747
8.532928
8.477336
8.428348
8.386305
8.351496
8.324167
8.304507
8.292655
11.333207
11.333097
11.332782
11.332316
11.331774
11.331269
11.330944
11.330961
11.331506
11.332773
11.334983
11.338354
11.343115
11.349480
11.357664
11.367865
11.380270
11.395037
11.412294
11.432149
11.454668
11.479877
11.507778
11.538313
11.571405
11.606916
11.644686
11.684500
11.726120
11.769276
11.813662
11.858946
11.904783
11.950809
11.996651
12.041931
12.086267
12.129297
12.170660
12.210011
12.247038
12.281443
12.312975
12.341404
12.366537
12.388237
12.406391
12.420937
12.431849
12.439156
12.442907
12.443211
12.440195
12.434027
12.424898
12.413042
12.398676
12.382071
12.363482
12.343182
12.321434
12.298502
12.274639
12.250080
12.225050
12.199739
12.174328
12.148958
12.123747
12.098780
12.074121
12.049788
12.025785
12.002077
11.978615
11.955320
11.932106
11.908848
11.885433
11.861729
11.837608
11.812943
11.787601
11.761482
11.734486
11.706522
11.677540
11.647505
11.616404
11.584257
11.551107
11.517031
11.482122
11.446520
11.410366
11.373823
11.337091
11.300369
11.263863
11.227789
11.192364
11.157795
11.124273
11.091978
11.061065
11.031664
11.003866
10.977736
10.953287
10.930495
10.909293
10.889569
10.871149
10.853832
10.837362
10.821437
10.805725
10.789852
10.773413
10.755980
10.737108
10.716344
10.693222
10.667290
10.638107
10.605250
10.568327
10.526985
10.480919
10.429871
10.373646
10.312119
10.245227
10.172991
10.095505
10.012947
9.925573
9.833722
9.737813
9.638339
9.535869
9.431030
9.324524
9.217096
9.109536
9.002672
8.897360
8.794462
8.694855
8.599399
8.508947
8.424314
8.346274
8.275559
8.212833
8.158697
8.113666
8.078178
8.052579
8.037118
11.333207
11.329789
11.319627
11.303025
11.280448
11.252555
11.220162
11.184222
11.145805
11.106067
11.066235
11.027564
10.991319
10.958722
10.930949
10.909083
10.894099
10.886832
10.887952
10.897961
10.917172
10.945689
10.983436
11.030108
11.085235
11.148135
11.217971
11.293742
11.374324
11.458486
11.544913
11.632239
11.719083
11.804070
11.885869
11.963216
12.034942
12.100005
12.157506
12.206702
12.247037
12.278134
12.299821
12.312112
12.315211
12.309522
12.295609
12.274198
12.246148
12.212449
12.174159
12.132421
12.088399
12.043269
11.998183
11.954261
11.912505
11.873866
11.839139
11.808993
11.783938
11.764314
11.750297
11.741876
11.738879
11.740958
11.747613
11.758201
11.771951
11.787990
11.805373
11.823081
11.840085
11.855338
11.867833
11.876605
11.880780
11.879556
11.872279
11.858420
11.837607
11.809634
11.774447
11.732190
11.683160
11.627807
11.566758
11.500766
11.430703
11.357551
11.282359
11.206241
11.130326
11.055762
10.983651
10.915042
10.850921
10.792165
10.739519
10.693601
10.654868
10.623607
10.599930
10.583774
10.574896
10.572884
10.577152
10.586979
10.601491
10.619705
10.640545
10.662863
10.685449
10.707093
10.726582
10.742722
10.754400
10.760560
10.760259
10.752672
10.737107
10.713036
10.680068
10.637997
10.586781
10.526535
10.457544
10.380246
10.295218
10.203164
10.104897
10.001328
9.893431
9.782233
9.668791
9.554165
9.439404
9.325518
9.213470
9.104152
8.998372
8.896843
8.800181
8.708892
8.623366
8.543890
8.470645
8.403705
8.343059
8.288609
8.240199
8.197607
8.160574
8.128820
8.102052
8.079983
8.062339
8.048886
8.039425
8.033809
11.333207
11.324691
11.299390
11.258080
11.201999
11.132846
11.052722
10.964068
10.869598
10.772210
10.674927
10.580796
10.492808
10.413798
10.346384
10.292888
10.255268
10.235062
10.233346
10.250711
10.287237
10.342495
10.415568
10.505059
10.609157
10.725659
10.852057
10.985589
11.123332
11.262273
11.399394
11.531747
11.656550
11.771245
11.873576
11.961640
12.033933
12.089396
12.127429
12.147897
12.151135
12.137925
12.109473
12.067357
12.013473
11.950000
11.879304
11.803876
11.726262
11.648992
11.574483
11.505006
11.442588
11.388978
11.345595
11.313502
11.293334
11.285371
11.289451
11.305036
11.331208
11.366714
11.410012
11.459310
11.512631
11.567878
11.622893
11.675529
11.723701
11.765468
11.799083
11.823018
11.836055
11.837266
11.826085
11.802283
11.766000
11.717694
11.658179
11.588552
11.510179
11.424645
11.333690
11.239194
11.143083
11.047271
10.953649
10.863980
10.779876
10.702756
10.633792
10.573906
10.523720
10.483577
10.453511
10.433264
10.422310
10.419872
10.424946
10.436343
10.452741
10.472707
10.494761
10.517411
10.539207
10.558784
10.574882
10.586411
10.592444
10.592262
10.585363
10.571463
10.550477
10.522557
10.488029
10.447386
10.401281
10.350457
10.295749
10.238024
10.178152
10.116983
10.055286
9.993749
9.932932
9.873254
9.814980
9.758213
9.702894
9.648798
9.595559
9.542682
9.489565
9.435529
9.379848
9.321784
9.260625
9.195711
9.126480
9.052489
8.973449
8.889235
8.799930
8.705805
8.607342
8.505228
8.400352
8.293772
8.186711
8.080518
7.976648
7.876607
7.781924
7.694116
7.614634
7.544835
7.485930
7.438973
7.404805
7.384049
11.333207
11.328656
11.315101
11.292861
11.262444
11.224565
11.180121
11.130181
11.075974
11.018847
10.960278
10.901828
10.845113
10.791768
10.743424
10.701673
10.668016
10.643847
10.630385
10.628680
10.639542
10.663526
10.700919
10.751696
10.815532
10.891772
10.979456
11.077308
11.183778
11.297053
11.415105
11.535712
11.656550
11.775210
11.889287
11.996421
12.094378
12.181115
12.254828
12.314010
12.357511
12.384562
12.394824
12.388389
12.365777
12.327970
12.276343
12.212661
12.139012
12.057776
11.971522
11.882976
11.794892
11.710010
11.630946
11.560140
11.499709
11.451484
11.416850
11.396754
11.391654
11.401494
11.425723
11.463275
11.512631
11.571843
11.638604
11.710309
11.784146
11.857186
11.926482
11.989131
12.042430
12.083903
12.111436
12.123315
12.118304
12.095664
12.055219
11.997336
11.922929
11.833430
11.730729
11.617164
11.495387
11.368302
11.238999
11.110618
10.986251
10.868869
10.761191
10.665625
10.584165
10.518357
10.469221
10.437228
10.422310
10.423838
10.440657
10.471125
10.513186
10.564425
10.622161
10.683524
10.745583
10.805421
10.860232
10.907443
10.944749
10.970232
10.982403
10.980247
10.963227
10.931342
10.885069
10.825356
10.753586
10.671489
10.581100
10.484661
10.384527
10.283096
10.182686
10.085469
9.993380
9.908033
9.830690
9.762180
9.702895
9.652764
9.611270
9.577462
9.550012
9.527248
9.507247
9.487898
9.467000
9.442348
9.411831
9.373520
9.325752
9.267205
9.196970
9.114589
9.020091
8.914012
8.797392
8.671741
8.539015
8.401548
8.261999
8.123243
7.988299
7.860229
7.742033
7.636555
7.546377
7.473754
7.420515
7.388016
11.333207
11.330422
11.322085
11.308274
11.289102
11.264762
11.235524
11.201749
11.163914
11.122607
11.078569
11.032689
10.985995
10.939658
10.894986
10.853395
10.816384
10.785497
10.762270
10.748206
10.744687
10.752938
10.773978
10.808538
10.857053
10.919574
10.995781
11.084931
11.185880
11.297069
11.416566
11.542087
11.671073
11.800742
11.928174
12.050391
12.164456
12.267579
12.357192
12.431052
12.487327
12.524652
12.542212
12.539760
12.517631
12.476783
12.418736
12.345548
12.259753
12.164294
12.062402
11.957526
11.853185
11.752868
11.659911
11.577401
11.507997
11.453948
11.416909
11.397939
11.397443
11.415151
11.450149
11.500867
11.565177
11.640433
11.723586
11.811267
11.899922
11.985936
12.065755
12.135989
12.193582
12.235860
12.260669
12.266423
12.252173
12.217605
12.163100
12.089677
11.998973
11.893178
11.774936
11.647311
11.513606
11.377282
11.241855
11.110749
10.987187
10.874099
10.774006
10.688963
10.620477
10.569488
10.536327
10.520726
10.521852
10.538334
10.568319
10.609556
10.659486
10.715329
10.774190
10.833148
10.889383
10.940248
10.983356
11.016673
11.038545
11.047770
11.043612
11.025818
10.994575
10.950543
10.894764
10.828630
10.753820
10.672206
10.585799
10.496659
10.406799
10.318142
10.232410
10.151094
10.075390
10.006153
9.943892
9.888737
9.840460
9.798479
9.761897
9.729536
9.699999
9.671713
9.643010
9.612184
9.577567
9.537592
9.490860
9.436195
9.372696
9.299768
9.217174
9.125027
9.023813
8.914378
8.797919
8.675939
8.550220
8.422776
8.295795
8.171572
8.052447
7.940750
7.838718
7.748446
7.671808
7.610430
7.565619
7.538337
11.333207
11.331613
11.326779
11.318595
11.306857
11.291352
11.271859
11.248202
11.220298
11.188188
11.152102
11.112489
11.070035
11.025674
10.980603
10.936263
10.894305
10.856545
10.824901
10.801335
10.787761
10.785956
10.797496
10.823638
10.865279
10.922853
10.996311
11.085063
11.187987
11.303416
11.429181
11.562654
11.700835
11.840436
11.977986
12.109948
12.232848
12.343406
12.438645
12.516009
12.573474
12.609609
12.623666
12.615586
12.586022
12.536340
12.468549
12.385242
12.289515
12.184861
12.075017
11.963874
11.855292
11.752999
11.660441
11.580680
11.516223
11.469047
11.440427
11.430957
11.440516
11.468280
11.512778
11.571916
11.643098
11.723302
11.809203
11.897283
11.983962
12.065736
12.139287
12.201570
12.249967
12.282313
12.297004
12.293014
12.269929
12.227925
12.167794
12.090867
11.998973
11.894368
11.779630
11.657632
11.531362
11.403872
11.278190
11.157203
11.043572
10.939679
10.847539
10.768763
10.704516
10.655503
10.621944
10.603595
10.599773
10.609383
10.630949
10.662684
10.702559
10.748347
10.797708
10.848247
10.897610
10.943526
10.983886
11.016805
11.040652
11.054117
11.056227
11.046385
11.024337
10.990237
10.944576
10.888187
10.822212
10.748033
10.667253
10.581617
10.492947
10.403099
10.313864
10.226922
10.143782
10.065710
9.993704
9.928431
9.870223
9.819047
9.774512
9.735883
9.702106
9.671845
9.643540
9.615462
9.585793
9.552691
9.514379
9.469213
9.415770
9.352898
9.279802
9.196074
9.101735
8.997247
8.883536
8.761953
8.634260
8.502577
8.369328
8.237151
8.108831
7.987204
7.875053
7.775036
7.689564
7.620749
7.570312
7.539526
11.333207
11.332639
11.330815
11.327430
11.321971
11.313815
11.302268
11.286635
11.266318
11.240863
11.210068
11.174043
11.133239
11.088483
11.040998
10.992379
10.944560
10.899732
10.860271
10.828649
10.807300
10.798506
10.804290
10.826291
10.865667
10.923006
10.998268
11.090747
11.199082
11.321254
11.454658
11.596168
11.742267
11.889152
12.032878
12.169513
12.295276
12.406701
12.500758
12.574965
12.627505
12.657264
12.663907
12.647859
12.610284
12.553071
12.478715
12.390235
12.291064
12.184916
12.075625
11.967048
11.862876
11.766553
11.681138
11.609227
11.552825
11.513381
11.491672
11.487844
11.501409
11.531283
11.575860
11.633040
11.700355
11.775031
11.854104
11.934497
12.013129
12.087016
12.153354
12.209561
12.253417
12.283048
12.297029
12.294375
12.274592
12.237639
12.183980
12.114526
12.030623
11.934011
11.826745
11.711219
11.589999
11.465812
11.341466
11.219769
11.103423
10.994988
10.896773
10.810783
10.738650
10.681590
10.640345
10.615167
10.605818
10.611559
10.631168
10.662983
10.704968
10.754762
10.809764
10.867213
10.924309
10.978280
11.026490
11.066552
11.096370
11.114244
11.118919
11.109631
11.086089
11.048545
10.997711
10.934757
10.861252
10.779061
10.690312
10.597263
10.502216
10.407444
10.315052
10.226928
10.144655
10.069447
10.002112
9.943016
9.892093
9.848834
9.812338
9.781346
9.754313
9.729463
9.704885
9.678611
9.648705
9.613340
9.570885
9.519967
9.459533
9.388885
9.307733
9.216189
9.114781
9.004431
8.886443
8.762446
8.634357
8.504324
8.374661
8.247778
8.126113
8.012071
7.907947
7.815874
7.737752
7.675216
7.629579
7.601802
11.333207
11.335696
11.342816
11.353587
11.366437
11.379367
11.390098
11.396264
11.395627
11.386260
11.366750
11.336358
11.295117
11.243882
11.184365
11.119065
11.051167
10.984368
10.922697
10.870296
10.831152
10.808889
10.806539
10.826354
10.869653
10.936730
11.026816
11.138091
11.267783
11.412267
11.567264
11.728026
11.889594
12.046998
12.195508
12.330829
12.449279
12.547944
12.624751
12.678512
12.708945
12.716598
12.702794
12.669496
12.619161
12.554635
12.478965
12.395268
12.306617
12.215938
12.125899
12.038915
11.957055
11.882089
11.815469
11.758382
11.711720
11.676198
11.652303
11.640340
11.640435
11.652516
11.676312
11.711284
11.756627
11.811225
11.873616
11.941978
12.014131
12.087581
12.159553
12.227044
12.286988
12.336299
12.372079
12.391704
12.393006
12.374362
12.334859
12.274348
12.193503
12.093833
11.977624
11.847941
11.708413
11.563140
11.416516
11.273021
11.136994
11.012471
10.902972
10.811348
10.739652
10.689072
10.659857
10.651361
10.662090
10.689802
10.731621
10.784215
10.843995
10.907258
10.970395
11.030030
11.083204
11.127435
11.160821
11.182088
11.190549
11.186111
11.169193
11.140652
11.101642
11.053578
10.997961
10.936321
10.870129
10.800698
10.729199
10.656596
10.583656
10.510989
10.439045
10.368172
10.298660
10.230763
10.164742
10.100863
10.039419
9.980694
9.924944
9.872358
9.823012
9.776807
9.733434
9.692335
9.652690
9.613402
9.573134
9.530351
9.483385
9.430531
9.370161
9.300827
9.221388
9.131117
9.029811
8.917846
8.796235
8.666640
8.531343
8.393174
8.255423
8.121698
7.995776
7.881426
7.782219
7.701374
7.641579
7.604859
11.333207
11.333320
11.333518
11.333417
11.332381
11.329606
11.324166
11.315089
11.301450
11.282439
11.257473
11.226289
11.188981
11.146070
11.098548
11.047883
10.995999
10.945214
10.898179
10.857772
10.826953
10.808622
10.805478
10.819839
10.853494
10.907569
10.982412
11.077516
11.191503
11.322101
11.466226
11.620067
11.779258
11.939038
12.094470
12.240663
12.372998
12.487369
12.580346
12.649350
12.692786
12.710082
12.701734
12.669229
12.614961
12.542111
12.454446
12.356114
12.251449
12.144755
12.040082
11.941102
11.850919
11.772019
11.706193
11.654561
11.617543
11.595023
11.586371
11.590579
11.606380
11.632346
11.667014
11.708907
11.756627
11.808848
11.864318
11.921807
11.980075
12.037820
12.093621
12.145869
12.192811
12.232478
12.262803
12.281634
12.286870
12.276549
12.249042
12.203166
12.138335
12.054679
11.953105
11.835418
11.704213
11.562873
11.415456
11.266505
11.120835
10.983310
10.858567
10.750772
10.663371
10.598906
10.558819
10.543402
10.551754
10.581842
10.630583
10.694050
10.767715
10.846683
10.925990
11.000869
11.067045
11.120919
11.159760
11.181821
11.186349
11.173588
11.144674
11.101498
11.046474
10.982396
10.912144
10.838509
10.763992
10.690629
10.619924
10.552775
10.489479
10.429816
10.373114
10.318411
10.264603
10.210593
10.155443
10.098488
10.039419
9.978318
9.915646
9.852188
9.788956
9.727046
9.667503
9.611161
9.558513
9.509581
9.463859
9.420280
9.377249
9.332717
9.284344
9.229645
9.166220
9.091963
9.005292
8.905323
8.792035
8.666374
8.530282
8.386660
8.239264
8.092536
7.951370
7.820850
7.705939
7.611208
7.540541
7.496899
11.333207
11.340914
11.363151
11.397372
11.439589
11.484756
11.527260
11.561434
11.582119
11.585146
11.567774
11.528996
11.469650
11.392414
11.301641
11.203033
11.103207
11.009171
10.927811
10.865366
10.826953
10.816216
10.835110
10.883795
10.960701
11.062719
11.185506
11.323860
11.472172
11.624807
11.776525
11.922773
12.059927
12.185383
12.297564
12.395813
12.480206
12.551325
12.609978
12.656944
12.692787
12.717676
12.731365
12.733185
12.722168
12.697262
12.657539
12.602459
12.532118
12.447462
12.350382
12.243809
12.131588
12.018364
11.909286
11.809711
11.724751
11.658979
11.616003
11.598173
11.606380
11.639940
11.696646
11.772863
11.863834
11.963999
12.067411
12.168152
12.260744
12.340527
12.403921
12.448576
12.473480
12.478823
12.465897
12.436785
12.394077
12.340506
12.278673
12.210760
12.138336
12.062273
11.982737
11.899374
11.811420
11.718023
11.618549
11.512850
11.401505
11.286016
11.168867
11.053479
10.944041
10.845249
10.761912
10.698552
10.658962
10.645798
10.660213
10.701645
10.767715
10.854277
10.955622
11.064825
11.174253
11.276070
11.362854
11.428165
11.467018
11.476295
11.454974
11.404204
11.327143
11.228741
11.115237
10.993659
10.871200
10.754585
10.649555
10.560369
10.489481
10.437410
10.402746
10.382367
10.371809
10.365744
10.358538
10.344832
10.320087
10.281024
10.225945
10.154894
10.069624
9.973391
9.870598
9.766312
9.665719
9.573537
9.493491
9.427876
9.377250
9.340312
9.313976
9.293601
9.273426
9.247113
9.208386
9.151668
9.072703
8.969080
8.840582
8.689365
8.519932
8.338881
8.154465
7.976001
7.813146
7.675164
7.570173
7.504494
11.333207
11.346125
11.383414
11.440871
11.511942
11.588394
11.661163
11.721239
11.760605
11.773029
11.754734
11.704813
11.625336
11.521202
11.399734
11.270021
11.142115
11.026123
10.931355
10.865532
10.834137
10.840049
10.883377
10.961590
11.069853
11.201600
11.349202
11.504723
11.660654
11.810522
11.949392
12.074127
12.183481
12.277916
12.359282
12.430323
12.494116
12.553518
12.610632
12.666407
12.720432
12.770872
12.814659
12.847799
12.865871
12.864611
12.840479
12.791214
12.716272
12.617105
12.497208
12.362028
12.218569
12.074926
11.939604
11.820858
11.725914
11.660450
11.628038
11.629864
11.664648
11.728771
11.816652
11.921219
12.034582
12.148708
12.256111
12.350433
12.426903
12.482641
12.516722
12.530031
12.525017
12.505171
12.474567
12.437241
12.396687
12.355398
12.314627
12.274223
12.232723
12.187584
12.135557
12.073256
11.997585
11.906342
11.798653
11.675276
11.538742
11.393335
11.244841
11.100139
10.966656
10.851742
10.761986
10.702616
10.676990
10.686216
10.728980
10.801587
10.898222
11.011360
11.132360
11.252129
11.361863
11.453697
11.521311
11.560377
11.568811
11.546849
11.496922
11.423335
11.331762
11.228760
11.121072
11.015084
10.916270
10.828745
10.755035
10.695947
10.650610
10.616722
10.590866
10.568948
10.546675
10.520007
10.485594
10.441072
10.385307
10.318443
10.241852
10.157953
10.069916
9.981302
9.895675
9.816205
9.745340
9.684517
9.633997
9.592817
9.558838
9.528922
9.499206
9.465423
9.423292
9.368899
9.299067
9.211654
9.105791
8.982037
8.842396
8.690256
8.530220
8.367849
8.209336
8.061136
7.929566
7.820438
7.738684
7.688058
11.333207
11.338795
11.354997
11.380218
11.411886
11.446644
11.480579
11.509481
11.529188
11.535898
11.526541
11.499104
11.452877
11.388651
11.308813
11.217308
11.119463
11.021671
10.930990
10.854635
10.799397
10.771096
10.774073
10.810783
10.881524
10.984367
11.115258
11.268324
11.436359
11.611399
11.785391
11.950861
12.101524
12.232737
12.341805
12.428045
12.492657
12.538395
12.569054
12.588850
12.601822
12.611208
12.619017
12.625702
12.630110
12.629667
12.620735
12.599173
12.561008
12.503151
12.423988
12.323931
12.205643
12.074104
11.936327
11.800869
11.677021
11.574036
11.500122
11.461596
11.462168
11.502445
11.579796
11.688450
11.820013
11.964201
12.109812
12.245764
12.362141
12.451130
12.507694
12.529942
12.519213
12.479708
12.417931
12.341770
12.259521
12.178831
12.105824
12.044333
11.995502
11.957693
11.926754
11.896688
11.860420
11.810871
11.742016
11.649813
11.532938
11.393246
11.235813
11.068627
10.901895
10.747072
10.615686
10.518108
10.462420
10.453447
10.492124
10.575262
10.695744
10.843092
11.004444
11.165714
11.312970
11.433708
11.518034
11.559555
11.555885
11.508752
11.423703
11.309381
11.176498
11.036718
10.901328
10.780141
10.680506
10.606646
10.559393
10.536283
10.532000
10.539165
10.549288
10.553822
10.545214
10.517730
10.468117
10.395892
10.303350
10.195176
10.077852
9.958830
9.845622
9.744903
9.661730
9.598973
9.557012
9.533710
9.524693
9.523865
9.524098
9.518027
9.498841
9.460970
9.400640
9.316186
9.208146
9.079103
8.933332
8.776327
8.614202
8.453126
8.298803
8.156092
8.028751
7.919386
7.829511
7.759784
7.710266
7.680728
11.333207
11.337717
11.350833
11.371385
11.397444
11.426422
11.455204
11.480288
11.498035
11.504917
11.497837
11.474470
11.433546
11.375126
11.300798
11.213751
11.118696
11.021645
10.929550
10.849825
10.789721
10.755731
10.752975
10.784700
10.851888
10.953098
11.084501
11.240154
11.412498
11.592970
11.772776
11.943638
12.098532
12.232229
12.341696
12.426195
12.487162
12.527857
12.552765
12.566896
12.575068
12.581177
12.587683
12.595222
12.602520
12.606607
12.603220
12.587458
12.554548
12.500677
12.423687
12.323687
12.203333
12.067890
11.924908
11.783661
11.654234
11.546648
11.469746
11.430254
11.432016
11.475475
11.557562
11.671854
11.809183
11.958471
12.107813
12.245615
12.361708
12.448315
12.500729
12.517628
12.501089
12.456110
12.389950
12.311100
12.228224
12.149057
12.079512
12.022947
11.979830
11.947733
11.921721
11.895117
11.860373
11.810196
11.738651
11.642065
11.519716
11.374214
11.211433
11.040097
10.870981
10.715876
10.586340
10.492493
10.441905
10.438698
10.483012
10.570887
10.694550
10.843088
11.003475
11.161757
11.304412
11.419571
11.498108
11.534424
11.526850
11.477651
11.392659
11.280509
11.151613
11.017088
10.887498
10.771855
10.676750
10.605780
10.559381
10.534968
10.527409
10.529774
10.534231
10.533014
10.519363
10.488235
10.436880
10.365055
10.274998
10.171054
10.059122
9.945912
9.838139
9.741726
9.661141
9.598898
9.555304
9.528448
9.514444
9.507884
9.502428
9.491492
9.468936
9.429652
9.370062
9.288398
9.184815
9.061282
8.921318
8.769616
8.611561
8.452762
8.298611
8.153940
8.022781
7.908263
7.812609
7.737271
7.683084
7.650460
11.333207
11.343502
11.373092
11.418298
11.473440
11.531502
11.584938
11.626495
11.650028
11.651125
11.627571
11.579550
11.509542
11.422039
11.323057
11.219536
11.118696
11.027430
10.951809
10.896738
10.865718
10.860810
10.882710
10.930908
11.003881
11.099306
11.214236
11.345234
11.488495
11.639883
11.795034
11.949423
12.098532
12.238014
12.363955
12.473108
12.563158
12.632936
12.682499
12.713104
12.727060
12.727385
12.717417
12.700302
12.678516
12.653521
12.625479
12.593243
12.554548
12.506462
12.445946
12.370600
12.279329
12.172970
12.054642
11.929869
11.806227
11.692856
11.599480
11.535334
11.508013
11.522388
11.579821
11.677639
11.809183
11.964256
12.130072
12.292528
12.437704
12.553394
12.630463
12.663836
12.653082
12.602318
12.519684
12.416180
12.304220
12.195971
12.101770
12.028732
11.979830
11.953518
11.943979
11.942030
11.936369
11.915276
11.868385
11.788273
11.671709
11.520422
11.341167
11.145177
10.946978
10.762789
10.608599
10.498278
10.441906
10.444483
10.505271
10.617802
10.770546
10.948168
11.133209
11.307964
11.456405
11.565779
11.627842
11.639503
11.602846
11.524564
11.414918
11.286294
11.151613
11.022873
10.909758
10.818768
10.752747
10.710861
10.689116
10.681176
10.679399
10.675981
10.663965
10.638094
10.595360
10.535150
10.459139
10.370841
10.274999
10.176839
10.081381
9.992826
9.914135
9.846805
9.790875
9.745106
9.707295
9.674656
9.644178
9.612963
9.578424
9.538406
9.491195
9.435437
9.370063
9.294183
9.207074
9.108196
8.997314
8.874695
8.741295
8.598969
8.450603
8.300148
8.152515
8.013342
7.888605
7.784185
7.705343
7.656245
11.333207
11.333088
11.333180
11.334750
11.339434
11.348669
11.363098
11.382006
11.403042
11.422215
11.434278
11.433447
11.414291
11.372778
11.307213
11.218937
11.112614
10.996056
10.879572
10.774920
10.693908
10.646981
10.641876
10.682607
10.768909
10.896219
11.056251
11.238001
11.429161
11.617567
11.792646
11.946535
12.074800
12.176588
12.254301
12.312780
12.358202
12.396877
12.434078
12.473135
12.514938
12.557838
12.598038
12.630272
12.648745
12.648170
12.624617
12.576185
12.503326
12.408834
12.297445
12.175293
12.049124
11.925627
11.810791
11.709558
11.625557
11.561283
11.518229
11.497196
11.498554
11.522364
11.568407
11.635920
11.723322
11.827818
11.945099
12.069197
12.192621
12.306814
12.402887
12.472586
12.509386
12.509434
12.472353
12.401506
12.303837
12.189112
12.068758
11.954271
11.855572
11.779463
11.728476
11.700373
11.688236
11.681433
11.667200
11.632641
11.566889
11.463156
11.320227
11.143240
10.943545
10.737604
10.545055
10.386200
10.279250
10.237686
10.268169
10.369309
10.531488
10.737789
10.965944
11.191021
11.388558
11.537573
11.623177
11.638330
11.584536
11.471354
11.314902
11.135406
10.954319
10.791413
10.662104
10.575604
10.534002
10.532373
10.559978
10.602207
10.643005
10.667434
10.663870
10.625636
10.551800
10.446962
10.320276
10.183752
10.050214
9.931211
9.835253
9.766627
9.724953
9.705522
9.700346
9.699676
9.693751
9.674440
9.636497
9.578277
9.501718
9.411709
9.314915
9.218295
9.127628
9.046266
8.974401
8.908942
8.844049
8.772281
8.686070
8.579364
8.449072
8.296122
8.125839
7.947659
7.774096
7.619217
7.496739
7.418144
11.333207
11.330247
11.322345
11.312232
11.303691
11.300591
11.305839
11.320405
11.342740
11.368611
11.391543
11.403752
11.397414
11.366141
11.306357
11.218341
11.106709
10.980250
10.851089
10.733315
10.641145
10.587078
10.580156
10.624733
10.719835
10.859282
11.032558
11.226228
11.425792
11.617541
11.790292
11.936606
12.053443
12.142047
12.207246
12.256175
12.296769
12.336225
12.379670
12.429288
12.484031
12.539870
12.590631
12.629109
12.648362
12.642961
12.609857
12.548911
12.462869
12.356948
12.237985
12.113503
11.990678
11.875585
11.772668
11.684680
11.612815
11.557342
11.518132
11.495284
11.489501
11.502152
11.535075
11.589910
11.667411
11.766599
11.884139
12.014018
12.147683
12.274693
12.383807
12.464374
12.507873
12.509219
12.467797
12.387769
12.277764
12.149816
12.017777
11.895297
11.793757
11.720489
11.677495
11.661077
11.662164
11.667695
11.662644
11.632426
11.565375
11.454944
11.301147
11.111119
10.898607
10.682426
10.484096
10.324980
10.223339
10.191677
10.234837
10.349099
10.522434
10.735877
10.965848
11.187079
11.375816
11.512694
11.585053
11.588288
11.526090
11.409565
11.255442
11.083519
10.913861
10.764139
10.647345
10.570394
10.533621
10.531212
10.552571
10.584239
10.612099
10.623587
10.609461
10.564983
10.490368
10.390356
10.273220
10.149212
10.028857
9.921282
9.832899
9.766603
9.721582
9.693748
9.676653
9.662739
9.644677
9.616567
9.574779
9.518373
9.448956
9.370104
9.286432
9.202489
9.121724
9.045671
8.973546
8.902306
8.827173
8.742586
8.643335
8.525761
8.388770
8.234522
8.068580
7.899580
7.738354
7.596699
7.485904
7.415304
11.333207
11.339617
11.357944
11.385657
11.418961
11.453331
11.484159
11.507292
11.519461
11.518469
11.503229
11.473610
11.430176
11.373976
11.306431
11.229376
11.145233
11.057276
10.969909
10.888845
10.820937
10.773822
10.755146
10.771622
10.827909
10.925607
11.062576
11.232656
11.426081
11.630371
11.831825
12.017256
12.175776
12.300270
12.388376
12.442631
12.469904
12.480062
12.484108
12.492123
12.511404
12.545029
12.591280
12.643856
12.692987
12.727255
12.735655
12.709730
12.645201
12.542973
12.409142
12.254211
12.091463
11.934977
11.797497
11.688705
11.613966
11.574127
11.565924
11.583237
11.618717
11.665462
11.718472
11.775360
11.836470
11.904106
11.981262
12.070021
12.170074
12.277723
12.385605
12.483316
12.558899
12.600838
12.600376
12.553461
12.462088
12.334551
12.184620
12.029533
11.887211
11.773159
11.697559
11.663248
11.664747
11.688910
11.716972
11.727715
11.701256
11.622908
11.486256
11.294996
11.063123
10.813330
10.573879
10.374380
10.241188
10.193132
10.238346
10.372696
10.580126
10.834831
11.104963
11.357201
11.561572
11.695576
11.747131
11.715803
11.612211
11.455764
11.271192
11.084401
10.918436
10.790227
10.708452
10.673006
10.675901
10.703373
10.738829
10.765988
10.771631
10.747659
10.691931
10.608051
10.504139
10.390807
10.278996
10.177895
10.093432
10.027539
9.978271
9.940681
9.908200
9.874225
9.833542
9.783320
9.723512
9.656585
9.586696
9.518536
9.456070
9.401482
9.354519
9.312371
9.270107
9.221541
9.160379
9.081379
8.981319
8.859635
8.718557
8.562810
8.398957
8.234541
8.077165
7.933748
7.809991
7.710180
7.637213
7.592841
11.333207
11.327130
11.310721
11.289022
11.269004
11.257771
11.260653
11.279590
11.312226
11.351905
11.388673
11.411061
11.408298
11.372565
11.300824
11.195823
11.066077
10.924798
10.788016
10.672220
10.591825
10.557196
10.573256
10.639143
10.748753
10.892055
11.056971
11.231246
11.404202
11.567822
11.717269
11.850692
11.968541
12.072568
12.164870
12.247071
12.319947
12.383428
12.436887
12.479636
12.511403
12.532542
12.544059
12.547221
12.543031
12.531695
12.512149
12.482028
12.437966
12.376409
12.294585
12.191663
12.069585
11.933566
11.791890
11.655152
11.534810
11.441649
11.384032
11.366611
11.389606
11.448836
11.536580
11.642882
11.757314
11.870553
11.975656
12.068610
12.148196
12.215175
12.271049
12.316752
12.351665
12.373136
12.376870
12.357902
12.312131
12.237916
12.137399
12.017047
11.887210
11.760673
11.650338
11.566613
11.514791
11.493350
11.493466
11.500012
11.494021
11.456344
11.371699
11.232448
11.041244
10.811919
10.568274
10.340826
10.162031
10.060656
10.056456
10.156070
10.351013
10.618207
10.923072
11.224723
11.482416
11.662023
11.741525
11.714393
11.590333
11.393215
11.156635
10.917837
10.711203
10.562525
10.484947
10.477448
10.525946
10.606739
10.691607
10.753502
10.771630
10.735172
10.644709
10.511417
10.354183
10.195249
10.055490
9.950191
9.886198
9.860975
9.863715
9.878132
9.886322
9.872814
9.827935
9.749767
9.644355
9.524108
9.404805
9.301909
9.226957
9.184855
9.172628
9.179894
9.190950
9.187988
9.154773
9.079968
8.959441
8.797087
8.604001
8.396246
8.191723
8.006839
7.853659
7.738189
7.660035
7.613544
7.589991
7.580355
11.333207
11.332030
11.329166
11.326456
11.326388
11.331355
11.342860
11.360806
11.383075
11.405454
11.422078
11.426234
11.411456
11.372766
11.307818
11.217761
11.107579
10.985864
10.864026
10.755023
10.671670
10.625027
10.622854
10.668598
10.760908
10.893842
11.057768
11.240666
11.429822
11.613393
11.781829
11.928796
12.051545
12.150672
12.229430
12.292642
12.345567
12.392848
12.437684
12.481423
12.523559
12.561997
12.593657
12.615052
12.622876
12.614499
12.588159
12.543094
12.479468
12.398347
12.301579
12.191863
12.072743
11.948739
11.825295
11.708701
11.605659
11.522866
11.466239
11.440194
11.446990
11.486270
11.555024
11.647782
11.757314
11.875453
11.994100
12.106044
12.205581
12.288758
12.353255
12.397969
12.422513
12.426684
12.410275
12.373075
12.315289
12.238116
12.144393
12.038985
11.928712
11.821738
11.726348
11.649417
11.594636
11.561181
11.543065
11.529468
11.506177
11.458131
11.372497
11.241868
11.066863
10.857490
10.632833
10.418930
10.245035
10.138760
10.121015
10.201640
10.376633
10.627625
10.923869
11.226510
11.494572
11.691478
11.791123
11.782224
11.670178
11.476019
11.232645
10.978903
10.752705
10.584463
10.491941
10.477649
10.529104
10.621910
10.725013
10.807051
10.842479
10.816389
10.726916
10.585001
10.411568
10.232682
10.073936
9.955093
9.886198
9.865876
9.882160
9.915565
9.943707
9.946398
9.910142
9.830984
9.715203
9.577658
9.438210
9.317082
9.230117
9.185056
9.179623
9.201833
9.232452
9.249054
9.230783
9.162772
9.039286
8.864918
8.653600
8.425700
8.203878
8.008626
7.854456
7.747609
7.685655
7.659115
7.654550
7.658458
11.333207
11.330770
11.324447
11.316963
11.312022
11.313259
11.323131
11.341954
11.367387
11.394412
11.415978
11.424113
11.411334
11.372155
11.304355
11.209809
11.094646
10.968728
10.844539
10.735635
10.654803
10.612465
10.615280
10.665424
10.760424
10.893651
11.055401
11.234206
11.418397
11.597396
11.762820
11.909104
12.033671
12.136655
12.220325
12.288251
12.344489
12.392840
12.436229
12.476371
12.513679
12.547290
12.575353
12.595300
12.604194
12.599130
12.577504
12.537351
12.477582
12.398278
12.300828
12.188100
12.064408
11.935439
11.807902
11.689132
11.586383
11.506280
11.454053
11.432996
11.444097
11.485898
11.554751
11.645158
11.750487
11.863645
11.977803
12.086894
12.185943
12.271119
12.339595
12.389251
12.418441
12.425776
12.410245
12.371409
12.309896
12.227849
12.129352
12.020486
11.908952
11.803239
11.711307
11.639150
11.589242
11.559516
11.543035
11.528560
11.502105
11.449412
11.358836
11.224229
11.047225
10.838340
10.616537
10.407122
10.238208
10.136133
10.120741
10.201269
10.373737
10.620427
10.911683
11.209924
11.475296
11.671908
11.773730
11.768924
11.661843
11.472256
11.231894
10.978834
10.750818
10.578720
10.481287
10.462279
10.510422
10.602158
10.706708
10.792343
10.832599
10.811337
10.725461
10.584993
10.410490
10.228292
10.064831
9.941076
9.868325
9.846185
9.863153
9.899569
9.932281
9.939938
9.907775
9.830794
9.714720
9.574484
9.430636
9.304521
9.213251
9.165667
9.160136
9.184698
9.219520
9.241101
9.227319
9.162161
9.039164
8.862797
8.647500
8.414659
8.188191
7.989774
7.834726
7.729514
7.671289
7.649623
7.649832
7.657198
11.333207
11.341232
11.363427
11.394683
11.428070
11.456703
11.475515
11.482372
11.478212
11.466146
11.449854
11.431755
11.411570
11.385845
11.348667
11.293503
11.215670
11.114784
10.996453
10.872631
10.760196
10.678245
10.644316
10.670669
10.761363
10.910953
11.105241
11.323828
11.544121
11.745632
11.913799
12.042303
12.133448
12.196543
12.244808
12.291534
12.346596
12.414118
12.491762
12.571838
12.643797
12.697264
12.724936
12.724350
12.698210
12.653227
12.597755
12.539124
12.481314
12.423870
12.362181
12.289295
12.198589
12.086697
11.955635
11.813709
11.674528
11.554722
11.470417
11.433716
11.449900
11.516117
11.622015
11.751926
11.888374
12.015722
12.123245
12.206699
12.268145
12.314077
12.352442
12.389383
12.426750
12.460905
12.483475
12.483562
12.451107
12.380278
12.272078
12.135250
11.985174
11.840919
11.721025
11.639166
11.600475
11.599808
11.622250
11.645876
11.646240
11.601725
11.498434
11.333715
11.117468
10.870979
10.623539
10.407490
10.252766
10.181810
10.205922
10.323496
10.520380
10.772152
11.047764
11.313927
11.539596
11.699776
11.778442
11.770111
11.680107
11.523505
11.322986
11.105687
10.899530
10.729392
10.613480
10.560627
10.568851
10.625553
10.709570
10.794814
10.854925
10.868314
10.822372
10.716161
10.560829
10.377452
10.192793
10.033634
9.920994
9.865431
9.864618
9.903776
9.959002
10.002761
10.010378
9.965937
9.866225
9.721684
9.554047
9.391187
9.260304
9.181116
9.160666
9.191088
9.250940
9.309853
9.335452
9.300916
9.191373
9.007599
8.766068
8.495368
8.229810
8.001801
7.834786
7.738515
7.707686
7.724349
7.763298
7.799179
11.333207
11.335909
11.343699
11.355718
11.370703
11.387192
11.403698
11.418768
11.430916
11.438450
11.439272
11.430758
11.409801
11.373180
11.318188
11.243546
11.150309
11.042633
10.928132
10.817621
10.724065
10.660993
10.640377
10.670559
10.754462
10.888648
11.063457
11.264231
11.473627
11.674368
11.852119
11.997738
12.108482
12.187885
12.244364
12.288784
12.331701
12.380821
12.439228
12.504900
12.571535
12.630325
12.672401
12.691053
12.683315
12.650476
12.597311
12.530466
12.456348
12.379305
12.300501
12.218031
12.128096
12.027100
11.913853
11.791405
11.667627
11.554611
11.466478
11.416464
11.413769
11.461107
11.553692
11.679775
11.823013
11.965765
12.092766
12.194035
12.266376
12.313080
12.341860
12.361687
12.379454
12.397301
12.411657
12.414051
12.393740
12.341312
12.252350
12.129927
11.985174
11.835596
11.701298
11.600201
11.543108
11.530296
11.550432
11.582272
11.598944
11.574028
11.487852
11.332718
11.115700
10.858315
10.593060
10.357533
10.187404
10.109661
10.137598
10.268487
10.484249
10.754900
11.043825
11.313816
11.532695
11.677471
11.736660
11.710514
11.609613
11.452241
11.261306
11.061122
10.874565
10.720735
10.613035
10.557877
10.553957
10.592257
10.657036
10.727876
10.782663
10.801375
10.769838
10.682864
10.545935
10.374701
10.192347
10.024977
9.896028
9.820866
9.802938
9.832513
9.888508
9.943165
9.968595
9.943632
9.859325
9.721573
9.550109
9.373934
9.224174
9.126107
9.092341
9.118937
9.185578
9.259895
9.304974
9.288250
9.189605
9.006600
8.755486
8.467671
8.182514
7.938196
7.762969
7.669003
7.650318
7.685383
7.743570
7.793855
11.333207
11.305203
11.230565
11.134447
11.049708
11.006355
11.021791
11.094892
11.205865
11.321830
11.406474
11.430718
11.381124
11.263501
11.100707
10.925481
10.770619
10.659724
10.601424
10.588801
10.603930
10.626041
10.640224
10.643846
10.648205
10.674965
10.748370
10.885756
11.089789
11.344880
11.619546
11.874059
12.071315
12.187547
12.219550
12.185914
12.121825
12.068757
12.062041
12.120206
12.239320
12.394011
12.545150
12.651610
12.682715
12.627498
12.497792
12.324401
12.147353
12.003476
11.915025
11.883140
11.888059
11.896251
11.872073
11.790467
11.646415
11.458407
11.264230
11.110582
11.039366
11.074924
11.216180
11.436030
11.688542
11.921590
12.091416
12.174523
12.173451
12.114652
12.039134
11.988782
11.992635
12.057223
12.164226
12.275935
12.347112
12.339477
12.234473
12.040238
11.790566
11.536069
11.329959
11.212821
11.200521
11.279197
11.408648
11.533134
11.596547
11.557717
11.401362
11.141931
10.819410
10.488611
10.205194
10.012491
9.932659
9.964190
10.085895
10.265453
10.469437
10.671567
10.856858
11.020804
11.164692
11.289193
11.389224
11.452147
11.460435
11.397917
11.257566
11.047735
10.794345
10.537584
10.323339
10.191641
10.165342
10.242485
10.395073
10.574974
10.725663
10.796854
10.757810
10.605713
10.366594
10.088358
9.827946
9.636101
9.543980
9.555329
9.646297
9.772785
9.883130
9.932424
9.894465
9.768099
9.576368
9.359071
9.161044
9.019670
8.955093
8.965711
9.029833
9.112631
9.176053
9.188745
9.133240
9.008714
8.829067
8.617423
8.399069
8.195075
8.018350
7.872856
7.755662
7.660623
7.582098
7.517439
7.467488
7.435346
11.333207
11.313600
11.261323
11.193993
11.134767
11.105049
11.117650
11.172399
11.255691
11.343974
11.410266
11.431676
11.395717
11.303607
11.169600
11.016736
10.870271
10.750979
10.670318
10.628907
10.618523
10.626999
10.644015
10.665990
10.698030
10.752473
10.844230
10.984450
11.174848
11.404426
11.650304
11.882455
12.071315
12.195943
12.250308
12.245460
12.206883
12.167451
12.157901
12.197713
12.289145
12.416156
12.548942
12.652568
12.697309
12.667603
12.566686
12.415656
12.247005
12.094731
11.983918
11.923245
11.902652
11.897208
11.875865
11.812612
11.696240
11.535914
11.360089
11.209276
11.124424
11.134470
11.246938
11.444427
11.688542
11.929986
12.122174
12.234069
12.258510
12.213346
12.134994
12.066289
12.042460
12.079368
12.168017
12.276893
12.361705
12.379582
12.303367
12.131494
11.890218
11.627324
11.398852
11.252927
11.215114
11.280154
11.412440
11.555278
11.646373
11.635224
11.497222
11.240624
10.904469
10.548157
10.235951
10.020889
9.932658
9.972586
10.116652
10.325000
10.554493
10.770261
10.952718
11.098311
11.214518
11.311337
11.393016
11.453105
11.475028
11.438023
11.326460
11.138990
10.893996
10.628839
10.392233
10.231746
10.179935
10.243441
10.398865
10.597118
10.775489
10.874361
10.853669
10.704407
10.451653
10.147904
9.858704
9.644497
9.543979
9.563726
9.677054
9.832332
9.968188
10.031118
9.990324
9.845606
9.626194
9.381214
9.164837
9.020627
8.969687
9.005816
9.098726
9.203885
9.275705
9.279999
9.202133
9.048819
8.843660
8.618380
8.402862
8.217218
8.068175
7.950364
7.851521
7.759317
7.667156
7.576985
7.498246
7.443743
11.333207
11.311616
11.254100
11.180157
11.115319
11.083008
11.096963
11.156529
11.246371
11.340583
11.410054
11.430751
11.390441
11.291909
11.151713
10.995116
10.848716
10.733264
10.658837
10.623816
10.617682
10.626741
10.640468
10.656457
10.681967
10.731682
10.822211
10.965144
11.161222
11.397405
11.648442
11.882453
12.069205
12.188516
12.236262
12.225873
12.184823
12.146873
12.142228
12.188607
12.285911
12.415984
12.547927
12.647107
12.685395
12.649549
12.545005
12.394172
12.229465
12.083467
11.979009
11.922486
11.902347
11.893498
11.866117
11.796357
11.675349
11.513925
11.340930
11.195862
11.117605
11.132727
11.246930
11.442187
11.680909
11.915732
12.102450
12.211993
12.238042
12.197871
12.126101
12.063205
12.042325
12.078259
12.162368
12.264762
12.343482
12.357846
12.281955
12.114129
11.879170
11.622594
11.398170
11.252568
11.211242
11.270190
11.395995
11.534291
11.624413
11.616214
11.484019
11.234004
10.902842
10.548138
10.233580
10.013048
9.918197
9.952730
10.094566
10.304648
10.539217
10.761580
10.949782
11.098207
11.213314
11.305497
11.380670
11.434720
11.453238
11.416687
11.309275
11.128160
10.889441
10.628229
10.391819
10.227707
10.169755
10.226807
10.377786
10.575195
10.756629
10.861372
10.847247
10.702890
10.451618
10.145397
9.850655
9.629831
9.523993
9.541634
9.656821
9.817258
9.959720
10.028328
9.990248
9.844301
9.620162
9.368653
9.146291
8.998789
8.948433
8.988812
9.088113
9.199506
9.275165
9.279523
9.197926
9.038422
8.826840
8.597211
8.380980
8.198514
8.055400
7.944138
7.850112
7.759264
7.664510
7.568727
7.483376
7.423632
11.333207
11.325921
11.305858
11.278210
11.250825
11.232819
11.232469
11.254582
11.298129
11.354888
11.410054
11.445056
11.442199
11.389962
11.287219
11.144927
10.984221
10.831317
10.710595
10.638124
10.617681
10.641047
10.692225
10.754510
10.817473
10.881494
10.957717
11.063197
11.212979
11.411710
11.648442
11.896758
12.120963
12.286569
12.371768
12.375684
12.320329
12.244925
12.193986
12.202912
12.285911
12.430289
12.599685
12.745160
12.820901
12.799359
12.680511
12.492225
12.281222
12.097772
11.979009
11.936791
11.954104
11.991551
12.001622
11.946168
11.810855
11.611978
11.392688
11.210167
11.117605
11.147032
11.298688
11.540240
11.816415
12.065543
12.237956
12.310046
12.289800
12.212176
12.126101
12.077510
12.094083
12.176312
12.297873
12.414573
12.478988
12.455899
12.333713
12.128434
11.879170
11.636899
11.449927
11.350621
11.346747
11.420001
11.531501
11.632344
11.676171
11.630519
11.484019
11.248309
10.954599
10.646191
10.369085
10.162859
10.053701
10.050783
10.146325
10.318954
10.539219
10.775886
11.001540
11.196259
11.348820
11.455308
11.516175
11.532773
11.504996
11.430992
11.309275
11.142466
10.941199
10.726282
10.527325
10.377518
10.305260
10.324860
10.429543
10.589499
10.756629
10.875677
10.899005
10.800943
10.587124
10.295207
9.986159
9.727882
9.575752
9.555940
9.656821
9.831564
10.011478
10.126380
10.125751
9.994112
9.755667
9.466705
9.198050
9.013095
8.948433
9.003119
9.139872
9.297558
9.410669
9.429334
9.333430
9.136474
8.878599
8.611517
8.380980
8.212820
8.107159
8.042190
7.985617
7.909075
7.800014
7.666780
7.535134
7.437938
11.333207
11.316188
11.270869
11.212683
11.161855
11.137003
11.149180
11.198117
11.271909
11.350074
11.409131
11.428931
11.397943
11.316049
11.194140
11.050948
10.907971
10.784236
10.692302
10.636566
10.614025
10.617306
10.638558
10.673203
10.722017
10.791118
10.889588
11.025466
11.201472
11.411626
11.640349
11.864469
12.058101
12.199147
12.275760
12.290538
12.261094
12.216147
12.187863
12.202458
12.271844
12.388846
12.528197
12.653138
12.726182
12.720870
12.630603
12.471660
12.278872
12.095120
11.957665
11.885942
11.874892
11.896621
11.909987
11.875506
11.770345
11.598573
11.392354
11.203575
11.087959
11.086884
11.212951
11.444203
11.729541
12.003579
12.206553
12.302468
12.289651
12.200051
12.087447
12.008529
12.003270
12.081014
12.217252
12.361842
12.456056
12.452596
12.331910
12.109395
11.831147
11.559892
11.355683
11.257878
11.273633
11.376685
11.516076
11.631597
11.670938
11.603454
11.426627
11.164388
10.858702
10.557722
10.304440
10.128777
10.044530
10.050774
10.136015
10.283056
10.472818
10.686431
10.905828
11.113618
11.293283
11.429923
11.511764
11.531657
11.488162
11.385796
11.234571
11.049070
10.847503
10.650801
10.481186
10.359961
10.303932
10.320833
10.404984
10.534896
10.674649
10.780085
10.809081
10.733675
10.550312
10.284307
9.986122
9.719257
9.542569
9.492183
9.568869
9.735601
9.926938
10.068065
10.097834
9.988441
9.755075
9.451966
9.155671
8.940788
8.856042
8.908628
9.062118
9.248591
9.390873
9.427265
9.330462
9.114342
8.826808
8.531594
8.285856
8.121589
8.037333
8.002608
7.972857
7.908843
7.792937
7.636259
7.474075
7.351624
11.333207
11.298465
11.207585
11.095564
11.005742
10.973478
11.013009
11.112321
11.237878
11.346974
11.402846
11.386714
11.302472
11.172870
11.029284
10.899751
10.799905
10.730254
10.680137
10.635993
10.589846
10.544453
10.512869
10.513193
10.560947
10.662695
10.813510
10.998948
11.200456
11.401099
11.589387
11.759503
11.908755
12.034101
12.130427
12.191876
12.216018
12.208564
12.185582
12.171012
12.189288
12.255181
12.365367
12.495610
12.606147
12.654420
12.610824
12.471595
12.263106
12.034974
11.843516
11.731357
11.710797
11.758027
11.820954
11.838817
11.766303
11.593471
11.352933
11.111317
10.947027
10.922344
11.060004
11.333074
11.672496
11.989665
12.206298
12.280536
12.220010
12.077157
11.928620
11.846517
11.872190
12.001698
12.188312
12.360255
12.447057
12.404603
12.230083
11.962007
11.666036
11.412503
11.253856
11.209886
11.264634
11.375098
11.487136
11.552281
11.539857
11.441442
11.267800
11.041493
10.789061
10.535789
10.304186
10.114864
9.987485
9.939644
9.983069
10.118519
10.331886
10.594172
10.866406
11.108516
11.289242
11.393233
11.422730
11.393064
11.324067
11.231211
11.120422
10.988924
10.831737
10.650737
10.461407
10.293510
10.183897
10.163305
10.242155
10.401231
10.592093
10.748638
10.806800
10.726091
10.505236
10.185645
9.840791
9.554211
9.393225
9.387218
9.517905
9.725075
9.925921
10.041548
10.021755
9.860022
9.594005
9.291958
9.029981
8.867936
8.831861
8.908056
9.049952
9.194610
9.282806
9.276067
9.165605
8.971164
8.731338
8.489377
8.279572
8.118489
8.003303
7.916811
7.836686
7.745318
7.636824
7.519140
7.410791
7.333901
11.333207
11.276547
11.129869
10.953495
10.819983
10.784529
10.862813
11.025231
11.209598
11.346509
11.386575
11.318189
11.168969
10.991162
10.838033
10.741944
10.703351
10.694953
10.678281
10.624593
10.530241
10.419870
10.336035
10.320549
10.396120
10.556677
10.770599
10.994790
11.193107
11.350060
11.473996
11.588313
11.715648
11.862910
12.015037
12.140838
12.208669
12.204406
12.142671
12.064994
12.024461
12.062539
12.188531
12.371028
12.546542
12.643020
12.608968
12.436294
12.166553
11.877168
11.652265
11.549649
11.577294
11.689502
11.804683
11.838351
11.738023
11.506381
11.202737
10.922367
10.761270
10.780276
10.982286
11.311156
11.672496
11.967748
12.128581
12.138467
12.034251
11.888207
11.778424
11.759427
11.843909
12.001233
12.172040
12.291730
12.313554
12.222896
12.038831
11.804200
11.569482
11.377202
11.252000
11.198485
11.205029
11.250516
11.310300
11.359639
11.375030
11.335423
11.224889
11.037335
10.781711
10.484750
10.188795
9.943672
9.794377
9.768452
9.867679
10.067480
10.324537
10.590014
10.823495
11.002498
11.124414
11.200591
11.245894
11.268481
11.264462
11.219810
11.118567
10.953623
10.735183
10.492929
10.270153
10.111803
10.050394
10.094780
10.225883
10.400766
10.563813
10.661549
10.656604
10.537142
10.319477
10.043576
9.763074
9.532293
9.393225
9.365302
9.440188
9.583006
9.740164
9.852599
9.871559
9.772932
9.565724
9.291493
9.013708
8.799411
8.698359
8.726350
8.858699
9.036802
9.186253
9.240767
9.163750
8.959763
8.671733
8.364795
8.102736
7.925846
7.838475
7.810793
7.793775
7.741161
7.629474
7.468102
7.295401
7.162710
11.333207
11.240952
11.004542
10.727301
10.530120
10.498704
10.646798
10.911347
11.181224
11.346051
11.343060
11.181277
10.933076
10.698133
10.557090
10.536523
10.600694
10.673060
10.676452
10.572512
10.381674
10.174816
10.040730
10.045307
10.201641
10.464965
10.754408
10.990685
11.131866
11.189837
11.220376
11.291636
11.446887
11.679660
11.933917
12.129529
12.201398
12.133466
11.970862
11.803454
11.727326
11.801000
12.016723
12.300088
12.539271
12.631711
12.527848
12.253043
11.897792
11.580491
11.398644
11.389426
11.516053
11.685397
11.788491
11.746638
11.543546
11.231139
10.907432
10.677313
10.612702
10.728195
10.980458
11.289264
11.569839
11.762326
11.847638
11.845437
11.798358
11.751296
11.734910
11.758969
11.815536
11.887349
11.956025
12.005904
12.023690
11.996701
11.913505
11.768605
11.569482
11.341607
11.126674
10.972291
10.915166
10.964690
11.094285
11.245755
11.346656
11.334966
11.181375
10.900424
10.545818
10.191719
9.907852
9.738251
9.691720
9.746559
9.865851
10.015398
10.175970
10.344960
10.528190
10.727256
10.929937
11.108878
11.229703
11.264377
11.203221
11.059587
10.864946
10.656946
10.466422
10.309679
10.189035
10.100494
10.043123
10.023842
10.054074
10.139226
10.266680
10.400009
10.484796
10.466202
10.312206
10.032266
9.681955
9.349045
9.124464
9.068624
9.186568
9.422782
9.678923
9.848492
9.855368
9.681219
9.371247
9.016252
8.718402
8.554357
8.549791
8.674270
8.856871
9.014910
9.083595
9.035345
8.882808
8.666733
8.435840
8.227884
8.059222
7.925389
7.810102
7.696908
7.577759
7.455336
7.339610
7.241908
7.170074
7.127115
11.333207
11.241349
11.005927
10.729769
10.533216
10.501657
10.648911
10.912345
11.181396
11.346103
11.343759
11.183063
10.935840
10.701272
10.559812
10.538247
10.601340
10.673097
10.676652
10.573566
10.383844
10.177799
10.043810
10.047724
10.202965
10.465322
10.754410
10.991124
11.133311
11.192355
11.223485
11.294560
11.448941
11.680600
11.934062
12.129596
12.202147
12.135312
11.973664
11.806592
11.730006
11.802661
12.017320
12.300113
12.539502
12.632825
12.530076
12.256051
11.900855
11.582854
11.399907
11.389745
11.516059
11.685880
11.790000
11.749204
11.546666
11.234031
10.909427
10.678198
10.612823
10.728281
10.981261
11.291169
11.572679
11.765458
11.850274
11.847037
11.798907
11.751311
11.735175
11.760142
11.817819
11.890380
11.959067
12.008214
12.024894
11.996984
11.913516
11.769132
11.571052
11.344220
11.129802
10.975148
10.917102
10.965520
11.094382
11.245864
11.347512
11.336932
11.184249
10.903548
10.548409
10.193258
9.908357
9.738258
9.692019
9.747793
9.868188
10.018451
10.178989
10.347215
10.529334
10.727504
10.929956
11.109452
11.231334
11.267034
11.206355
11.062408
10.866823
10.657722
10.466498
10.309811
10.189947
10.102520
10.046032
10.026957
10.056617
10.140704
10.267139
10.400011
10.485133
10.467495
10.314596
10.035337
9.684951
9.351244
9.125548
9.068840
9.186599
9.423405
9.680615
9.851194
9.858507
9.684002
9.373062
9.016975
8.718461
8.554514
8.550760
8.676353
8.859810
9.018013
9.086088
9.036761
8.883224
8.666733
8.436215
8.229239
8.061664
7.928478
7.813070
7.699050
7.578785
7.455521
7.339653
7.242580
7.171828
7.129858
11.333207
11.231040
10.970166
10.666939
10.456081
10.430586
10.601047
10.892501
11.179498
11.342538
11.319804
11.130826
10.862458
10.625119
10.500731
10.507012
10.593930
10.672828
10.663049
10.533237
10.317600
10.100218
9.975497
10.004357
10.186972
10.464576
10.748692
10.962853
11.076888
11.117143
11.148828
11.239509
11.422128
11.675653
11.932990
12.112350
12.157271
12.066031
11.896173
11.741446
11.691201
11.790196
12.017201
12.291783
12.506768
12.572461
12.453538
12.183389
11.850059
11.560296
11.396955
11.387347
11.494872
11.636540
11.718108
11.672339
11.485051
11.199786
10.900130
10.678169
10.601457
10.691000
10.917254
11.213828
11.502479
11.719083
11.831744
11.845580
11.794679
11.725938
11.681520
11.686097
11.742106
11.832614
11.929322
12.001676
12.024417
11.982203
11.871667
11.701831
11.493442
11.276919
11.087953
10.960368
10.916625
10.958982
11.064637
11.188098
11.271800
11.262887
11.130593
10.878175
10.544180
10.191803
9.889828
9.691883
9.621820
9.670450
9.804180
9.981170
10.167624
10.347186
10.520038
10.693259
10.868341
11.032588
11.159442
11.217694
11.185168
11.060011
10.863871
10.635164
10.415702
10.237148
10.113409
10.042156
10.013298
10.018627
10.056497
10.128240
10.228334
10.334866
10.407641
10.398214
10.269720
10.018092
9.683878
9.346296
9.098735
9.013788
9.111942
9.348192
9.624193
9.822922
9.852789
9.683256
9.357066
8.973609
8.650148
8.476933
8.484515
8.636024
8.846207
9.017745
9.078677
9.005527
8.824143
8.590579
8.362834
8.177002
8.037709
7.924914
7.811172
7.679206
7.530921
7.384450
7.262520
7.179751
7.136068
7.119549
11.333207
11.260226
11.070617
10.840946
10.664870
10.615963
10.717891
10.933951
11.180785
11.361316
11.403962
11.291751
11.068681
10.819879
10.633668
10.562280
10.599048
10.683309
10.731416
10.679693
10.518753
10.302137
10.123825
10.074656
10.198363
10.469076
10.802158
11.093808
11.270591
11.323825
11.311471
11.325683
11.442096
11.676639
11.972816
12.227153
12.341331
12.274961
12.071700
11.843949
11.721824
11.790215
12.044978
12.390183
12.679227
12.781068
12.640203
12.302270
11.893157
11.561923
11.414575
11.469495
11.654058
11.842263
11.913888
11.807246
11.542138
11.205556
10.909735
10.744617
10.746024
10.891348
11.119903
11.364013
11.574725
11.731427
11.835670
11.897265
11.923642
11.918551
11.888621
11.850436
11.830306
11.853805
11.930047
12.039901
12.137176
12.164914
12.080697
11.878852
11.597997
11.309009
11.088033
10.986768
11.012977
11.129867
11.273023
11.376018
11.392711
11.307658
11.132602
10.894671
10.624327
10.349228
10.095014
9.888649
9.758685
9.729376
9.810642
9.989933
10.232166
10.489848
10.719544
10.896600
11.020365
11.106791
11.172772
11.221082
11.235093
11.186974
11.055361
10.842648
10.581714
10.327377
10.135855
10.042659
10.049950
10.129337
10.237830
10.337332
10.406821
10.441473
10.441224
10.398396
10.294771
10.112399
9.853163
9.554420
9.287877
9.136724
9.158409
9.350621
9.639600
9.901077
10.008432
9.887865
9.554781
9.112420
8.710930
8.484125
8.492474
8.698679
8.986950
9.216373
9.282671
9.159369
8.900318
8.604931
8.365723
8.225187
8.162663
8.115247
8.018995
7.846867
7.623187
7.408182
7.262841
7.214855
7.244728
7.299473
11.333207
11.259946
11.069661
10.839315
10.662959
10.614332
10.716935
10.933671
11.180785
11.361035
11.403007
11.290120
11.066770
10.818248
10.632712
10.561999
10.599048
10.683028
10.730460
10.678062
10.516842
10.300507
10.122869
10.074377
10.198363
10.468796
10.801203
11.092177
11.268680
11.322194
11.310515
11.325402
11.442096
11.676358
11.971860
12.225522
12.339419
12.273330
12.070745
11.843669
11.721824
11.789935
12.044023
12.388553
12.677316
12.779437
12.639247
12.301990
11.893157
11.561643
11.413619
11.467864
11.652146
11.840632
11.912932
11.806966
11.542138
11.205276
10.908779
10.742987
10.744113
10.889717
11.118947
11.363732
11.574725
11.731147
11.834714
11.895635
11.921731
11.916921
11.887666
11.850156
11.830306
11.853524
11.929091
12.038270
12.135264
12.163283
12.079741
11.878572
11.597997
11.308728
11.087077
10.985137
11.011065
11.128236
11.272067
11.375737
11.392711
11.307378
11.131646
10.893041
10.622416
10.347597
10.094058
9.888369
9.758686
9.729097
9.809687
9.988302
10.230255
10.488217
10.718589
10.896319
11.020365
11.106511
11.171817
11.219451
11.233182
11.185343
11.054405
10.842367
10.581714
10.327097
10.134899
10.041027
10.048037
10.127707
10.236875
10.337051
10.406821
10.441193
10.440269
10.396765
10.292860
10.110768
9.852207
9.554142
9.287878
9.136444
9.157454
9.348989
9.637688
9.899446
10.007477
9.887587
9.554781
9.112141
8.709974
8.482493
8.490561
8.697047
8.985994
9.216094
9.282672
9.159089
8.899363
8.603299
8.363811
8.223556
8.161707
8.114967
8.018996
7.846587
7.622231
7.406550
7.260929
7.213223
7.243773
7.299193
11.333207
11.214128
10.914514
10.578436
10.364844
10.370338
10.585196
10.903415
11.178948
11.297109
11.224595
11.015101
10.772321
10.593474
10.523948
10.544372
10.591743
10.598891
10.529504
10.392003
10.229633
10.096809
10.036083
10.066139
10.182095
10.362845
10.578972
10.798442
10.992105
11.140914
11.244168
11.323077
11.413585
11.547526
11.730151
11.927669
12.076615
12.115254
12.022794
11.843640
11.678100
11.637717
11.785111
12.090238
12.431075
12.644784
12.607198
12.300582
11.831620
11.386113
11.140204
11.172759
11.424857
11.729039
11.893899
11.800538
11.460628
11.007079
10.623919
10.454682
10.537698
10.800256
11.109721
11.348767
11.471572
11.511487
11.541745
11.617553
11.737594
11.848121
11.884797
11.823344
11.704373
11.614135
11.631553
11.773583
11.974265
12.113162
12.079627
11.836900
11.448710
11.051827
10.788619
10.736686
10.873492
11.094350
11.271033
11.316554
11.220071
11.035617
10.835942
10.663268
10.507980
10.327106
10.088453
9.809456
9.563268
9.445490
9.520341
9.779189
10.138098
10.477950
10.704877
10.795943
10.803303
10.814366
10.892278
11.032472
11.161899
11.181875
11.029247
10.719324
10.344678
10.029933
9.868374
9.877109
9.995707
10.127449
10.197213
10.190697
10.151974
10.142649
10.189648
10.256268
10.257092
10.110048
9.795343
9.384401
9.017817
8.840196
8.925228
9.231697
9.615688
9.894611
9.931135
9.694963
9.272480
8.821807
8.498188
8.387618
8.479198
8.684536
8.888379
9.001657
8.991405
8.878143
8.709554
8.529501
8.359687
8.200002
8.041545
7.880321
7.722261
7.578271
7.455399
7.351971
7.260469
7.175530
7.100348
7.046438
11.333207
11.209943
10.900466
10.555182
10.338954
10.350078
10.575212
10.901753
11.178309
11.289536
11.206586
10.989856
10.747691
10.576913
10.517728
10.544120
10.589253
10.587398
10.508019
10.365964
10.207397
10.084295
10.032963
10.066047
10.176725
10.347280
10.554842
10.772882
10.973166
11.132398
11.243176
11.321879
11.404584
11.528136
11.704461
11.903813
12.061553
12.110293
12.022754
11.840178
11.665074
11.615129
11.759101
12.069148
12.420087
12.642589
12.606837
12.293921
11.814570
11.361260
11.115146
11.155225
11.417745
11.728549
11.891978
11.790053
11.439946
10.981120
10.600988
10.441145
10.533883
10.800244
11.105155
11.334210
11.448010
11.485688
11.521914
11.608064
11.736173
11.847316
11.876756
11.804866
11.678962
11.589746
11.615487
11.767795
11.974105
12.110366
12.067624
11.815034
11.422660
11.029962
10.776616
10.733890
10.873332
11.088561
11.254968
11.292165
11.194659
11.017138
10.827901
10.662463
10.506559
10.317616
10.068623
9.783655
9.539705
9.430935
9.515775
9.779179
10.134281
10.464414
10.681947
10.769984
10.782621
10.803882
10.890357
11.031981
11.154786
11.164341
11.004189
10.694471
10.327628
10.023273
9.868013
9.874913
9.984718
10.106358
10.171203
10.168108
10.138948
10.139187
10.189606
10.251307
10.242029
10.086193
9.769653
9.365011
9.008816
8.838999
8.924236
9.223180
9.596751
9.869051
9.907005
9.679398
9.267111
8.821716
8.495067
8.375104
8.456964
8.658496
8.866895
8.990163
8.988917
8.877892
8.703334
8.512940
8.335056
8.174757
8.023536
7.872748
7.721623
7.576610
7.445414
7.331709
7.234580
7.152277
7.086300
7.042254
11.333207
11.171464
10.772389
10.346552
10.112906
10.181446
10.500272
10.893870
11.165818
11.203866
11.028308
10.761724
10.545938
10.460055
10.487279
10.543569
10.542010
10.448230
10.293417
10.143077
10.048933
10.019703
10.028658
10.047965
10.080048
10.159966
10.325715
10.578843
10.867551
11.109170
11.240973
11.265224
11.254561
11.308528
11.485774
11.755939
12.006827
12.108508
11.998149
11.732318
11.469428
11.386113
11.573543
11.974689
12.403199
12.637654
12.540212
12.133386
11.590966
11.147779
10.978181
11.109790
11.417392
11.696557
11.772872
11.586854
11.212144
10.804725
10.517490
10.429655
10.525158
10.723186
10.934548
11.107659
11.240685
11.359847
11.485103
11.608041
11.695996
11.717006
11.666858
11.579366
11.512324
11.516910
11.608403
11.754262
11.886252
11.930228
11.839206
11.614758
11.308053
11.001023
10.775821
10.684813
10.731971
10.872880
11.032838
11.135787
11.132083
11.013425
10.808585
10.563560
10.317522
10.088426
9.876219
9.680283
9.517817
9.428272
9.457167
9.627023
9.913794
10.246690
10.536231
10.717166
10.781210
10.777867
10.780250
10.834760
10.925925
10.980562
10.911940
10.678740
10.322019
9.954594
9.705425
9.650635
9.772392
9.971603
10.127547
10.167910
10.105380
10.017834
9.984997
10.023879
10.067541
10.004854
9.759125
9.355406
8.929625
8.666440
8.697225
9.017195
9.473152
9.833876
9.906918
9.637497
9.134576
8.610586
8.270156
8.210482
8.386215
8.652170
8.852282
8.900117
8.806947
8.649231
8.504569
8.400583
8.307597
8.173676
7.972601
7.729204
7.504901
7.355279
7.291140
7.271128
7.231413
7.131694
6.985164
6.851520
11.333207
10.792829
9.523310
8.345486
8.005543
8.687990
9.910520
10.864026
10.959535
10.208497
9.184436
8.604826
8.830948
9.632089
10.369554
10.461350
9.795671
8.803758
8.146492
8.241636
8.968819
9.760913
10.015359
9.532207
8.666158
8.081961
8.283206
9.246580
10.422311
11.105840
10.924615
10.100364
9.300616
9.178144
9.915298
11.089166
11.953963
11.949342
11.087001
9.950725
9.309200
9.604522
10.662395
11.815522
12.350335
11.970881
10.969735
10.003001
9.637019
9.982919
10.661822
11.106460
10.972152
10.364295
9.730369
9.508841
9.798255
10.288968
10.504191
10.170865
9.445044
8.821751
8.787619
9.463187
10.494346
11.277629
11.367377
10.780074
9.981008
9.560106
9.822988
10.583997
11.306041
11.487065
11.018651
10.260806
9.778889
9.929166
10.590125
11.236123
11.308053
10.622388
9.526740
8.683748
8.624601
9.379424
10.443086
11.105943
10.925799
10.018056
8.964714
8.406663
8.602530
9.260459
9.758498
9.598066
8.771477
7.783800
7.310236
7.725583
8.833679
9.987901
10.522933
10.201409
9.367321
8.699859
8.737751
9.502498
10.480685
10.977232
10.595581
9.513880
8.368076
7.824209
8.134951
8.983858
9.719528
9.812438
9.216399
8.386316
7.945153
8.236242
9.073850
9.864712
10.014677
9.338081
8.188651
7.225022
6.975679
7.501581
8.380865
9.013865
9.027915
8.501614
7.864413
7.559487
7.720688
8.094830
8.256857
7.951692
7.306101
6.750731
6.705351
7.255645
8.060606
8.567015
8.386841
7.572617
6.592607
6.016777
6.128731
6.733834
7.298617
7.325435
6.701386
5.777672
5.124049
5.130630
5.736082
6.472883
11.333207
10.505996
8.585713
6.869043
6.496183
7.675711
9.561847
10.860248
10.729747
9.347058
7.747577
7.069529
7.746177
9.217378
10.354478
10.283267
9.011130
7.412760
6.592487
7.087266
8.484509
9.727130
9.883140
8.824566
7.326864
6.516658
7.062799
8.689780
10.362590
11.013202
10.293130
8.818116
7.731536
7.895898
9.283813
10.996528
11.894242
11.392541
9.866593
8.385428
7.969907
8.896879
10.530175
11.781739
11.866025
10.816512
9.415730
8.612003
8.852479
9.804835
10.646747
10.691749
9.887382
8.828998
8.293509
8.647401
9.568467
10.285190
10.155519
9.158586
7.935681
7.345309
7.850022
9.176354
10.494346
10.990796
10.429782
9.303632
8.471652
8.547827
9.474315
10.580218
11.076253
10.625627
9.581790
8.725510
8.694116
9.514455
10.575049
11.058040
10.523513
9.231391
7.972739
7.529378
8.140291
9.345641
10.310866
10.398301
9.586507
8.452755
7.744308
7.849862
8.542811
9.167821
9.127013
8.315818
7.202397
6.501553
6.678752
7.632945
8.773956
9.431100
9.302526
8.636107
8.028028
7.992217
8.605527
9.468715
9.996375
9.822863
9.041576
8.122881
7.583536
7.646126
8.119875
8.569148
8.634758
8.277141
7.779541
7.524878
7.715366
8.232463
8.725177
8.852432
8.505317
7.861643
7.251055
6.938188
6.975678
7.214747
7.443270
7.537424
7.518553
7.489333
7.515738
7.555707
7.490900
7.233391
6.819997
6.416395
6.221331
6.336020
6.690275
7.077562
7.276065
7.176014
6.832839
6.418247
6.108297
5.982994
5.996511
6.026193
5.959324
5.760133
5.480980
5.220871
5.064329
5.037992
5.104598
5.190637
11.333207
10.500932
8.569310
6.843668
6.471035
7.659819
9.557185
10.860238
10.724265
9.330150
7.721993
7.044628
7.730799
9.213107
10.354438
10.277358
8.993722
7.386985
6.567850
7.072405
8.480615
9.727038
9.876790
8.806665
7.300919
6.492302
7.048458
8.686248
10.362426
11.006402
10.274743
8.792018
7.707480
7.882078
9.280627
10.996272
11.886981
11.373675
9.840364
8.361688
7.956609
8.894024
10.529809
11.774009
11.846690
10.790172
9.392320
8.599228
8.849940
9.804338
10.638537
10.671952
9.860950
8.805934
8.281254
8.645160
9.567817
10.276494
10.135272
9.132081
7.912980
7.333574
7.848063
9.175532
10.485158
10.970109
10.403226
9.281306
8.460435
8.546131
9.473304
10.570531
11.055139
10.599040
9.559855
8.714806
8.692666
9.513234
10.564857
11.036508
10.496917
9.209859
7.962546
7.528158
8.138842
9.334937
10.288932
10.371715
9.565392
8.443068
7.743297
7.848167
8.531594
9.145495
9.100457
8.295131
7.193209
6.500732
6.676793
7.621210
8.751255
9.404595
9.282279
8.627412
8.027378
7.989975
8.593272
9.445651
9.969943
9.803066
9.033367
8.122383
7.580997
7.633350
8.096464
8.542808
8.615423
8.269410
7.779173
7.522024
7.702068
8.208723
8.698947
8.833567
8.498055
7.861387
7.247869
6.924368
6.951622
7.188650
7.424883
7.530624
7.518390
7.485801
7.501397
7.531353
7.464954
7.215490
6.813647
6.416304
6.217436
6.321158
6.665638
7.051787
7.258658
7.170104
6.832799
6.413977
6.092919
5.958093
5.970927
6.009285
5.953842
5.760123
5.476318
5.204979
5.039182
5.012617
5.088196
5.185572
11.333207
10.497077
8.556947
6.824890
6.453022
7.649143
9.554601
10.860085
10.718955
9.316182
7.702734
7.027636
7.721838
9.211572
10.353837
10.270457
8.978284
7.367540
6.552106
7.065136
8.479875
9.725703
9.868209
8.789932
7.281591
6.477995
7.042805
8.686021
10.360095
10.996106
10.256934
8.773108
7.694751
7.877914
9.280620
10.992717
11.874988
11.355044
9.822156
8.350633
7.953761
8.893932
10.524837
11.760388
11.827512
10.772931
9.382977
8.597481
8.849463
9.797799
10.623412
10.652522
9.844911
8.798293
8.280359
8.644011
9.559613
10.260032
10.115893
9.117440
7.906977
7.333258
7.845976
9.165618
10.467568
10.951081
10.390138
9.276824
8.460404
8.542866
9.461682
10.552058
11.036752
10.587607
9.556731
8.714758
8.688024
9.499967
10.545775
11.019032
10.487193
9.207887
7.962180
7.521978
8.124037
9.315537
10.272609
10.363700
9.564332
8.442092
7.735470
7.831985
8.512177
9.130530
9.094098
8.294711
7.191351
6.491199
6.659433
7.602078
8.737810
9.399789
9.282210
8.624427
8.016134
7.971676
8.574719
9.433845
9.966535
9.803049
9.029045
8.109474
7.562026
7.615650
8.086359
8.540601
8.615154
8.263583
7.764699
7.502669
7.685469
8.200331
8.697707
8.832750
8.490602
7.845495
7.228430
6.909085
6.944903
7.188113
7.423244
7.521472
7.501272
7.466580
7.487603
7.526212
7.464834
7.212775
6.802781
6.398191
6.198730
6.308980
6.661934
7.051785
7.254650
7.157557
6.813953
6.396064
6.082433
5.955637
5.970739
6.003804
5.939704
5.740828
5.459455
5.196208
5.037748
5.011948
5.081111
5.169980
11.333207
10.491744
8.540011
6.799648
6.429616
7.636205
9.552131
10.859452
10.710015
9.295640
7.676858
7.007094
7.712899
9.210938
10.351367
10.257520
8.954879
7.342299
6.535171
7.059803
8.479875
9.720370
9.851274
8.764690
7.258186
6.465058
7.040335
8.685388
10.351155
10.975564
10.231059
8.752566
7.685812
7.877281
9.278150
10.979779
11.851583
11.329803
9.805221
8.345300
7.953761
8.888599
10.507901
11.735147
11.804107
10.759994
9.380507
8.596848
8.840524
9.777257
10.597537
10.631980
9.835971
8.797660
8.277889
8.631074
9.536208
10.234790
10.098958
9.112107
7.906977
7.327925
7.829041
9.140376
10.444163
10.938144
10.387668
9.276191
8.451465
8.522324
9.435807
10.531516
11.027812
10.586974
9.554261
8.701820
8.664618
9.474725
10.528840
11.013700
10.487193
9.202554
7.945245
7.496736
8.100632
9.302600
10.270139
10.363067
9.555392
8.421550
7.709595
7.811443
8.503238
9.129897
9.091628
8.281774
7.167946
6.465957
6.642498
7.596745
8.737810
9.394456
9.265275
8.599185
7.992730
7.958739
8.572249
9.433211
9.957595
9.782507
9.003170
8.088932
7.553086
7.615016
8.083889
8.527663
8.591749
8.238341
7.747763
7.497336
7.685469
8.194997
8.680772
8.807508
8.467196
7.832558
7.225960
6.908452
6.935964
7.167571
7.397368
7.500930
7.492332
7.465947
7.485133
7.513275
7.441429
7.187533
6.785846
6.392859
6.198730
6.303647
6.644999
7.026543
7.231245
7.144620
6.811483
6.395431
6.073493
5.935095
5.944864
5.983262
5.930764
5.740194
5.456985
5.183270
5.014343
4.986706
5.064176
5.164647
11.333207
10.476748
8.492875
6.730749
6.367973
7.604620
9.547666
10.855941
10.680476
9.235381
7.607498
6.958045
7.696178
9.210877
10.338029
10.212338
8.886559
7.279362
6.501529
7.054278
8.477208
9.692857
9.792487
8.694986
7.207273
6.446548
7.040092
8.673631
10.307963
10.907939
10.166926
8.716863
7.679123
7.875348
9.252637
10.922547
11.781657
11.277080
9.784863
8.344754
7.943505
8.847427
10.441085
11.669919
11.766343
10.752046
9.379191
8.573303
8.784925
9.707231
10.543065
10.609725
9.835002
8.788817
8.238756
8.565175
9.469991
10.194976
10.089654
9.111293
7.885361
7.274029
7.759034
9.084224
10.419967
10.936635
10.380149
9.239112
8.386592
8.455225
9.393958
10.520768
11.027381
10.567239
9.502135
8.631956
8.606860
9.448548
10.526675
11.007411
10.452176
9.138808
7.877376
7.452878
8.088356
9.302430
10.252231
10.312768
9.485789
8.362265
7.681409
7.808508
8.498076
9.096942
9.029113
8.213248
7.122108
6.452075
6.642470
7.580607
8.689392
9.325236
9.204545
8.568965
7.988913
7.954604
8.541348
9.372020
9.888530
9.734728
8.987608
8.088924
7.538651
7.568527
8.015171
8.465577
8.559479
8.233535
7.744546
7.468475
7.625692
8.125509
8.631095
8.790197
8.467088
7.819755
7.181437
6.840351
6.872618
7.133242
7.391467
7.498521
7.465490
7.407670
7.415342
7.461751
7.422308
7.187202
6.774598
6.350337
6.131361
6.239139
6.608606
7.019445
7.229530
7.119768
6.754787
6.325458
6.020180
5.914110
5.944191
5.973487
5.890269
5.673671
5.391416
5.144821
5.005953
4.985571
5.041279
5.109608
11.333207
10.458676
8.436654
6.650209
6.298561
7.571892
9.544570
10.849088
10.639815
9.160913
7.529272
6.909451
7.684268
9.210095
10.312928
10.149089
8.805238
7.216111
6.476429
7.053496
8.465299
9.644263
9.714261
8.620518
7.166612
6.439695
7.036996
8.640903
10.238551
10.827399
10.110705
8.698791
7.679122
7.857275
9.196416
10.842008
11.712245
11.244351
9.781768
8.337901
7.902844
8.772959
10.362859
11.621325
11.754434
10.751264
9.354091
8.510054
8.703603
9.643981
10.517964
10.608943
9.823092
8.740224
8.160530
8.490706
9.429330
10.188123
10.086558
9.078565
7.815948
7.193490
7.702813
9.066152
10.419967
10.918563
10.323928
9.158572
8.317180
8.422497
9.390862
10.513915
10.986720
10.492770
9.423909
8.583363
8.594951
9.447766
10.501575
10.944161
10.370854
9.075559
7.852275
7.452096
8.076447
9.253837
10.174005
10.238299
9.445128
8.355411
7.678313
7.775780
8.428664
9.016402
8.972892
8.195176
7.122108
6.434003
6.586249
7.500067
8.619980
9.292508
9.201449
8.562112
7.948252
7.880135
8.463121
9.323426
9.876620
9.733946
8.962507
8.025675
7.457331
7.505276
7.990071
8.464795
8.547569
8.184941
7.666320
7.394006
7.585031
8.118655
8.627999
8.757469
8.397676
7.739216
7.125216
6.822279
6.872617
7.115170
7.335245
7.417982
7.396078
7.374942
7.412247
7.454896
7.381648
7.112734
6.696372
6.301744
6.119452
6.238357
6.583506
6.956195
7.148209
7.056518
6.729687
6.324676
6.008270
5.865517
5.865965
5.899018
5.849608
5.666818
5.388320
5.112093
4.936541
4.905031
4.985058
5.091537
11.333207
10.432492
8.356051
6.537113
6.204846
7.531569
9.542436
10.834743
10.574111
9.052043
7.425215
6.853751
7.675895
9.204398
10.262790
10.048354
8.694386
7.144950
6.458179
7.052611
8.430224
9.554961
9.600673
8.534973
7.135590
6.439421
7.015354
8.565473
10.126489
10.729627
10.064973
8.694882
7.668272
7.797115
9.090028
10.735085
11.650971
11.232835
9.778256
8.293262
7.805854
8.660647
10.286378
11.598802
11.754258
10.721231
9.269513
8.396520
8.613391
9.607873
10.516871
10.591506
9.753013
8.629728
8.059095
8.439460
9.423137
10.180324
10.031972
8.975137
7.706641
7.126686
7.687718
9.064311
10.380708
10.825704
10.210690
9.076961
8.290050
8.422485
9.365611
10.434331
10.873788
10.398213
9.382516
8.580915
8.581338
9.383166
10.393161
10.839494
10.314038
9.066594
7.847056
7.403064
7.976427
9.142652
10.101766
10.219224
9.444428
8.321362
7.589932
7.662159
8.342163
8.984382
8.972497
8.174403
7.047734
6.322213
6.487712
7.453239
8.615654
9.282304
9.142404
8.456279
7.840813
7.817750
8.450925
9.320291
9.833068
9.637751
8.849968
7.948150
7.433910
7.505177
7.961016
8.381196
8.434113
8.093833
7.629169
7.392685
7.568389
8.049664
8.517879
8.655354
8.345317
7.732507
7.117971
6.768808
6.769835
7.005446
7.267344
7.402121
7.394507
7.336740
7.320256
7.341539
7.299037
7.084647
6.696328
6.277414
6.040893
6.125609
6.488123
6.913724
7.145428
7.043621
6.666193
6.216740
5.903011
5.807585
5.856389
5.894256
5.801681
5.567532
5.276821
5.038784
4.916623
4.904495
4.952028
5.004089
11.333207
10.450601
8.411193
6.612844
6.265061
7.554980
9.542901
10.848037
10.623754
9.126843
7.489955
6.882822
7.677750
9.213485
10.306645
10.121316
8.762992
7.179898
6.462311
7.058198
8.468148
9.625220
9.672387
8.575872
7.142832
6.442307
7.047345
8.632234
10.200480
10.776404
10.076079
8.695930
7.694476
7.859667
9.165410
10.787522
11.666604
11.232951
9.798963
8.351001
7.881701
8.718387
10.307084
11.598918
11.769891
10.773667
9.344895
8.459073
8.639596
9.608920
10.527978
10.638284
9.827004
8.696488
8.091087
8.442346
9.430379
10.221223
10.103686
9.045396
7.744565
7.132273
7.691851
9.099259
10.449313
10.898665
10.254546
9.086047
8.291905
8.451555
9.430352
10.509131
10.923430
10.411508
9.382981
8.604326
8.641554
9.458898
10.448302
10.857602
10.314038
9.084702
7.902198
7.478796
8.036642
9.166062
10.102231
10.232518
9.494071
8.396164
7.654673
7.691230
8.344019
8.993468
9.016353
8.247365
7.116340
6.357161
6.491844
7.458827
8.653578
9.352563
9.214118
8.497178
7.848054
7.820636
8.482917
9.387052
9.907060
9.684528
8.861074
7.949197
7.460114
7.567731
8.036400
8.433633
8.449745
8.093949
7.649875
7.450425
7.644238
8.107402
8.538585
8.655470
8.360950
7.784943
7.193353
6.831362
6.796040
7.006494
7.278452
7.448898
7.468500
7.403502
7.352247
7.344425
7.306280
7.125546
6.768044
6.347674
6.078816
6.131197
6.492255
6.948672
7.214034
7.116583
6.710050
6.225825
5.904866
5.836656
5.921129
5.969056
5.851324
5.580825
5.277287
5.062195
4.976838
4.980227
5.007170
5.022198
11.333207
10.497336
8.551929
6.801908
6.409000
7.604955
9.542974
10.891608
10.761216
9.315763
7.637022
6.936104
7.678042
9.253968
10.440768
10.309943
8.913104
7.236552
6.462967
7.095679
8.598868
9.813411
9.825458
8.635956
7.143996
6.476872
7.174609
8.819844
10.356421
10.839971
10.077897
8.727672
7.818233
8.046553
9.324126
10.854621
11.669217
11.261968
9.919166
8.537021
8.043094
8.789058
10.310634
11.625310
11.886502
10.958678
9.508861
8.533353
8.644224
9.632791
10.640964
10.822148
9.993436
8.774409
8.096931
8.463804
9.539710
10.403802
10.272473
9.126985
7.751762
7.151435
7.797504
9.280417
10.620339
10.983941
10.263230
9.103026
8.393865
8.631160
9.603501
10.598107
10.933736
10.426425
9.481235
8.782245
8.816706
9.551583
10.460357
10.870580
10.408580
9.260808
8.079226
7.575193
8.050573
9.177226
10.193061
10.406684
9.672849
8.496271
7.670607
7.700708
8.431143
9.165572
9.196752
8.351172
7.134396
6.365085
6.575274
7.628747
8.835464
9.460057
9.234414
8.503682
7.927806
7.988259
8.666156
9.498214
9.929711
9.689747
8.937172
8.114410
7.644570
7.682534
8.061516
8.437705
8.522217
8.256640
7.835407
7.568837
7.671929
8.110465
8.607465
8.815536
8.547420
7.906927
7.223720
6.833560
6.861366
7.163835
7.465719
7.574414
7.501642
7.404975
7.414066
7.498943
7.494199
7.254545
6.804055
6.348566
6.137178
6.282800
6.680682
7.081101
7.253006
7.117038
6.765011
6.374424
6.093657
5.972456
5.963146
5.969220
5.902945
5.726337
5.466297
5.201303
5.021982
4.980246
5.055516
5.164545
11.333207
10.485080
8.515437
6.753991
6.374151
7.594304
9.542899
10.877675
10.723161
9.267993
7.603881
6.926975
7.677747
9.238296
10.401235
10.262467
8.881730
7.228854
6.462306
7.078217
8.557954
9.766376
9.795896
8.629587
7.142823
6.457580
7.132417
8.773391
10.328704
10.834825
10.076072
8.706521
7.774874
8.000818
9.298278
10.850581
11.666604
11.238940
9.874763
8.492141
8.019126
8.786002
10.307101
11.600402
11.841180
10.914783
9.486773
8.531153
8.639647
9.606006
10.594853
10.779359
9.973218
8.772927
8.091188
8.435162
9.492948
10.362235
10.254100
9.126084
7.744742
7.120962
7.750231
9.240180
10.603778
10.983481
10.254828
9.070764
8.346225
8.592354
9.588706
10.597941
10.923856
10.392423
9.433373
8.744962
8.803619
9.551564
10.448913
10.834901
10.360644
9.225129
8.067782
7.575175
8.037487
9.139943
10.145200
10.372682
9.662969
8.496105
7.655811
7.661902
8.383503
9.133309
9.188350
8.350713
7.117834
6.324848
6.528000
7.598274
8.828444
9.459157
9.216041
8.462115
7.881044
7.959616
8.660413
9.496732
9.909493
9.646957
8.891062
8.087626
7.639993
7.680332
8.039429
8.393809
8.476894
8.231732
7.831876
7.565781
7.647961
8.065587
8.563062
8.792509
8.544807
7.902886
7.197871
6.787826
6.818008
7.142684
7.463894
7.569269
7.473925
7.358521
7.371874
7.479651
7.493027
7.248178
6.774492
6.301531
6.096263
6.265338
6.680020
7.073403
7.221632
7.069563
6.725477
6.358752
6.093363
5.963326
5.930006
5.921451
5.864889
5.712404
5.466223
5.190651
4.987133
4.932328
5.019026
5.152288
11.333207
10.433894
8.364812
6.560798
6.240265
7.558901
9.541038
10.808953
10.557862
9.078502
7.488161
6.904994
7.670375
9.150956
10.223893
10.080241
8.784900
7.217420
6.445986
6.971896
8.371665
9.594695
9.717956
8.625418
7.114462
6.332642
6.940618
8.615132
10.268929
10.834357
10.033036
8.564047
7.581214
7.858345
9.255242
10.850114
11.606830
11.080682
9.682963
8.367202
7.990764
8.781832
10.229161
11.428721
11.654891
10.808461
9.470454
8.519718
8.542816
9.423779
10.417512
10.692019
9.965846
8.750947
7.975468
8.245670
9.327649
10.293513
10.252238
9.090682
7.610857
6.927768
7.599605
9.188994
10.603778
10.932296
10.104203
8.877570
8.212338
8.556951
9.586844
10.529220
10.758557
10.202931
9.317653
8.722982
8.796249
9.464225
10.271571
10.652675
10.263814
9.213695
8.051464
7.468853
7.851200
8.968263
10.067260
10.368512
9.634606
8.371166
7.464012
7.503644
8.323729
9.132842
9.145314
8.208238
6.924174
6.182373
6.484965
7.597806
8.768669
9.300899
9.024241
8.337176
7.852683
7.955447
8.582473
9.325051
9.723205
9.540636
8.874743
8.076191
7.543162
7.498106
7.862087
8.306470
8.469522
8.209752
7.716155
7.376291
7.482662
7.996863
8.561200
8.757107
8.410920
7.709695
7.047245
6.736640
6.818007
7.091498
7.313268
7.376075
7.340039
7.323118
7.370012
7.410927
7.327726
7.058687
6.658772
6.279551
6.088891
6.177999
6.502679
6.891177
7.124801
7.058129
6.709158
6.252431
5.907074
5.791646
5.852066
5.917280
5.836528
5.587466
5.274424
5.032393
4.927358
4.931861
4.975991
5.009813
11.333207
10.451955
8.417331
6.626545
6.283564
7.568590
9.542657
10.836856
10.617700
9.141051
7.521238
6.908600
7.676692
9.189208
10.288428
10.136708
8.807755
7.217827
6.459621
7.019989
8.437819
9.642789
9.731591
8.625826
7.137318
6.389108
7.005153
8.653384
10.275247
10.837962
10.066113
8.626595
7.641052
7.886247
9.256862
10.859801
11.650128
11.146428
9.735482
8.385262
7.990764
8.799892
10.281680
11.494468
11.698190
10.818149
9.472074
8.547621
8.602654
9.486329
10.450589
10.695624
9.972163
8.789199
8.040003
8.302137
9.350505
10.293921
10.265874
9.138776
7.677011
6.975862
7.613239
9.189403
10.626634
10.988763
10.168738
8.915822
8.218655
8.560555
9.619922
10.591769
10.818395
10.230834
9.319272
8.732669
8.839547
9.529971
10.324090
10.670735
10.263814
9.231755
8.103982
7.534601
7.894499
8.977950
10.068879
10.396415
9.694444
8.433716
7.497089
7.507250
8.330046
9.171094
9.209849
8.264705
6.947030
6.182780
6.498600
7.645900
8.834824
9.348992
9.037877
8.337584
7.875538
8.011913
8.647008
9.363303
9.729522
9.544241
8.907820
8.138741
7.603000
7.526008
7.863706
8.316157
8.512821
8.275498
7.768675
7.394351
7.482662
8.014924
8.613719
8.822853
8.454219
7.719384
7.048864
6.764543
6.877845
7.154047
7.346345
7.379681
7.346356
7.361370
7.434546
7.467394
7.350582
7.059094
6.672406
6.327644
6.155046
6.226092
6.516314
6.891584
7.147657
7.114595
6.773693
6.290683
5.913391
5.795252
5.885143
5.979829
5.896365
5.615369
5.276043
5.042081
4.970656
4.997608
5.028511
5.027874
11.333207
10.456515
8.430434
6.642543
6.293546
7.570426
9.543399
10.844790
10.633004
9.155597
7.527751
6.908862
7.679529
9.200545
10.304608
10.148616
8.811091
7.217953
6.465517
7.034132
8.453389
9.651359
9.732623
8.627279
7.146677
6.404946
7.018740
8.658526
10.275271
10.841962
10.078702
8.642705
7.651646
7.888505
9.257361
10.867101
11.665122
11.161338
9.742623
8.385709
7.993134
8.810637
10.297811
11.506925
11.702054
10.818187
9.477365
8.561323
8.618443
9.495530
10.451953
10.696734
9.980891
8.804828
8.054039
8.307880
9.350604
10.297387
10.277921
9.154948
7.688201
6.978579
7.613543
9.196073
10.641274
11.003993
10.176513
8.916499
8.220592
8.570691
9.635953
10.604747
10.822814
10.230836
9.323976
8.745897
8.855510
9.539798
10.325828
10.671546
10.271907
9.247130
8.118430
7.540959
7.894722
8.980908
10.080361
10.412599
9.706210
8.436924
7.497244
7.513299
8.344294
9.186603
9.218261
8.265660
6.948575
6.192296
6.514482
7.659369
8.839819
9.349006
9.042016
8.350305
7.891625
8.022356
8.649158
9.363860
9.736979
9.559317
8.922642
8.145726
7.603395
7.528491
7.874601
8.332305
8.525143
8.279227
7.768730
7.399793
7.496478
8.030663
8.622764
8.824129
8.455411
7.728271
7.064550
6.778471
6.883436
7.154122
7.349942
7.391866
7.362517
7.372413
7.437145
7.467741
7.357408
7.073827
6.687561
6.335260
6.155661
6.228135
6.526604
6.907644
7.160507
7.118873
6.773699
6.295532
5.926741
5.811176
5.894815
5.981468
5.897246
5.623621
5.291486
5.056430
4.976860
4.997796
5.031593
5.039499
11.333207
10.440852
8.385997
6.589672
6.262391
7.565885
9.539428
10.814683
10.580441
9.110368
7.511119
6.908840
7.664818
9.156926
10.251472
10.116418
8.805945
7.214517
6.436462
6.981916
8.407397
9.633742
9.732539
8.613503
7.103901
6.351582
6.985509
8.652741
10.272334
10.813962
10.026872
8.595981
7.633029
7.888318
9.244496
10.825192
11.611571
11.127084
9.736167
8.383233
7.966193
8.759230
10.250384
11.487296
11.701722
10.806212
9.436347
8.507627
8.583178
9.488372
10.449901
10.670852
9.929946
8.756730
8.033386
8.307362
9.339498
10.257281
10.224122
9.118682
7.680310
6.976913
7.588715
9.145625
10.592538
10.982308
10.175767
8.906236
8.181421
8.516829
9.598702
10.596093
10.821494
10.207061
9.274064
8.696555
8.832784
9.538785
10.316382
10.633327
10.218024
9.208911
8.108985
7.539947
7.871996
8.931567
10.030450
10.388824
9.704890
8.428270
7.459993
7.459438
8.305122
9.176339
9.217515
8.243976
6.899838
6.141849
6.489655
7.657705
8.831928
9.312739
8.988217
8.310199
7.880518
8.021837
8.628505
9.315763
9.686034
9.533434
8.920589
8.138568
7.568130
7.474797
7.833581
8.320331
8.524811
8.259599
7.721303
7.348386
7.469536
8.028188
8.616307
8.789875
8.401860
7.686361
7.051685
6.778283
6.864820
7.107398
7.298110
7.363867
7.359580
7.366629
7.403914
7.414378
7.314632
7.060049
6.687477
6.317644
6.109670
6.175919
6.497549
6.904208
7.155361
7.086676
6.720561
6.251912
5.912030
5.811154
5.878183
5.936239
5.844683
5.593513
5.287515
5.051888
4.945704
4.944925
4.987156
5.023837
11.333207
10.420993
8.330361
6.525220
6.226650
7.561973
9.532313
10.773175
10.514567
9.059360
7.496392
6.908325
7.639414
9.097362
10.189416
10.086526
8.804324
7.203390
6.389447
6.915641
8.361575
9.623572
9.730493
8.582314
7.041232
6.292823
6.961365
8.652431
10.256511
10.761872
9.961226
8.555737
7.626701
7.883769
9.207461
10.760339
11.556909
11.108407
9.736142
8.362172
7.909619
8.695229
10.215943
11.483975
11.693782
10.763452
9.370296
8.457729
8.569516
9.487603
10.423226
10.610522
9.868548
8.728131
8.032143
8.295246
9.291312
10.191058
10.179511
9.109431
7.677788
6.944423
7.525477
9.087712
10.569638
10.982150
10.158820
8.853093
8.116056
8.477863
9.593118
10.590865
10.783170
10.141854
9.220407
8.679038
8.832683
9.516503
10.258906
10.569823
10.184884
9.206134
8.100181
7.495949
7.805816
8.882804
10.017827
10.387750
9.676934
8.367218
7.399298
7.432124
8.304207
9.163201
9.168181
8.177854
6.856457
6.133482
6.486611
7.623914
8.768169
9.255710
8.966548
8.310142
7.862423
7.967673
8.563468
9.278081
9.681151
9.527483
8.880983
8.073056
7.515510
7.458415
7.833354
8.296811
8.466471
8.196639
7.689464
7.346108
7.459831
7.982968
8.550052
8.742271
8.390243
7.684937
7.022441
6.716550
6.804868
7.081360
7.297474
7.349677
7.309124
7.300660
7.361778
7.406856
7.311020
7.024958
6.623244
6.261535
6.089212
6.175913
6.478284
6.849054
7.090702
7.050287
6.716336
6.245196
5.871154
5.745389
5.826631
5.920967
5.844275
5.568741
5.228348
4.989520
4.915165
4.943097
4.976512
4.977416
11.333207
10.440236
8.383574
6.585191
6.257822
7.564346
9.541444
10.816276
10.576911
9.102460
7.505522
6.910697
7.670586
9.157332
10.242629
10.105769
8.804324
7.222633
6.442660
6.975612
8.392747
9.625945
9.739623
8.625414
7.103576
6.335924
6.970495
8.654803
10.287683
10.821843
10.014440
8.574982
7.626701
7.903012
9.260674
10.820310
11.588080
11.110780
9.745273
8.405272
7.971963
8.738329
10.225074
11.486348
11.724954
10.823422
9.423509
8.476973
8.569517
9.506846
10.476439
10.670493
9.899720
8.730504
8.041273
8.338346
9.353656
10.234159
10.188642
9.111804
7.708960
7.004394
7.578691
9.106956
10.569638
11.001393
10.212033
8.913064
8.147228
8.480236
9.602248
10.633965
10.845513
10.184955
9.229537
8.681411
8.863854
9.576474
10.312119
10.589067
10.184884
9.225377
8.153394
7.555920
7.836987
8.885177
10.026958
10.430850
9.739278
8.410318
7.408428
7.434497
8.335379
9.223172
9.221395
8.197097
6.856457
6.152726
6.539824
7.683885
8.799341
9.258082
8.975678
8.353242
7.924767
8.010773
8.572598
9.280454
9.712323
9.587454
8.934196
8.092299
7.515510
7.477658
7.886568
8.356782
8.497643
8.199012
7.698594
7.389208
7.522174
8.026069
8.559182
8.744644
8.421414
7.744906
7.075654
6.735794
6.804868
7.100603
7.350688
7.409647
7.340296
7.303033
7.370910
7.449957
7.373365
7.068058
6.632375
6.263907
6.120384
6.235884
6.531497
6.868298
7.090702
7.069530
6.769549
6.305167
5.902326
5.747762
5.835761
5.964067
5.906619
5.611841
5.237478
4.991893
4.946337
5.003068
5.029725
4.996659
11.333207
10.371570
8.196189
6.379930
6.158253
7.559693
9.500289
10.653596
10.362149
8.971259
7.487314
6.891293
7.537318
8.942260
10.081790
10.066268
8.799037
7.120949
6.236493
6.789681
8.326049
9.625924
9.668975
8.436604
6.899261
6.238469
6.966439
8.611970
10.123183
10.607434
9.885316
8.557933
7.606067
7.767686
9.045331
10.661332
11.550206
11.104817
9.641469
8.198236
7.787517
8.673582
10.224992
11.413701
11.534749
10.620088
9.328162
8.473473
8.524980
9.340549
10.262424
10.543454
9.883800
8.708606
7.903901
8.122774
9.196559
10.197883
10.181964
9.005879
7.501092
6.821463
7.515880
9.106769
10.494981
10.809827
10.009717
8.819821
8.144244
8.433969
9.434175
10.420384
10.720565
10.170125
9.206342
8.542001
8.648095
9.421277
10.277415
10.581635
10.076838
9.016717
7.972007
7.495027
7.836655
8.808496
9.834062
10.229589
9.648135
8.407807
7.360410
7.264671
8.122272
9.100324
9.207620
8.172572
6.715023
5.936821
6.386544
7.650725
8.791117
9.147916
8.766265
8.173427
7.865773
8.010254
8.493880
9.086261
9.512153
9.498402
8.932121
8.042506
7.343956
7.265067
7.765823
8.344026
8.471756
8.055568
7.482586
7.237863
7.490530
8.017015
8.446895
8.534515
8.243197
7.687792
7.074905
6.655029
6.609411
6.901559
7.263721
7.407964
7.288704
7.129776
7.158875
7.331320
7.361591
7.040778
6.486933
6.047836
5.970991
6.205724
6.521573
6.753891
6.879898
6.892941
6.714297
6.304149
5.819503
5.551075
5.637878
5.879177
5.905290
5.558430
5.062542
4.780454
4.829814
4.992237
5.001020
4.849234
11.333207
10.393586
8.255462
6.442978
6.186656
7.560341
9.516366
10.708112
10.427842
9.006251
7.489877
6.902108
7.586274
9.009366
10.123321
10.071942
8.805469
7.163758
6.303730
6.837448
8.335912
9.629018
9.705287
8.502680
6.952722
6.253433
6.967370
8.641683
10.186854
10.665830
9.906102
8.557960
7.629333
7.827797
9.107711
10.688434
11.550620
11.122035
9.697007
8.263495
7.821187
8.675663
10.236794
11.463824
11.601676
10.660327
9.333123
8.480701
8.569055
9.407863
10.308978
10.552400
9.887469
8.746234
7.970311
8.175150
9.210439
10.199147
10.212993
9.070127
7.558571
6.841037
7.515984
9.131299
10.555890
10.871493
10.035527
8.820056
8.162629
8.490495
9.498952
10.452733
10.722213
10.182950
9.257606
8.608695
8.687035
9.425570
10.285483
10.626960
10.144179
9.062041
7.980075
7.499321
7.875593
8.875190
9.885325
10.242414
9.649783
8.440156
7.425187
7.321198
8.140657
9.100558
9.233430
8.234240
6.775933
5.961353
6.386648
7.670299
8.848595
9.212163
8.797294
8.174691
7.879653
8.062630
8.560290
9.123889
9.515822
9.507347
8.978676
8.109819
7.388031
7.272295
7.770785
8.384265
8.538683
8.105691
7.494390
7.239944
7.524200
8.082274
8.502433
8.551733
8.243611
7.714894
7.137284
6.715141
6.632677
6.901586
7.284506
7.466360
7.352375
7.159488
7.159806
7.346284
7.415050
7.106854
6.523245
6.050929
5.980853
6.253490
6.588810
6.796700
6.886329
6.898615
6.755828
6.371256
5.868459
5.561890
5.640442
5.914169
5.970983
5.612946
5.078620
4.781101
4.858217
5.055285
5.060294
4.871250
11.333207
10.422456
8.332120
6.522079
6.219571
7.560548
9.541327
10.782002
10.509038
9.043307
7.490702
6.923334
7.657098
9.092288
10.164573
10.073791
8.823169
7.231248
6.387993
6.882914
8.339181
9.643434
9.769206
8.587887
7.002377
6.258503
6.978778
8.701829
10.272599
10.719609
9.913339
8.566663
7.685539
7.913666
9.165511
10.698180
11.556947
11.174176
9.782586
8.325171
7.833763
8.679969
10.284780
11.548703
11.667048
10.676026
9.335778
8.524483
8.652829
9.476716
10.328061
10.553790
9.927039
8.828511
8.042395
8.197847
9.210967
10.234536
10.293395
9.145162
7.585078
6.841112
7.547267
9.209464
10.633567
10.901967
10.035560
8.847344
8.238217
8.570477
9.533513
10.453137
10.745658
10.255649
9.339538
8.647424
8.688219
9.445359
10.355004
10.710465
10.187118
9.064412
7.996430
7.565408
7.960283
8.922338
9.889270
10.255591
9.712214
8.525628
7.476502
7.327091
8.150946
9.159146
9.319274
8.289642
6.784134
5.969064
6.441241
7.756102
8.907965
9.223004
8.802768
8.225179
7.965001
8.125809
8.574082
9.127488
9.562129
9.591833
9.045469
8.126843
7.390133
7.314391
7.854005
8.454442
8.559187
8.106688
7.532281
7.321516
7.597500
8.106475
8.502730
8.585468
8.323161
7.791021
7.165360
6.715149
6.662347
6.978759
7.363145
7.498456
7.352508
7.185219
7.234275
7.427092
7.451272
7.107523
6.545202
6.122389
6.063461
6.293900
6.590423
6.815087
6.954505
6.982642
6.800452
6.374209
5.883511
5.626540
5.725493
5.962991
5.975662
5.624931
5.139535
4.866771
4.911180
5.062059
5.069512
4.928256
11.333207
10.442367
8.384246
6.574205
6.239480
7.560547
9.561238
10.834128
10.561164
9.063218
7.490701
6.943244
7.709223
9.144414
10.184484
10.073791
8.843080
7.283374
6.440119
6.902824
8.339181
9.663344
9.821332
8.640013
7.022286
6.258502
6.998688
8.753955
10.324725
10.739520
9.913339
8.586574
7.737666
7.965792
9.185422
10.698180
11.576858
11.226302
9.834712
8.345082
7.833763
8.699880
10.336905
11.600829
11.686959
10.676026
9.355689
8.576609
8.704955
9.496627
10.328061
10.573701
9.979165
8.880637
8.062305
8.197847
9.230878
10.286662
10.345521
9.165072
7.585077
6.861022
7.599393
9.261590
10.653478
10.901967
10.055470
8.899470
8.290343
8.590388
9.533513
10.473048
10.797784
10.307775
9.359448
8.647424
8.708130
9.497485
10.407130
10.730376
10.187118
9.084323
8.048557
7.617535
7.980194
8.922338
9.909181
10.307717
9.764340
8.545539
7.476501
7.347001
8.203072
9.211272
9.339185
8.289641
6.804044
6.021190
6.493367
7.776011
8.907965
9.242915
8.854894
8.277305
7.984911
8.125809
8.593993
9.179614
9.614255
9.611744
9.045469
8.146754
7.442259
7.366517
7.873916
8.454442
8.579098
8.158814
7.584407
7.341425
7.597499
8.126386
8.554856
8.637594
8.343072
7.791022
7.185270
6.767275
6.714473
6.998669
7.363145
7.518365
7.404634
7.237345
7.254185
7.427089
7.471181
7.159649
6.597328
6.142299
6.063460
6.313810
6.642549
6.867213
6.974415
6.982641
6.820362
6.426335
5.935637
5.646450
5.725492
5.982901
6.027788
5.677057
5.159445
4.866770
4.931089
5.114185
5.121638
4.948166
11.333207
10.448825
8.400912
6.590340
6.245098
7.560591
9.568563
10.851254
10.576699
9.068028
7.490876
6.951452
7.726731
9.159287
10.188527
10.074182
8.852180
7.301182
6.454275
6.906151
8.339873
9.673337
9.839356
8.653402
7.024952
6.259577
7.009563
8.772111
10.337308
10.741586
9.914872
8.598315
7.755866
7.977534
9.186955
10.700246
11.589440
11.244458
9.845588
8.346156
7.836428
8.713269
10.354930
11.610822
11.687652
10.679353
9.369845
8.594418
8.714055
9.497018
10.332105
10.588574
9.996673
8.888844
8.062481
8.202658
9.246413
10.303788
10.352845
9.165116
7.590694
6.877156
7.616059
9.268048
10.653478
10.908425
10.072137
8.915605
8.295960
8.590432
9.540837
10.490174
10.813319
10.312585
9.359624
8.655631
8.725637
9.512359
10.411174
10.730767
10.196218
9.102132
8.062714
7.620862
7.980886
8.932330
9.927205
10.321107
9.767005
8.546613
7.487377
7.365157
8.215654
9.213338
9.340718
8.301383
6.822244
6.032932
6.494901
7.778077
8.920547
9.261071
8.865769
8.278378
7.987576
8.139198
8.612018
9.189607
9.614947
9.615070
9.059626
8.164563
7.451359
7.366909
7.877960
8.469316
8.596605
8.167022
7.584582
7.346236
7.613034
8.143512
8.562181
8.637638
8.348689
7.807156
7.201937
6.773734
6.714473
7.005127
7.379811
7.534501
7.410251
7.237389
7.261509
7.444214
7.486716
7.164459
6.597503
6.150507
6.080968
6.328683
6.646593
6.867605
6.983515
7.000449
6.834517
6.429663
5.936329
5.656442
5.743518
5.996290
6.030454
5.678132
5.170321
4.884926
4.943672
5.116251
5.123172
4.959908
11.333207
10.485660
8.494578
6.678024
6.272703
7.561562
9.615153
10.949246
10.656976
9.087285
7.494724
7.007952
7.827224
9.231013
10.200641
10.082702
8.918361
7.402260
6.516635
6.912597
8.354680
9.748599
9.939076
8.705946
7.027426
6.282046
7.092957
8.868585
10.379956
10.741935
9.946082
8.688579
7.847327
8.010592
9.187110
10.740941
11.685046
11.329335
9.869729
8.348054
7.886986
8.812487
10.431905
11.627061
11.693162
10.739774
9.470807
8.662476
8.723710
9.507871
10.402011
10.689342
10.055140
8.893487
8.080204
8.281305
9.345056
10.352361
10.354241
9.190970
7.677002
6.971826
7.654815
9.268086
10.688413
11.001021
10.161139
8.944995
8.296582
8.635047
9.638106
10.572034
10.834159
10.315709
9.414149
8.755776
8.799149
9.525790
10.418624
10.795049
10.297334
9.166413
8.070163
7.634293
8.054398
9.032475
9.981730
10.324231
9.787845
8.628472
7.584645
7.409773
8.216275
9.242728
9.429721
8.393980
6.857178
6.032970
6.533656
7.872747
9.006857
9.286925
8.867166
8.326951
8.086218
8.217846
8.629741
9.194249
9.673415
9.715837
9.129532
8.175416
7.461014
7.434966
7.978922
8.529737
8.602116
8.183261
7.661557
7.445454
7.663592
8.145410
8.586322
8.722515
8.444295
7.847851
7.202092
6.806793
6.805934
7.095390
7.411022
7.534852
7.452900
7.333862
7.344901
7.466683
7.489191
7.217002
6.697223
6.225769
6.095776
6.335129
6.708954
6.968683
7.049697
7.008969
6.846630
6.501388
6.036823
5.712942
5.747366
6.015548
6.110729
5.776124
5.216911
4.885897
4.971277
5.203936
5.216839
4.996742
11.333207
10.510537
8.556898
6.734372
6.288595
7.562996
9.649741
11.015035
10.705365
9.095689
7.500333
7.052137
7.893684
9.270144
10.203698
10.094871
8.971204
7.466533
6.546005
6.912912
8.375225
9.808415
9.998494
8.725891
7.027837
6.312065
7.157461
8.920896
10.391623
10.745273
9.985856
8.755082
7.890893
8.015844
9.195952
10.789910
11.750688
11.363271
9.870980
8.364507
7.943800
8.874479
10.456153
11.627069
11.718675
10.802405
9.526679
8.677814
8.725339
9.543111
10.467933
10.737147
10.063115
8.899465
8.125004
8.347708
9.383544
10.355151
10.366920
9.244338
7.741031
7.000548
7.655046
9.289239
10.748618
11.060029
10.180488
8.945514
8.327252
8.699771
9.689878
10.583209
10.837787
10.356122
9.480685
8.798718
8.804054
9.535081
10.468167
10.860532
10.330615
9.167493
8.087182
7.691565
8.116055
9.056096
9.981757
10.350381
9.850780
8.683860
7.599437
7.411611
8.252168
9.308772
9.476935
8.401535
6.863535
6.078381
6.599987
7.910589
9.009392
9.300120
8.921050
8.390723
8.114292
8.218006
8.651504
9.254834
9.732003
9.734594
9.130173
8.206738
7.525947
7.486189
7.989611
8.533668
8.643166
8.249816
7.703871
7.450023
7.673340
8.195519
8.651633
8.755142
8.445216
7.865444
7.259812
6.868104
6.828931
7.095448
7.437810
7.598076
7.507795
7.348114
7.346960
7.503227
7.555343
7.263620
6.704369
6.232515
6.141793
6.401377
6.746147
6.970973
7.063416
7.063363
6.910135
6.528818
6.036926
5.735320
5.808319
6.073707
6.128901
5.776898
5.248886
4.951025
5.021948
5.214150
5.221083
5.038426
11.333207
10.517278
8.573524
6.748876
6.292220
7.563666
9.659909
11.032594
10.716876
9.096984
7.502909
7.065524
7.910840
9.278247
10.203807
10.100299
8.987109
7.482012
6.550806
6.913155
8.384018
9.825759
10.011279
8.727999
7.029516
6.324222
7.174938
8.930379
10.392055
10.749471
10.000867
8.771373
7.896969
8.015871
9.203370
10.806827
11.764649
11.366353
9.871940
8.375352
7.961386
8.885324
10.457112
11.630151
11.732636
10.819322
9.534097
8.677841
8.731414
9.559402
10.482944
10.741345
10.063546
8.908948
8.142481
8.359865
9.385224
10.357259
10.379704
9.261682
7.749824
7.000791
7.659847
9.304717
10.764524
11.065457
10.180596
8.953616
8.344407
8.713159
9.692452
10.584504
10.849298
10.373681
9.490853
8.799388
8.807678
9.549584
10.484794
10.867272
10.330615
9.174233
8.103808
7.706069
8.119678
9.056766
9.991925
10.367940
9.862290
8.685155
7.602013
7.424997
8.269322
9.316875
9.477044
8.406963
6.879441
6.093860
6.604788
7.910831
9.018185
9.317464
8.933835
8.392831
8.115973
8.230164
8.668981
9.264318
9.732434
9.738792
9.145184
8.223029
7.532022
7.486217
7.997029
8.550584
8.657127
8.252898
7.704830
7.460868
7.690926
8.206365
8.652593
8.758224
8.459178
7.882360
7.267230
6.868131
6.835007
7.111738
7.452820
7.602275
7.508225
7.357596
7.364437
7.515384
7.557022
7.265727
6.717154
6.249858
6.150586
6.401620
6.750948
6.986452
7.079323
7.068791
6.910244
6.536922
6.054082
5.748707
5.810895
6.075003
6.140411
5.794456
5.259054
4.951694
5.025573
5.228654
5.237710
5.045167
11.333207
10.565854
8.691498
6.848018
6.313894
7.570966
9.738519
11.156140
10.788375
9.101237
7.530387
7.170202
8.025381
9.319818
10.204236
10.156066
9.107736
7.575102
6.567232
6.924260
8.469506
9.948449
10.075534
8.730001
7.063274
6.433841
7.285318
8.965224
10.393764
10.812510
10.123332
8.857976
7.908777
8.031485
9.295407
10.927817
11.821626
11.366937
9.912368
8.489249
8.066932
8.913818
10.460935
11.700448
11.856099
10.899096
9.541980
8.698599
8.829581
9.677873
10.532708
10.741357
10.110940
9.026402
8.242584
8.382469
9.391963
10.434695
10.503310
9.334376
7.754530
7.027266
7.763641
9.419883
10.807244
11.065755
10.235156
9.073857
8.438539
8.730418
9.702872
10.668864
10.972190
10.439147
9.493175
8.832070
8.916518
9.660707
10.520736
10.868709
10.392442
9.296451
8.191520
7.718600
8.134493
9.147737
10.113257
10.426127
9.863051
8.724448
7.715246
7.531392
8.298844
9.320287
9.546138
8.530319
6.960373
6.102347
6.624647
8.008009
9.137131
9.368423
8.933883
8.439048
8.232886
8.331213
8.692531
9.270516
9.808694
9.862434
9.219072
8.228210
7.557508
7.589112
8.112801
8.594462
8.657318
8.306254
7.824661
7.556028
7.709035
8.216122
8.735818
8.881294
8.525855
7.885025
7.298847
6.976174
6.946852
7.148788
7.454008
7.662888
7.630170
7.446404
7.377710
7.529419
7.646916
7.387377
6.776553
6.250821
6.188753
6.514169
6.858175
7.017015
7.082349
7.136678
7.033468
6.619004
6.063193
5.767682
5.907070
6.194403
6.192566
5.794564
5.304099
5.068048
5.127552
5.253165
5.243389
5.120244
11.333207
10.559339
8.675924
6.835426
6.311523
7.569602
9.727326
11.140107
10.780280
9.101081
7.525390
7.155377
8.011562
9.316220
10.203620
10.146392
9.091546
7.565428
6.566616
6.920661
8.455688
9.933623
10.070537
8.729845
7.055180
6.417807
7.274126
8.963861
10.391393
10.799918
10.107759
8.851460
7.908777
8.024969
9.279834
10.915225
11.819255
11.365573
9.901175
8.473216
8.058837
8.913662
10.455937
11.685622
11.842280
10.895499
9.541364
8.688925
8.813392
9.668199
10.532092
10.737760
10.097121
9.011577
8.237587
8.382313
9.383868
10.418662
10.492118
9.333013
7.752160
7.014675
7.748068
9.413367
10.807244
11.059239
10.219583
9.061265
8.436168
8.729054
9.691680
10.652831
10.964095
10.438991
9.488177
8.817245
8.902699
9.657109
10.520120
10.859035
10.376252
9.286777
8.190904
7.715002
8.120674
9.132911
10.108260
10.425971
9.854957
8.708415
7.704054
7.530027
8.296474
9.307694
9.530564
8.523804
6.960373
6.095831
6.609074
7.995417
9.134760
9.367059
8.922690
8.423015
8.224792
8.331056
8.687533
9.255691
9.794875
9.858837
9.218456
8.218536
7.541319
7.579438
8.112185
8.590865
8.643499
8.291429
7.819664
7.555872
7.700941
8.200088
8.724626
8.879930
8.523484
7.872434
7.283274
6.969658
6.946852
7.142273
7.438435
7.650297
7.627799
7.445039
7.366518
7.513385
7.638821
7.387221
6.771556
6.235996
6.174934
6.510571
6.857559
7.007341
7.066159
7.127004
7.032852
6.615406
6.049375
5.752857
5.902073
6.194247
6.184471
5.778530
5.292907
5.066683
5.125181
5.240574
5.227816
5.113729
11.333207
10.537944
8.625614
6.796344
6.305304
7.563710
9.688685
11.089625
10.758384
9.101077
7.504497
7.105248
7.972043
9.309667
10.198049
10.108199
9.040902
7.543027
6.566596
6.900267
8.405748
9.893672
10.063642
8.724585
7.017438
6.367011
7.251220
8.963817
10.371495
10.750178
10.067380
8.844214
7.903821
7.987684
9.228894
10.891812
11.819175
11.346169
9.851645
8.432416
8.051234
8.909000
10.419112
11.634549
11.818360
10.895375
9.522452
8.639612
8.772178
9.660232
10.527719
10.701400
10.045924
8.987147
8.237408
8.363892
9.334783
10.377038
10.483781
9.328918
7.716269
6.963363
7.723130
9.413123
10.789308
11.010390
10.177556
9.052550
8.432343
8.693637
9.640264
10.627383
10.963777
10.421538
9.439572
8.774819
8.893601
9.653546
10.485179
10.807525
10.350295
9.286372
8.173931
7.666650
8.077860
9.123422
10.104951
10.391509
9.803361
8.681949
7.703555
7.513531
8.248384
9.264495
9.520677
8.520739
6.926394
6.044161
6.582097
7.994814
9.118736
9.319240
8.879113
8.412724
8.221963
8.297564
8.635798
9.228206
9.794158
9.843283
9.170916
8.174589
7.530620
7.576836
8.079182
8.539075
8.615505
8.290587
7.804574
7.508620
7.656629
8.188974
8.722241
8.847420
8.471650
7.843933
7.282300
6.955029
6.899895
7.097604
7.426899
7.648120
7.595782
7.393170
7.337510
7.512268
7.624650
7.340568
6.726538
6.224034
6.172959
6.479051
6.805665
6.977828
7.064889
7.113283
6.986510
6.570045
6.036981
5.751072
5.871052
6.142338
6.154453
5.777098
5.279634
5.020660
5.079486
5.227742
5.226212
5.083208
11.333207
10.475604
8.481429
6.688893
6.291191
7.542065
9.571347
10.949880
10.707320
9.100167
7.430597
6.958357
7.875306
9.301612
10.167586
9.982043
8.907216
7.502677
6.562978
6.814806
8.257948
9.808211
10.060025
8.684235
6.883751
6.240855
7.220757
8.955762
10.274758
10.603288
9.993480
8.843305
7.852757
7.847939
9.111556
10.870168
11.805060
11.238719
9.707461
8.370076
8.051234
8.846661
10.274928
11.527099
11.804246
10.873731
9.405114
8.499866
8.721114
9.659322
10.453818
10.554509
9.949187
8.979093
8.206945
8.237736
9.201097
10.336688
10.480165
9.243457
7.568469
6.877903
7.719513
9.372773
10.655622
10.884234
10.147094
9.044496
8.335607
8.546747
9.566363
10.626473
10.912713
10.281793
9.322234
8.753175
8.879485
9.546096
10.340995
10.745185
10.350295
9.224032
8.029746
7.559200
8.063745
9.101777
9.987613
10.251763
9.752297
8.681039
7.629655
7.366640
8.151647
9.256440
9.490214
8.394583
6.792707
6.003811
6.578480
7.909353
8.970936
9.233779
8.875497
8.372375
8.088278
8.171408
8.605336
9.220151
9.697421
9.696392
9.097015
8.173680
7.479556
7.437090
7.961844
8.517430
8.601391
8.183137
7.660391
7.446280
7.656629
8.126635
8.578057
8.739969
8.457536
7.822286
7.164963
6.815283
6.848831
7.096694
7.352999
7.501232
7.499045
7.385115
7.307047
7.386112
7.490963
7.300218
6.722920
6.138574
6.025159
6.393590
6.802048
6.937478
6.931202
6.987127
6.956047
6.561991
5.940244
5.604181
5.797152
6.141428
6.103390
5.637352
5.162296
4.999016
5.065372
5.120292
5.082028
5.020868
11.333207
10.512311
8.564905
6.748475
6.297458
7.557616
9.642756
11.027312
10.730544
9.102515
7.481431
7.043355
7.921179
9.302600
10.195399
10.062093
8.974753
7.514550
6.572110
6.878851
8.339784
9.840007
10.060319
8.725935
6.968299
6.295738
7.224663
8.975366
10.349639
10.677619
10.012383
8.847568
7.908437
7.932347
9.152421
10.870372
11.837667
11.320865
9.770782
8.378697
8.063693
8.914869
10.354577
11.554132
11.805421
10.920436
9.490153
8.549879
8.723195
9.683295
10.531722
10.625300
9.964097
8.985803
8.267290
8.320976
9.236978
10.336696
10.517701
9.327151
7.627283
6.883741
7.735715
9.444791
10.732570
10.906718
10.149722
9.096147
8.420548
8.591787
9.567180
10.655072
10.993150
10.348651
9.333535
8.762830
8.944246
9.627603
10.371985
10.745585
10.392831
9.308703
8.083827
7.562765
8.084057
9.177194
10.061383
10.269977
9.756932
8.737512
7.713911
7.406672
8.151773
9.289861
9.572658
8.457170
6.800831
6.016865
6.647349
7.988586
8.997194
9.235156
8.923032
8.457438
8.137468
8.173239
8.630063
9.298512
9.767583
9.710672
9.104183
8.234778
7.562547
7.472148
7.961875
8.555797
8.685287
8.241176
7.665814
7.463143
7.729243
8.203084
8.599809
8.742895
8.510001
7.907150
7.209168
6.815945
6.878222
7.177502
7.419167
7.511971
7.509236
7.450583
7.388211
7.416300
7.491485
7.343589
6.807697
6.191850
6.028397
6.414617
6.877988
7.010676
6.948735
6.992149
7.013306
6.646074
5.979443
5.604255
5.831388
6.224153
6.165236
5.644991
5.175959
5.068537
5.144176
5.145782
5.083625
5.069232
11.333207
10.556884
8.664530
6.816468
6.302963
7.580064
9.731675
11.114913
10.751365
9.108954
7.551272
7.142480
7.963789
9.302638
10.241946
10.162143
9.040872
7.519190
6.596228
6.969029
8.426010
9.859246
10.067761
8.797592
7.066848
6.336394
7.224818
9.023892
10.450038
10.741839
10.016229
8.873397
7.999811
8.017145
9.170127
10.878884
11.911109
11.418763
9.809501
8.379046
8.114203
9.015543
10.416879
11.557254
11.832999
11.012944
9.573468
8.566102
8.732841
9.758487
10.628898
10.662101
9.964719
9.038297
8.368156
8.381340
9.239450
10.366059
10.611279
9.408933
7.642077
6.894584
7.812617
9.541173
10.767472
10.907689
10.204196
9.197129
8.478961
8.593683
9.598361
10.749654
11.073350
10.362071
9.345637
8.841403
9.039762
9.660630
10.373382
10.802033
10.493852
9.365151
8.085223
7.595792
8.179573
9.255767
10.073485
10.283397
9.837132
8.832093
7.745090
7.408567
8.210186
9.390843
9.627131
8.458141
6.835732
6.113246
6.724252
7.999430
9.011988
9.316937
9.016610
8.486802
8.139940
8.233603
8.730929
9.351007
9.768205
9.747473
9.201359
8.309970
7.572193
7.488372
8.045189
8.648305
8.712866
8.244298
7.728116
7.563814
7.779753
8.203434
8.638528
8.840794
8.583444
7.915666
7.226874
6.900742
6.969597
7.203332
7.423011
7.576192
7.609635
7.499111
7.388368
7.456956
7.590035
7.415246
6.815140
6.211089
6.114623
6.504794
6.902106
7.015316
7.014854
7.092200
7.059853
6.646112
6.022052
5.703380
5.901229
6.230593
6.186057
5.732593
5.264877
5.090985
5.149681
5.213775
5.183250
5.113806
11.333207
10.506650
8.554214
6.744609
6.298724
7.550625
9.629676
11.023889
10.735053
9.096313
7.464638
7.037671
7.929409
9.300241
10.175389
10.051026
8.985179
7.518922
6.551401
6.860041
8.349006
9.852670
10.043010
8.698849
6.971774
6.316032
7.215432
8.941947
10.342893
10.702313
10.015159
8.812245
7.888426
7.955993
9.169057
10.839358
11.803964
11.336818
9.800115
8.358685
8.019130
8.916799
10.392127
11.550677
11.755994
10.903956
9.528640
8.565834
8.677148
9.647370
10.562341
10.659703
9.930339
8.933488
8.281523
8.368698
9.223138
10.275035
10.509280
9.379493
7.637838
6.822725
7.702302
9.490939
10.767472
10.857455
10.093881
9.125270
8.474721
8.564243
9.496362
10.658629
11.057038
10.349429
9.259004
8.736594
9.005382
9.658233
10.306825
10.690917
10.438159
9.364882
8.040395
7.486804
8.102568
9.249190
10.048734
10.184653
9.742059
8.811732
7.735705
7.326621
8.103039
9.351317
9.626061
8.396990
6.724347
6.052095
6.723182
7.959904
8.904842
9.234992
9.007224
8.466441
8.044867
8.134859
8.706178
9.344430
9.691199
9.638485
9.156530
8.309703
7.516500
7.377255
7.978633
8.645907
8.678486
8.139488
7.641482
7.551172
7.763440
8.112409
8.536529
8.811354
8.579205
7.843808
7.116559
6.850508
6.969597
7.153098
7.312696
7.504333
7.605396
7.469672
7.286368
7.365933
7.573722
7.402603
6.728506
6.106279
6.080243
6.502397
6.835548
6.904199
6.959162
7.091932
7.015025
6.537125
5.945046
5.696804
5.876477
6.131849
6.090983
5.712231
5.255491
5.009039
5.042535
5.174249
5.182180
5.052654
11.333207
10.489799
8.517867
6.722054
6.297829
7.539338
9.595098
10.996049
10.731561
9.089902
7.433422
7.005480
7.921871
9.297547
10.148801
10.015845
8.972545
7.518417
6.530254
6.823525
8.330720
9.852614
10.027585
8.662783
6.947838
6.314641
7.205448
8.908069
10.313859
10.697932
10.009803
8.782084
7.855347
7.947261
9.167064
10.814075
11.768287
11.322801
9.799890
8.338965
7.982558
8.897079
10.391902
11.536660
11.720317
10.878673
9.526647
8.557102
8.644070
9.617209
10.556985
10.655322
9.901305
8.899610
8.271540
8.367308
9.199201
10.238969
10.493855
9.379437
7.619552
6.786209
7.681155
9.490434
10.754838
10.822274
10.067292
9.122577
8.467183
8.532053
9.465146
10.652219
11.053546
10.321589
9.224425
8.725307
9.004487
9.635678
10.270478
10.674066
10.438159
9.348031
8.004048
7.464250
8.101673
9.237903
10.014155
10.156814
9.738566
8.805322
7.704488
7.294431
8.095501
9.348624
9.599473
8.361808
6.711712
6.051590
6.702035
7.923388
8.886557
9.234937
8.991799
8.430375
8.020929
8.133469
8.696195
9.310552
9.662166
9.634104
9.151175
8.279542
7.483420
7.368524
7.976640
8.620624
8.642809
8.125471
7.641258
7.531452
7.726867
8.092689
8.536304
8.797337
8.543528
7.818524
7.114567
6.841777
6.936517
7.122936
7.307341
7.499952
7.576361
7.435795
7.276384
7.364542
7.549786
7.366537
6.713081
6.106224
6.061957
6.465880
6.814402
6.903694
6.946527
7.056752
6.988438
6.534431
5.937510
5.664614
5.845261
6.125440
6.087492
5.684390
5.220912
4.997751
5.041640
5.151694
5.145833
5.035803
11.333207
10.551242
8.647987
6.798818
6.299634
7.585673
9.721635
11.087499
10.738677
9.122176
7.552991
7.110171
7.937515
9.317586
10.258403
10.131598
8.999457
7.528719
6.627441
6.947552
8.371021
9.856219
10.110593
8.791838
7.002912
6.314956
7.273298
9.038629
10.384269
10.698548
10.062352
8.910541
7.940806
7.951754
9.205018
10.936938
11.867684
11.334527
9.824758
8.453053
8.094008
8.918999
10.405919
11.639276
11.841269
10.913184
9.532645
8.646183
8.771445
9.666013
10.558240
10.729554
10.031676
8.963614
8.271591
8.426195
9.328969
10.318246
10.496308
9.423335
7.745155
6.879986
7.689481
9.520522
10.872941
10.928977
10.084638
9.140801
8.574870
8.649392
9.494163
10.661181
11.148471
10.446691
9.267116
8.728119
9.085013
9.765233
10.328092
10.674180
10.503446
9.478490
8.077008
7.465268
8.151720
9.365664
10.102038
10.162286
9.774215
8.926932
7.806046
7.307664
8.118389
9.460973
9.712701
8.385678
6.724181
6.152075
6.824283
7.960184
8.891527
9.321612
9.119920
8.481671
8.021734
8.205154
8.826716
9.377120
9.662368
9.690445
9.280493
8.361312
7.486617
7.410016
8.101215
8.716685
8.652430
8.153433
7.757814
7.640105
7.745992
8.109174
8.642009
8.916183
8.574702
7.826234
7.207186
6.967859
6.981629
7.125052
7.385364
7.629907
7.636525
7.435809
7.339108
7.494799
7.625286
7.368055
6.760647
6.233193
6.152227
6.472426
6.847788
7.023966
7.050187
7.071572
7.009408
6.644966
6.052440
5.690496
5.856264
6.223739
6.210949
5.723514
5.224948
5.081989
5.170409
5.205504
5.146286
5.104933
11.333207
10.552394
8.650383
6.800159
6.299649
7.586639
9.724000
11.089025
10.738736
9.122960
7.555298
7.111872
7.937646
9.318200
10.260625
10.133464
8.999686
7.529177
6.629552
6.949565
8.371374
9.856538
10.112571
8.793980
7.003407
6.315159
7.275125
9.040874
10.384925
10.698659
10.064012
8.912866
7.941636
7.951800
9.206498
10.939313
11.868697
11.334537
9.826051
8.455451
8.095208
8.919001
10.407025
11.641665
11.842656
10.913209
9.533565
8.648537
8.773015
9.666087
10.558980
10.731843
10.033420
8.963769
8.272165
8.428392
9.330873
10.318503
10.496730
9.425416
7.747202
6.880373
7.689769
9.522464
10.875112
10.929511
10.084815
9.142587
8.577138
8.650090
9.494254
10.662797
11.150811
10.447564
9.267150
8.729553
9.087398
9.766292
10.328095
10.675427
10.505845
9.479737
8.077012
7.466326
8.154104
9.367099
10.102073
10.163159
9.776555
8.928548
7.806139
7.308362
8.120657
9.462758
9.712878
8.386212
6.726351
6.154017
6.824571
7.960569
8.893574
9.323693
9.120341
8.481929
8.023638
8.207352
8.827291
9.377275
9.664111
9.692734
9.281233
8.361386
7.488187
7.412369
8.102135
8.716710
8.653816
8.155823
7.758919
7.640107
7.747192
8.111571
8.643302
8.916193
8.575715
7.828609
7.208665
6.967905
6.982459
7.127377
7.387022
7.630018
7.637180
7.438055
7.340934
7.495002
7.625781
7.370196
6.762625
6.233513
6.152579
6.474440
6.849899
7.024424
7.050417
7.073437
7.011630
6.645580
6.052571
5.692198
5.858571
6.224524
6.211008
5.725039
5.227313
5.082955
5.170424
5.206845
5.148681
5.106086
11.333207
10.585324
8.717539
6.835727
6.299752
7.616937
9.790948
11.127217
10.739148
9.150645
7.621834
7.152662
7.938574
9.343308
10.326545
10.176805
9.001330
7.551762
6.694658
6.995399
8.373930
9.876666
10.176667
8.842230
7.007067
6.332915
7.338023
9.091449
10.389874
10.714139
10.125531
8.965663
7.948051
7.965117
9.266467
10.994214
11.876744
11.345815
9.884307
8.512322
8.105046
8.928377
10.463418
11.700366
11.854430
10.920833
9.587951
8.708910
8.786860
9.672120
10.611232
10.793725
10.049459
8.968379
8.322168
8.491608
9.349214
10.321870
10.544383
9.489781
7.767938
6.882682
7.734985
9.587790
10.898322
10.930957
10.127522
9.208680
8.602887
8.650871
9.534398
10.729455
11.179147
10.447881
9.304688
8.796573
9.118352
9.766349
10.363004
10.742602
10.539435
9.479743
8.109283
7.533450
8.190331
9.367259
10.131715
10.230023
9.815400
8.929070
7.833174
7.374763
8.162088
9.463845
9.737351
8.451947
6.770321
6.155870
6.846535
8.025438
8.940020
9.326509
9.139869
8.545743
8.072477
8.211317
8.844468
9.439845
9.715253
9.698032
9.296162
8.422533
7.541521
7.419177
8.114929
8.776267
8.709223
8.164301
7.769708
7.697911
7.804534
8.121881
8.652226
8.972095
8.634850
7.840890
7.215876
7.021769
7.043225
7.141760
7.392682
7.681718
7.699412
7.454659
7.345216
7.544427
7.689302
7.389127
6.765710
6.280564
6.217204
6.495787
6.851974
7.069019
7.115954
7.097276
7.012891
6.687652
6.118824
5.718589
5.859216
6.264019
6.277776
5.754026
5.227545
5.119838
5.237502
5.238458
5.148705
5.140336
11.333207
10.634259
8.815409
6.884662
6.299752
7.665872
9.888818
11.176152
10.739148
9.199580
7.719704
7.201597
7.938575
9.392243
10.424415
10.225739
9.001330
7.600697
6.792528
7.044334
8.373930
9.925601
10.274537
8.891165
7.007067
6.381850
7.435893
9.140384
10.389874
10.763074
10.223401
9.014598
7.948050
8.014051
9.364337
11.043149
11.876744
11.394750
9.982177
8.561257
8.105044
8.977312
10.561288
11.749301
11.854430
10.969768
9.685821
8.757845
8.786861
9.721055
10.709102
10.842660
10.049459
9.017314
8.420038
8.540543
9.349214
10.370805
10.642253
9.538716
7.767938
6.931617
7.832855
9.636725
10.898322
10.979892
10.225392
9.257615
8.602887
8.699806
9.632268
10.778390
11.179147
10.496816
9.402558
8.845508
9.118352
9.815284
10.460874
10.791537
10.539435
9.528678
8.207154
7.582385
8.190331
9.416194
10.229585
10.278958
9.815400
8.978005
7.931046
7.423697
8.162088
9.512780
9.835221
8.500882
6.770321
6.204805
6.944405
8.074373
8.940020
9.375443
9.237739
8.594678
8.072479
8.260252
8.942338
9.488780
9.715253
9.746967
9.394032
8.471468
7.541521
7.468112
8.212799
8.825202
8.709223
8.213236
7.867578
7.746846
7.804534
8.170816
8.750096
9.021030
8.634849
7.889825
7.313745
7.070704
7.043225
7.190695
7.490552
7.730653
7.699411
7.503594
7.443086
7.593362
7.689303
7.438062
6.863580
6.329499
6.217204
6.544722
6.949844
7.117954
7.115954
7.146211
7.110761
6.736587
6.118824
5.767524
5.957086
6.312954
6.277776
5.802961
5.325415
5.168773
5.237502
5.287393
5.246575
5.189271
11.333207
10.656707
8.859421
6.905380
6.299820
7.690045
9.932694
11.195151
10.739419
9.225465
7.763310
7.218894
7.939184
9.419816
10.467616
10.241364
9.002408
7.629924
6.835196
7.058325
8.375607
9.956437
10.316545
8.903572
7.009466
6.414241
7.477115
9.151267
10.393119
10.796958
10.263721
9.024026
7.952253
8.049353
9.403640
11.051198
11.882020
11.431388
10.020356
8.568015
8.111493
9.015196
10.598247
11.754859
11.862147
11.008800
9.721463
8.762308
8.795937
9.761130
10.743346
10.846133
10.059970
9.058320
8.452810
8.543142
9.361234
10.412627
10.673484
9.540563
7.781528
6.974132
7.862490
9.637940
10.913533
11.022973
10.253383
9.258328
8.619763
8.743324
9.658578
10.778733
11.197717
10.540637
9.427161
8.845615
9.138638
9.859275
10.483752
10.791541
10.561450
9.572703
8.228305
7.582424
8.214073
9.460116
10.249011
10.279166
9.840859
9.021691
7.948766
7.424210
8.189241
9.556096
9.851260
8.501830
6.799138
6.247618
6.958799
8.075890
8.970459
9.417626
9.250537
8.596885
8.104486
8.301682
8.953595
9.491803
9.748771
9.787523
9.403816
8.475423
7.576475
7.507679
8.221186
8.830199
8.745535
8.251707
7.874650
7.752991
7.842116
8.208086
8.755946
9.028421
8.673602
7.925804
7.318472
7.079432
7.083050
7.225297
7.494263
7.740799
7.740196
7.536740
7.445893
7.605000
7.730931
7.469684
6.865602
6.342691
6.259557
6.574759
6.951205
7.132756
7.158906
7.174616
7.111588
6.753043
6.162245
5.794256
5.957509
6.331099
6.321533
5.827992
5.325567
5.188629
5.281463
5.310703
5.246593
5.210854
11.333207
10.631474
8.810938
6.883955
6.299522
7.661029
9.884809
11.177463
10.738231
9.192782
7.716600
7.204779
7.936538
9.383674
10.422637
10.230575
8.997771
7.590614
6.792455
7.050527
8.368496
9.914330
10.276498
8.898359
6.999458
6.369775
7.440150
9.148171
10.379863
10.750630
10.230151
9.022525
7.935478
8.001707
9.373693
11.050733
11.861539
11.382998
9.994172
8.567996
8.087214
8.966658
10.575873
11.754691
11.834071
10.960708
9.702853
8.761396
8.764154
9.714074
10.728358
10.843904
10.024669
9.012858
8.441217
8.539051
9.322684
10.369283
10.664973
9.534112
7.740081
6.933373
7.856673
9.628694
10.869613
10.985206
10.249804
9.245914
8.573852
8.708881
9.656730
10.762858
11.150348
10.509768
9.426490
8.826073
9.090381
9.832143
10.483678
10.768216
10.512893
9.549378
8.228230
7.555292
8.165815
9.440574
10.248340
10.248298
9.793490
9.005816
7.946922
7.389767
8.143330
9.543681
9.847682
8.464063
6.755218
6.238370
6.952983
8.035131
8.929012
9.411176
9.242026
8.553540
8.065937
8.297590
8.942002
9.446342
9.713470
9.785294
9.388828
8.428367
7.544694
7.506768
8.202576
8.782107
8.717459
8.251539
7.852275
7.704452
7.817837
8.208068
8.729762
8.980032
8.653121
7.925340
7.288526
7.031785
7.066274
7.223797
7.460692
7.694473
7.726941
7.533644
7.408929
7.560534
7.720923
7.464472
6.825556
6.300584
6.252446
6.566961
6.908464
7.093447
7.154269
7.163826
7.066607
6.716901
6.159599
5.780142
5.910799
6.298416
6.320345
5.810304
5.277680
5.159614
5.281164
5.289278
5.198110
5.185622
11.333207
10.676276
8.895266
6.918828
6.300691
7.715622
9.966815
11.202817
10.742843
9.256488
7.794091
7.221553
7.946677
9.455310
10.493669
10.240180
9.015212
7.668559
6.855440
7.054769
8.394615
9.996615
10.330293
8.899343
7.035151
6.454193
7.484122
9.148181
10.425492
10.834853
10.264207
9.023896
7.990865
8.083416
9.398290
11.055730
11.925956
11.460021
10.010289
8.578679
8.159445
9.037073
10.584958
11.772809
11.912457
11.022964
9.706740
8.788286
8.846704
9.767068
10.729173
10.880418
10.109159
9.056001
8.441250
8.585508
9.406785
10.402526
10.666562
9.590285
7.821481
6.957220
7.862068
9.693816
10.946153
11.000674
10.261046
9.318725
8.643641
8.717457
9.675534
10.841672
11.211867
10.513314
9.454156
8.908872
9.142568
9.832803
10.521016
10.852763
10.555203
9.549453
8.275514
7.639254
8.198250
9.442395
10.305295
10.329373
9.816592
9.011624
8.012737
7.465813
8.158161
9.555491
9.921062
8.533216
6.763299
6.257870
7.032209
8.095905
8.932234
9.439624
9.325059
8.604918
8.066460
8.335754
9.026591
9.487821
9.713601
9.833401
9.472635
8.459993
7.546765
7.564499
8.283312
8.804473
8.723694
8.318041
7.927813
7.718658
7.830230
8.282006
8.798266
8.987631
8.673326
8.004964
7.348550
7.034696
7.095510
7.307047
7.511257
7.694872
7.765932
7.618257
7.449578
7.560738
7.769852
7.548110
6.856381
6.302919
6.310948
6.647341
6.930101
7.100123
7.221449
7.238844
7.080198
6.729887
6.234083
5.847989
5.917930
6.319332
6.400354
5.869570
5.280296
5.189642
5.364616
5.339026
5.198403
5.225442
11.333207
10.671561
8.886578
6.915477
6.300477
7.709578
9.958549
11.200728
10.742007
9.249278
7.786628
7.220505
7.944874
9.447211
10.487313
10.239846
9.012191
7.659937
6.850384
7.054755
8.390244
9.987885
10.326604
8.899221
7.029428
6.445783
7.481735
9.147536
10.418551
10.827157
10.262925
9.022363
7.982957
8.076761
9.397813
11.053031
11.917428
11.454629
10.010234
8.574651
8.150702
9.033045
10.584903
11.767417
11.903930
11.020265
9.706264
8.781631
8.838797
9.765534
10.727891
10.872722
10.102218
9.055356
8.438862
8.577099
9.401063
10.402404
10.662873
9.581555
7.817110
6.957205
7.857013
9.685195
10.943131
11.000340
10.254691
9.310626
8.641839
8.716410
9.668073
10.834462
11.211032
10.511226
9.445889
8.902827
9.142352
9.829452
10.512328
10.848048
10.555203
9.544738
8.266826
7.635903
8.198034
9.436351
10.297029
10.327285
9.815757
9.004415
8.005276
7.464765
8.156359
9.547393
9.914706
8.532882
6.760278
6.249248
7.027154
8.095892
8.927862
9.430894
9.321370
8.604796
8.060738
8.327345
9.024203
9.487176
9.706660
9.825705
9.471354
8.458461
7.538857
7.557844
8.282835
8.801774
8.715166
8.312649
7.927758
7.714630
7.821488
8.277978
8.798211
8.982239
8.664798
8.002265
7.348073
7.028040
7.087602
7.305514
7.509976
7.687177
7.758990
7.617612
7.447191
7.552329
7.764130
7.547989
6.852694
6.294190
6.306577
6.647326
6.925046
7.091501
7.218428
7.238510
7.073842
6.721788
6.232281
5.846941
5.910467
6.312121
6.399519
5.867482
5.272030
5.183598
5.364402
5.335675
5.189714
5.220727
11.333207
10.812039
9.139993
7.006276
6.310215
7.897825
10.192861
11.247504
10.779479
9.476111
7.985644
7.235612
8.023851
9.697577
10.640210
10.240462
9.140128
7.915198
6.953362
7.060264
8.567141
10.228654
10.383464
8.928263
7.247830
6.654883
7.503297
9.215165
10.664687
10.992232
10.265384
9.137759
8.238832
8.192160
9.400271
11.218106
12.163564
11.522258
10.031796
8.783750
8.369105
9.062087
10.641763
12.008185
12.080827
11.025773
9.809241
9.036890
8.966734
9.766150
10.880788
11.123088
10.181195
9.070462
8.637877
8.803933
9.438535
10.449180
10.897185
9.769801
7.826849
7.048005
8.110430
9.825673
10.943131
11.140819
10.508107
9.401425
8.651578
8.904655
9.902385
10.881238
11.248504
10.738059
9.644904
8.917934
9.221332
10.079818
10.665225
10.848664
10.683141
9.799996
8.369803
7.641412
8.374931
9.677119
10.353889
10.356326
10.034160
9.213513
8.026834
7.532393
8.402493
9.712468
9.917165
8.648278
7.016152
6.364645
7.029613
8.260965
9.173998
9.498523
9.342933
8.813895
8.279139
8.356388
9.081063
9.727944
9.883557
9.831213
9.574331
8.713718
7.666795
7.558460
8.435730
9.052140
8.794144
8.327757
8.126774
7.941464
7.858961
8.324755
9.032523
9.170485
8.674537
8.093065
7.601489
7.168518
7.087602
7.445992
7.763392
7.777977
7.768730
7.805859
7.681503
7.599104
7.801604
7.774821
7.051709
6.309298
6.385554
6.897692
7.077943
7.092117
7.346365
7.493769
7.176820
6.727298
6.409178
6.087708
5.967326
6.341162
6.617921
6.076582
5.293591
5.251225
5.610538
5.500751
5.192173
5.336124
11.333207
10.793195
9.106734
6.995250
6.308377
7.871594
10.163177
11.243024
10.772527
9.444537
7.962328
7.234978
8.009626
9.663865
10.624671
10.240138
9.118054
7.883021
6.945309
7.056643
8.538355
10.201352
10.380979
8.918459
7.214931
6.634731
7.503244
9.197640
10.631169
10.979947
10.264100
9.112657
8.208328
8.186743
9.394361
11.187222
12.139045
11.521214
10.018870
8.750142
8.352242
9.061969
10.620963
11.975503
12.071620
11.022931
9.781426
9.008581
8.963511
9.757527
10.848346
11.101647
10.180987
9.054261
8.604204
8.790360
9.437709
10.425258
10.865945
9.763377
7.821909
7.017900
8.084755
9.824124
10.931479
11.107417
10.489921
9.401412
8.632077
8.871563
9.891974
10.879086
11.221730
10.708814
9.640862
8.910440
9.189444
10.057118
10.664758
10.833783
10.649415
9.785115
8.369336
7.618713
8.343044
9.669625
10.349847
10.327081
10.007386
9.211362
8.016424
7.499301
8.382992
9.712455
9.898978
8.614877
7.004500
6.363096
7.003940
8.230860
9.169058
9.492099
9.311692
8.789973
8.278313
8.342815
9.047391
9.711743
9.883349
9.809772
9.541889
8.705095
7.663573
7.530151
8.407917
9.049298
8.784937
8.295073
8.105974
7.941347
7.842098
8.291146
9.019597
9.169441
8.650018
8.062181
7.595577
7.163101
7.057097
7.420890
7.762107
7.765690
7.735212
7.788334
7.681451
7.578952
7.768703
7.765018
7.049224
6.281996
6.356768
6.894071
7.069890
7.059941
7.324291
7.493445
7.161280
6.693585
6.394953
6.087074
5.944011
6.309587
6.610970
6.072102
5.263906
5.224995
5.608699
5.489724
5.158914
5.317280
11.333207
10.797532
9.114221
6.997536
6.308939
7.877828
10.169580
11.243709
10.774610
9.451955
7.966887
7.234986
8.013741
9.671405
10.627166
10.240588
9.124110
7.889585
6.946128
7.058529
8.545692
10.206130
10.381005
8.922348
7.222512
6.637438
7.503595
9.203511
10.637885
10.980910
10.265796
9.119903
8.213322
8.186802
9.398025
11.194833
12.141969
11.521478
10.024549
8.756997
8.353360
9.063481
10.628106
11.980708
12.071727
11.026372
9.789052
9.011724
8.963698
9.763007
10.855332
11.102929
10.182324
9.061288
8.609615
8.790524
9.440927
10.432885
10.869311
9.763501
7.827184
7.025005
8.086208
9.825295
10.938380
11.113030
10.490157
9.404408
8.639695
8.875153
9.892049
10.884151
11.228944
10.710448
9.641877
8.917204
9.195251
10.057439
10.667537
10.841376
10.653230
9.785151
8.374187
7.626022
8.344866
9.670491
10.356462
10.333076
10.007802
9.213927
8.023981
7.503340
8.383003
9.717088
9.906371
8.616893
7.005229
6.369554
7.010116
8.231384
9.171413
9.499604
9.315955
8.789975
8.282724
8.350281
9.049609
9.712346
9.889642
9.816120
9.542532
8.707245
7.671016
7.534636
8.407921
9.053487
8.792459
8.297497
8.106462
7.947464
7.848609
8.291921
9.021548
9.176807
8.654723
8.062201
7.599542
7.170670
7.059733
7.421273
7.768041
7.772357
7.736127
7.790092
7.688729
7.583874
7.768751
7.768757
7.056827
6.284847
6.357059
6.899814
7.076700
7.061007
7.325864
7.500624
7.166414
6.693675
6.398468
6.094696
5.947082
6.309797
6.616516
6.079045
5.265132
5.226390
5.615766
5.495068
5.159058
5.320572
11.333207
10.448039
8.524581
6.832523
6.251221
7.361914
9.689727
11.210769
10.565784
8.851245
7.664671
7.231266
7.618136
9.099914
10.502587
10.152072
8.577397
7.450165
6.931337
6.803590
7.941257
9.951192
10.366214
8.482929
6.675799
6.548921
7.379018
8.632020
10.242280
10.977189
9.963580
8.519194
8.004496
8.153861
8.918172
10.678918
12.084250
11.356465
9.434909
8.407504
8.353361
8.713990
10.038466
11.815696
12.014009
10.510457
9.309199
8.978786
8.754872
9.162297
10.553117
11.099208
9.786719
8.489796
8.485037
8.702010
8.894214
9.993466
10.854520
9.508563
7.222753
6.770066
8.071420
9.385877
10.391667
11.024514
10.365579
8.832916
8.244089
8.871432
9.589833
10.283441
11.020118
10.677508
9.162024
8.401290
9.137532
9.892426
10.077897
10.491883
10.653230
9.435658
7.784547
7.461010
8.287148
9.154576
9.876609
10.300136
9.798976
8.613217
7.721765
7.499619
7.987401
9.145597
9.781793
8.528378
6.458516
5.930135
6.995324
7.976446
8.566982
9.244666
9.301164
8.350556
7.736013
8.261762
8.925031
9.140855
9.494037
9.812399
9.240316
8.106531
7.462190
7.501697
7.928065
8.537572
8.734741
8.132484
7.516822
7.597971
7.848606
7.942427
8.431909
9.011795
8.597006
7.546287
7.119688
7.137732
6.850907
6.820562
7.465825
7.768634
7.340522
7.218601
7.564150
7.495355
7.222038
7.329340
7.042035
6.029908
5.752627
6.644875
7.061909
6.621588
6.779151
7.412107
7.041835
6.122183
6.002863
6.090976
5.644866
5.709086
6.407690
6.046106
4.785278
4.710476
5.558047
5.330055
4.569418
4.971080
11.333207
10.102128
7.954374
6.687091
6.180734
6.840307
9.251784
11.194531
10.317613
8.262917
7.427871
7.211031
7.170228
8.585809
10.439429
9.996560
8.003410
7.115664
6.931112
6.446349
7.375265
9.815610
10.288053
7.954171
6.248045
6.536253
7.119403
8.044140
10.016765
10.952533
9.505942
8.012934
7.948309
7.988057
8.340829
10.355889
12.083344
10.987990
8.873546
8.281528
8.267195
8.178442
9.621106
11.806163
11.742898
9.923488
9.094863
8.949292
8.287758
8.664203
10.503537
10.922912
9.206462
8.178284
8.482998
8.322415
8.337893
9.876836
10.760026
8.966596
6.815977
6.763231
7.788777
8.800265
10.188384
10.989776
9.889253
8.343306
8.200738
8.684464
9.007100
9.983472
11.016496
10.286929
8.611148
8.293731
9.034402
9.344422
9.681878
10.487302
10.359036
8.851853
7.592179
7.420626
7.801892
8.673749
9.839099
10.102328
9.214211
8.324800
7.716113
7.098202
7.442368
9.046823
9.669732
7.974729
6.073412
5.927361
6.689581
7.394895
8.385372
9.198247
8.807271
7.878801
7.703947
8.052967
8.338683
8.863980
9.485908
9.400309
8.701509
8.016244
7.340919
6.942804
7.554017
8.536155
8.417465
7.553630
7.345796
7.545132
7.346390
7.480018
8.404885
8.791883
8.009524
7.280930
7.108643
6.715149
6.318707
6.738440
7.335077
7.204907
6.977651
7.218091
7.235379
6.919638
7.061405
7.269714
6.531809
5.577104
5.730233
6.413730
6.473749
6.367702
6.764752
6.979233
6.516608
6.047901
5.862385
5.522825
5.293279
5.709030
6.067474
5.473957
4.634834
4.643697
5.040148
4.887101
4.551234
4.728604
11.333207
10.209208
8.126755
6.726912
6.206977
7.004405
9.375672
11.196254
10.407212
8.440392
7.483182
7.226132
7.323184
8.725186
10.446250
10.068679
8.182609
7.187783
6.937931
6.585727
7.528221
9.830710
10.343364
8.131649
6.337645
6.537975
7.243290
8.208241
10.043008
10.992354
9.678321
8.120014
7.948309
8.095138
8.513208
10.395711
12.109588
11.152089
8.997434
8.283250
8.356794
8.355919
9.676417
11.821263
11.895854
10.062865
9.101684
9.021411
8.466956
8.736321
10.510358
11.062289
9.359418
8.193385
8.538308
8.499894
8.427493
9.878558
10.883914
9.130694
6.842220
6.803051
7.961156
8.907346
10.188384
11.096856
10.061631
8.383126
8.226981
8.848563
9.130988
9.985194
11.106095
10.464406
8.666457
8.308831
9.187358
9.483800
9.688699
10.559421
10.538236
8.923972
7.599000
7.560003
7.954848
8.688849
9.894410
10.279805
9.303811
8.326522
7.840001
7.262300
7.468611
9.086644
9.842111
8.081809
6.073412
6.034441
6.861959
7.434716
8.411615
9.362346
8.931159
7.880525
7.793546
8.230444
8.393994
8.879081
9.638864
9.539686
8.708330
8.088363
7.520118
7.014924
7.560837
8.675532
8.570421
7.568730
7.401107
7.722608
7.435990
7.481739
8.528773
8.955982
8.035769
7.320751
7.281021
6.822229
6.318707
6.845519
7.507459
7.244728
7.003894
7.382190
7.359266
6.921359
7.151004
7.447191
6.587120
5.592204
5.883189
6.553108
6.480570
6.439822
6.943952
7.051353
6.523429
6.187280
6.015341
5.537926
5.348590
5.886508
6.157074
5.475678
4.758722
4.807796
5.066391
4.926922
4.723613
4.835684
11.333207
10.107217
7.966484
6.693613
6.177534
6.846340
9.268882
11.196107
10.310081
8.278187
7.445854
7.200353
7.167577
8.613677
10.445666
9.976455
8.018737
7.146262
6.915616
6.432828
7.412087
9.829402
10.256074
7.966385
6.291783
6.518909
7.093339
8.087592
10.040687
10.910012
9.511952
8.069680
7.932266
7.948361
8.388176
10.392093
12.032186
10.984899
8.942512
8.269996
8.213411
8.226645
9.671226
11.748778
11.728129
10.003255
9.090974
8.881627
8.333597
8.729281
10.442752
10.894322
9.295033
8.184963
8.402317
8.362617
8.418337
9.815774
10.715995
9.061467
6.835825
6.671034
7.820151
8.895816
10.130347
10.929278
9.987512
8.378490
8.099105
8.704026
9.116832
9.931815
10.939147
10.385358
8.663304
8.185246
9.039498
9.466775
9.639871
10.393390
10.454244
8.922019
7.479845
7.409044
7.934724
8.644450
9.729581
10.190869
9.302775
8.211918
7.686174
7.238853
7.428504
8.923297
9.748246
8.081403
5.963466
5.877986
6.834981
7.398749
8.250025
9.263589
8.931094
7.775325
7.634718
8.199737
8.362000
8.719518
9.535264
9.539669
8.607952
7.927417
7.485493
6.986722
7.403563
8.567159
8.570162
7.473230
7.238316
7.683898
7.411389
7.327008
8.415711
8.955189
7.945187
7.156384
7.238069
6.801021
6.166764
6.727868
7.505844
7.159087
6.838231
7.334852
7.341235
6.772441
7.028883
7.444468
6.506426
5.425529
5.831339
6.538023
6.334901
6.313359
6.939840
6.975593
6.356028
6.130806
6.002963
5.395720
5.217935
5.880730
6.086221
5.307841
4.697529
4.797877
4.927851
4.792236
4.715897
4.769691
11.333207
10.162175
8.050745
6.709233
6.195901
6.932063
9.320409
11.196244
10.368407
8.360734
7.458905
7.221630
7.254511
8.661731
10.446216
10.038064
8.099341
7.156939
6.939944
6.520711
7.456645
9.830634
10.320861
8.044826
6.300294
6.546416
7.181905
8.128654
10.042869
10.977851
9.588016
8.076248
7.963055
8.037339
8.425764
10.395486
12.102933
11.058394
8.947368
8.304152
8.302526
8.260801
9.676082
11.822274
11.798877
10.006648
9.128562
8.970605
8.364386
8.735848
10.518815
10.962161
9.297215
8.226025
8.490884
8.390123
8.426848
9.894214
10.780782
9.062699
6.880383
6.758917
7.844480
8.906491
10.210952
10.990888
9.988061
8.426544
8.186038
8.725303
9.129884
10.014363
10.997474
10.385495
8.714831
8.270968
9.057866
9.482394
9.724130
10.448348
10.454244
8.976977
7.564103
7.424664
7.953092
8.730172
9.781108
10.191007
9.361102
8.294465
7.699226
7.260130
7.515439
8.971351
9.748796
8.143013
6.044070
5.888663
6.859310
7.486633
8.294582
9.264821
8.995881
7.853765
7.643230
8.227242
8.450566
8.760579
9.537446
9.607508
8.684015
7.933984
7.516283
7.075699
7.441151
8.570552
8.640909
7.546725
7.243173
7.718055
7.500502
7.361164
8.420568
9.028685
8.015933
7.159776
7.275656
6.889998
6.197553
6.734435
7.581908
7.226925
6.840412
7.375913
7.429801
6.799948
7.037394
7.522907
6.571212
5.426762
5.875896
6.625906
6.359230
6.324036
7.020443
7.037201
6.356577
6.178860
6.089897
5.416997
5.230986
5.963278
6.144547
5.307980
4.749057
4.883600
4.946218
4.807857
4.800155
4.824651
11.333207
10.083922
7.933755
6.690059
6.166069
6.809799
9.255479
11.194793
10.277566
8.251556
7.448376
7.179622
7.129750
8.610236
10.440476
9.935952
8.000140
7.152641
6.884811
6.396347
7.418077
9.817971
10.209319
7.957310
6.299524
6.477815
7.060812
8.101901
10.020967
10.859160
9.513350
8.076138
7.881271
7.922242
8.409164
10.362460
11.979705
10.997144
8.945022
8.210084
8.195871
8.252226
9.630563
11.697331
11.750985
9.999270
9.023675
8.874444
8.361327
8.677049
10.395061
10.926950
9.282247
8.112290
8.406783
8.389823
8.354598
9.774495
10.756984
9.037930
6.760185
6.687880
7.844047
8.821242
10.097930
10.976707
9.951741
8.302563
8.128463
8.721854
9.032697
9.910386
10.990664
10.336408
8.589925
8.226628
9.048659
9.374881
9.631125
10.446324
10.391767
8.854047
7.532154
7.407225
7.837344
8.649558
9.781060
10.115140
9.242957
8.273488
7.671459
7.138624
7.448060
8.970378
9.660161
8.032239
6.032138
5.848957
6.734789
7.432717
8.289827
9.164636
8.894725
7.848528
7.590526
8.102589
8.409713
8.749358
9.427461
9.517765
8.682816
7.867829
7.394387
7.046906
7.421083
8.452975
8.563847
7.546714
7.163737
7.601676
7.482200
7.330279
8.297959
8.964981
8.014207
7.067848
7.167300
6.880140
6.154382
6.609590
7.531620
7.220662
6.737359
7.277713
7.425942
6.743594
6.913209
7.485468
6.557799
5.314470
5.789511
6.625317
6.289410
6.203379
6.994690
7.014359
6.237362
6.105399
6.089705
5.334050
5.116561
5.947503
6.110435
5.184477
4.689033
4.880910
4.851097
4.702077
4.792189
4.777948
11.333207
10.069303
7.912452
6.687003
6.159790
6.787022
9.244882
11.194081
10.259309
8.232939
7.447501
7.169474
7.106893
8.603551
10.437720
9.914891
7.985088
7.152632
6.870627
6.374815
7.414708
9.812091
10.186639
7.946262
6.298961
6.459927
7.041845
8.100844
10.011266
10.836242
9.506251
8.073668
7.860470
7.906762
8.409128
10.348718
11.957961
10.993449
8.939530
8.187518
8.184372
8.251792
9.613055
11.678027
11.749730
9.990014
9.000712
8.866925
8.359130
8.656520
10.379161
10.926869
9.268949
8.090350
8.402751
8.384711
8.332163
9.762544
10.756665
9.020812
6.740554
6.686413
7.835231
8.798253
10.089984
10.974769
9.931499
8.286249
8.128320
8.709002
9.010573
9.906005
10.985923
10.314120
8.577523
8.226407
9.031940
9.354938
9.629430
10.437945
10.368768
8.845668
7.530458
7.387281
7.820624
8.649337
9.768659
10.092853
9.238215
8.269107
7.649335
7.125773
7.447917
8.954064
9.639918
8.030301
6.024192
5.825967
6.725974
7.431250
8.270197
9.147517
8.894406
7.836576
7.568091
8.097477
8.405681
8.727416
9.414163
9.517685
8.666916
7.847301
7.392190
7.039386
7.398121
8.443719
8.562592
7.527410
7.146229
7.601243
7.470701
7.307714
8.292468
8.961287
7.992463
7.054105
7.167264
6.864661
6.133580
6.607121
7.524520
7.197743
6.727658
7.276656
7.406975
6.725706
6.912645
7.474420
6.535119
5.308589
5.786142
6.603785
6.275226
6.203369
6.979638
6.993299
6.234606
6.098714
6.066848
5.323902
5.115685
5.928885
6.092176
5.183765
4.678435
4.858133
4.844818
4.699021
4.770885
4.763328
11.333207
10.182075
8.072525
6.706842
6.213744
6.961401
9.315230
11.204402
10.408511
8.361539
7.449179
7.265441
7.275041
8.635505
10.476563
10.085929
8.072489
7.156396
7.006587
6.517661
7.421361
9.890925
10.359759
7.992463
6.324560
6.624407
7.146297
8.101262
10.132113
10.991204
9.520982
8.135696
8.035271
7.968791
8.423858
10.503680
12.078809
10.993871
9.043983
8.351998
8.209970
8.297993
9.786176
11.756862
11.756383
10.132861
9.136670
8.870688
8.446530
8.827558
10.418004
10.958823
9.437097
8.186315
8.404429
8.513313
8.481365
9.772864
10.827014
9.195191
6.794508
6.706253
7.995301
8.911025
10.089984
11.087541
10.091569
8.306087
8.182273
8.883382
9.080922
9.916326
11.135125
10.442721
8.579202
8.322373
9.200088
9.386891
9.668273
10.608983
10.456168
8.849431
7.666416
7.530127
7.827276
8.728171
9.941779
10.139052
9.263814
8.433587
7.753788
7.126195
7.568764
9.109027
9.654649
8.092330
6.198993
5.887997
6.740704
7.586212
8.391045
9.147939
8.998858
8.001057
7.593690
8.143676
8.578801
8.806251
9.420815
9.660532
8.802874
7.851063
7.479590
7.210423
7.436964
8.475673
8.730740
7.623377
7.147909
7.729844
7.619903
7.318034
8.362817
9.135666
8.046416
7.073945
7.327336
6.977432
6.133580
6.719892
7.684590
7.217582
6.781612
7.451032
7.477324
6.736027
7.061847
7.603021
6.536798
5.404556
5.954290
6.635739
6.314069
6.374406
7.067038
6.997062
6.370564
6.241560
6.073501
5.402736
5.288806
5.975085
6.117776
5.348246
4.782887
4.858555
4.965665
4.853983
4.785615
4.825357
11.333207
10.280786
8.208944
6.721244
6.265850
7.112220
9.367337
11.218802
10.544929
8.460250
7.449178
7.364153
7.411458
8.649905
10.528670
10.236747
8.124596
7.170797
7.143004
6.616373
7.421360
9.989636
10.496177
8.006864
6.376666
6.775226
7.198402
8.115664
10.268531
11.089915
9.520982
8.234407
8.171688
7.983191
8.475965
10.654498
12.130916
11.008271
9.180400
8.450709
8.209970
8.396704
9.922593
11.771262
11.808490
10.283679
9.188777
8.885089
8.582948
8.926269
10.418004
11.057534
9.573514
8.200716
8.456536
8.664132
8.533473
9.787265
10.963431
9.293902
6.794508
6.804965
8.131718
8.925426
10.142091
11.238358
10.143676
8.320487
8.318690
8.982093
9.080922
10.015037
11.271543
10.457122
8.631309
8.473190
9.252194
9.401292
9.804690
10.707694
10.456168
8.948142
7.802833
7.544529
7.879383
8.878989
9.993886
10.153453
9.400231
8.532298
7.753788
7.224907
7.705180
9.123427
9.706756
8.243149
6.251099
5.902399
6.877120
7.684924
8.391045
9.246650
9.135276
8.015457
7.645796
8.294496
8.630908
8.820651
9.557233
9.759243
8.802874
7.949772
7.616004
7.224824
7.489070
8.626491
8.782846
7.637777
7.284325
7.828555
7.619901
7.416746
8.499234
9.150066
8.098523
7.224763
7.379441
6.991834
6.269997
6.818604
7.684591
7.316294
6.918029
7.465436
7.529430
6.886846
7.113953
7.617422
6.673215
5.503268
5.954289
6.734452
6.450485
6.388807
7.119144
7.147882
6.422669
6.255961
6.209917
5.501448
5.288805
6.073797
6.254192
5.362647
4.834992
5.009374
5.017771
4.868384
4.922031
4.924069
11.333207
10.144607
8.025816
6.705059
6.187221
6.907568
9.307708
11.190169
10.350963
8.343623
7.447206
7.209715
7.242268
8.642850
10.430123
10.036017
8.082313
7.126874
6.941707
6.519838
7.413551
9.818929
10.343484
8.005264
6.258047
6.582191
7.171151
8.054194
10.063701
11.013240
9.503695
8.050053
8.037418
7.983171
8.337890
10.472634
12.115800
10.927680
8.975965
8.392900
8.179928
8.201839
9.807963
11.768878
11.652322
10.116035
9.182437
8.784530
8.382822
8.885604
10.372416
10.855712
9.478988
8.192119
8.284338
8.513204
8.532208
9.666659
10.771363
9.268003
6.731187
6.599996
8.056986
8.907002
9.956534
11.106009
10.143596
8.180530
8.138120
8.968013
8.998361
9.810857
11.215537
10.425641
8.435583
8.360563
9.249360
9.243417
9.638614
10.702033
10.353595
8.748656
7.763762
7.497254
7.677070
8.786469
9.984464
9.979787
9.251090
8.531331
7.631202
7.033840
7.680603
9.058238
9.501689
8.170351
6.231508
5.715674
6.746704
7.684745
8.249218
9.067403
9.122197
7.930917
7.441913
8.240274
8.597960
8.624101
9.446612
9.755919
8.643314
7.785292
7.610983
7.120237
7.290263
8.588988
8.733868
7.435013
7.193808
7.818274
7.444802
7.269409
8.498523
9.025511
7.908495
7.201480
7.312372
6.786706
6.199121
6.797813
7.496732
7.187822
6.917712
7.321757
7.351531
6.874734
7.027425
7.413873
6.620761
5.468829
5.756951
6.625839
6.446633
6.227584
6.956279
7.143464
6.316069
6.057871
6.173960
5.450741
5.085629
5.985277
6.243012
5.186133
4.689476
5.008880
4.891253
4.679422
4.900010
4.855102
11.333207
10.066115
7.923163
6.697625
6.138033
6.792068
9.279866
11.167960
10.237197
8.287602
7.442770
7.111823
7.157486
8.642447
10.358201
9.929225
8.071177
7.084393
6.825266
6.485940
7.396474
9.707665
10.280599
8.003078
6.165463
6.491486
7.169542
7.989032
9.953437
10.997748
9.467700
7.933477
7.997128
7.970653
8.229864
10.402949
12.115083
10.840878
8.879785
8.389297
8.121618
8.088823
9.787524
11.739060
11.536420
10.069100
9.173844
8.680429
8.306494
8.885560
10.291793
10.754584
9.472632
8.140663
8.169331
8.487291
8.508172
9.552228
10.717629
9.262647
6.631646
6.517274
8.056806
8.832866
9.851050
11.096183
10.098899
8.064315
8.106282
8.949285
8.886180
9.750258
11.212684
10.331231
8.346807
8.359444
9.181930
9.134231
9.624644
10.663905
10.236976
8.710528
7.749793
7.388071
7.609639
8.785350
9.895686
9.885377
9.248237
8.470733
7.519020
7.015112
7.648764
8.942021
9.456992
8.160524
6.126024
5.641536
6.746525
7.602022
8.149677
9.062047
9.068463
7.816486
7.417877
8.214362
8.482951
8.572644
9.440257
9.654791
8.562691
7.785246
7.534655
7.016135
7.281672
8.542054
8.617966
7.405195
7.173368
7.705257
7.386492
7.265806
8.402343
8.938709
7.907776
7.131795
7.204343
6.774189
6.158830
6.681238
7.460736
7.172331
6.807447
7.256594
7.349922
6.784029
6.934841
7.411684
6.557877
5.357565
5.739874
6.591942
6.330194
6.185102
6.945143
7.036672
6.244146
6.057467
6.089178
5.352850
5.081192
5.929256
6.129247
5.163923
4.661633
4.893380
4.842065
4.671988
4.797361
4.776609
11.333207
10.131389
8.006133
6.702421
6.182118
6.885684
9.298087
11.191609
10.332284
8.325189
7.450831
7.198909
7.216492
8.642898
10.429414
10.007411
8.073518
7.135047
6.916549
6.499294
7.426005
9.803332
10.311879
8.015156
6.255926
6.544014
7.171337
8.065743
10.026271
10.998492
9.524871
8.021606
8.006264
8.006412
8.325208
10.428237
12.131852
10.933915
8.925744
8.393306
8.203283
8.155832
9.787560
11.802571
11.620635
10.074748
9.216060
8.774556
8.326214
8.907607
10.386550
10.794013
9.479682
8.226645
8.230154
8.487522
8.577729
9.631843
10.720586
9.311423
6.723681
6.531956
8.084617
8.928460
9.884105
11.107041
10.188476
8.118707
8.107604
9.024476
8.960595
9.751370
11.268006
10.420341
8.357076
8.393394
9.277459
9.161191
9.640010
10.756291
10.284814
8.713819
7.830104
7.456785
7.609785
8.847075
9.981093
9.891944
9.288590
8.565297
7.540282
7.035597
7.743119
8.983306
9.463092
8.245342
6.188645
5.641619
6.814391
7.683017
8.153318
9.108947
9.161183
7.832547
7.443997
8.309808
8.517804
8.582339
9.528884
9.711039
8.563610
7.858877
7.610612
7.017684
7.335133
8.632083
8.629427
7.437360
7.269008
7.733924
7.400504
7.357473
8.452060
8.941349
7.986682
7.202184
7.204674
6.834107
6.245370
6.688786
7.499242
7.267263
6.830290
7.275559
7.443805
6.827178
6.940055
7.495282
6.622272
5.357574
5.806019
6.674265
6.334587
6.230124
7.038479
7.054161
6.268610
6.152693
6.125849
5.361442
5.168806
5.987347
6.129835
5.235951
4.739088
4.895440
4.893657
4.762869
4.810071
4.807012
11.333207
10.094851
7.961023
6.700410
6.155694
6.834847
9.290347
11.175298
10.279435
8.308877
7.443092
7.148070
7.190068
8.640887
10.384305
9.970874
8.073518
7.098510
6.871439
6.497283
7.399581
9.752494
10.304139
7.998845
6.203077
6.527702
7.163598
8.014905
9.999846
10.996482
9.479762
7.985069
8.006264
7.969874
8.280098
10.426227
12.105428
10.883077
8.918004
8.376994
8.150434
8.139521
9.779820
11.751733
11.594211
10.072738
9.170951
8.738019
8.326214
8.871070
10.341441
10.792003
9.453258
8.175806
8.222414
8.471210
8.524880
9.615531
10.712846
9.260585
6.697257
6.529945
8.039508
8.891923
9.884105
11.070504
10.143367
8.116696
8.081180
8.973638
8.952855
9.735059
11.215158
10.404029
8.349335
8.342556
9.251035
9.159181
9.594901
10.719754
10.284814
8.677281
7.784995
7.454773
7.583361
8.796237
9.973353
9.875632
9.235742
8.548985
7.532542
6.984759
7.716694
8.981296
9.417983
8.208805
6.188645
5.605082
6.769281
7.681006
8.126894
9.058108
9.153443
7.816236
7.391149
8.293496
8.510064
8.531501
9.502460
9.709028
8.518501
7.822339
7.610612
6.981147
7.290023
8.630073
8.603003
7.386522
7.261269
7.717612
7.347655
7.341162
8.444320
8.890511
7.960258
7.200173
7.159564
6.797570
6.245370
6.652248
7.454132
7.265251
6.803865
7.224722
7.436067
6.810866
6.887206
7.478971
6.614533
5.306736
5.779594
6.672254
6.289477
6.193587
7.038479
7.017624
6.223500
6.150681
6.099424
5.310604
5.161067
5.971035
6.076986
5.219640
4.731349
4.844603
4.867232
4.760858
4.764961
4.770474
11.333207
10.041265
7.896798
6.698299
6.114437
6.762852
9.282134
11.146701
10.203393
8.291247
7.426092
7.072153
7.160743
8.633134
10.312671
9.928868
8.071647
7.034842
6.817168
6.497276
7.346685
9.687722
10.301776
7.958337
6.130734
6.519019
7.135727
7.938756
9.981580
10.980102
9.403985
7.955011
7.998959
7.898614
8.237347
10.424581
12.042327
10.828126
8.917975
8.324796
8.085127
8.136890
9.740064
11.679055
11.585046
10.045587
9.094705
8.719108
8.310444
8.795447
10.310649
10.785132
9.382382
8.132309
8.220977
8.408686
8.469256
9.615466
10.661349
9.194753
6.694345
6.490938
7.966511
8.882264
9.857671
10.994176
10.123803
8.101529
8.005725
8.942107
8.946408
9.664582
11.170917
10.402791
8.287396
8.286266
9.250918
9.108392
9.528552
10.716548
10.246558
8.603976
7.774833
7.429052
7.506967
8.776015
9.958781
9.800359
9.203471
8.542951
7.462479
6.939778
7.715637
8.919950
9.361035
8.208622
6.138568
5.538229
6.765768
7.643502
8.053292
9.047429
9.128428
7.739789
7.370261
8.279510
8.434989
8.498487
9.496823
9.639387
8.472782
7.821451
7.549870
6.923547
7.289759
8.580712
8.535656
7.382688
7.224515
7.643731
7.336451
7.316850
8.367837
8.868950
7.946847
7.125308
7.125805
6.792319
6.176164
6.605794
7.453398
7.205122
6.745621
7.224363
7.387427
6.743038
6.883038
7.442967
6.540386
5.294995
5.755979
6.595749
6.267238
6.180743
6.963839
6.983118
6.218623
6.081923
6.052238
5.310009
5.101557
5.912154
6.076516
5.171724
4.663050
4.840086
4.831978
4.686457
4.752674
4.747550
11.333207
10.074929
7.935940
6.699190
6.141878
6.806312
9.285630
11.167642
10.249690
8.298869
7.440740
7.119594
7.173700
8.642173
10.359473
9.947968
8.076179
7.079276
6.842758
6.498742
7.387195
9.719665
10.301848
7.993662
6.168412
6.519475
7.164996
7.981119
9.984166
11.002900
9.449637
7.961316
8.015354
7.945909
8.248678
10.435126
12.089494
10.845414
8.923661
8.370074
8.108856
8.139071
9.781837
11.709226
11.585338
10.082500
9.130834
8.719272
8.341507
8.836602
10.312455
10.809793
9.427255
8.137403
8.239167
8.455688
8.479037
9.627601
10.708735
9.210269
6.701294
6.536931
7.988379
8.885289
9.900598
11.022534
10.124459
8.139949
8.040227
8.942124
8.979218
9.704419
11.172078
10.429309
8.331358
8.290264
9.270936
9.154960
9.536870
10.730342
10.294017
8.617770
7.783151
7.475620
7.526984
8.780013
10.002744
9.826877
9.204633
8.582788
7.495289
6.939796
7.750139
8.958369
9.361691
8.236980
6.181495
5.541255
6.787636
7.689494
8.060243
9.062945
9.175815
7.751924
7.380042
8.326512
8.453179
8.503581
9.541696
9.664047
8.474588
7.862607
7.580933
6.923711
7.325887
8.617625
8.535948
7.412858
7.266289
7.645911
7.360180
7.362129
8.373523
8.886238
7.994014
7.135853
7.137136
6.839614
6.192560
6.612098
7.499050
7.227919
6.748207
7.266726
7.416696
6.743494
6.920715
7.478292
6.540459
5.326938
5.796488
6.597215
6.292829
6.225177
6.968371
7.002218
6.265427
6.090961
6.065194
5.357450
5.116205
5.919776
6.122814
5.192664
4.666546
4.883546
4.859419
4.687347
4.791815
4.781214
11.333207
10.141168
8.010604
6.700261
6.198757
6.888073
9.289865
11.214662
10.336892
8.308216
7.477857
7.210329
7.189865
8.669806
10.451667
9.972344
8.095188
7.170787
6.876356
6.510384
7.475913
9.763064
10.307727
8.077608
6.221740
6.521459
7.242413
8.044040
9.984307
11.072331
9.521371
7.961750
8.075718
8.025264
8.251529
10.485761
12.174928
10.852689
8.964355
8.459758
8.122362
8.170076
9.873746
11.730477
11.607356
10.174506
9.160987
8.733425
8.431478
8.876397
10.320226
10.895692
9.476987
8.140575
8.319144
8.515187
8.479605
9.700082
10.777383
9.210349
6.765056
6.613677
7.990109
8.939509
9.984019
11.027978
10.168763
8.228312
8.051274
8.976594
9.070561
9.722701
11.197257
10.521529
8.358167
8.307124
9.361890
9.191192
9.546769
10.817948
10.340131
8.622392
7.865480
7.531616
7.528257
8.855382
10.068164
9.826884
9.271682
8.656734
7.496171
6.997554
7.831318
8.962234
9.409616
8.323765
6.190301
5.579261
6.878133
7.704976
8.088710
9.155093
9.199395
7.771671
7.471703
8.359241
8.465430
8.592637
9.584191
9.670376
8.559046
7.915040
7.583189
7.001787
7.387961
8.617846
8.606157
7.483835
7.266608
7.707133
7.438902
7.364674
8.425057
8.971191
8.000808
7.177447
7.226514
6.852485
6.224424
6.703892
7.519545
7.250715
6.840294
7.296035
7.431507
6.833737
6.959616
7.486573
6.626807
5.375767
5.799997
6.677801
6.351460
6.225894
7.041590
7.070070
6.265462
6.155556
6.141257
5.358943
5.171316
6.002658
6.127840
5.237873
4.754539
4.894012
4.894768
4.778504
4.809380
4.807203
11.333207
10.184009
8.057388
6.700624
6.237326
6.938373
9.291306
11.248736
10.390195
8.311428
7.507322
7.266047
7.195492
8.694661
10.509154
9.980975
8.115547
7.229354
6.888502
6.526472
7.534842
9.779153
10.319873
8.136174
6.242100
6.530089
7.299900
8.068894
9.989934
11.128049
9.550836
7.964962
8.129021
8.059339
8.252972
10.536059
12.213498
10.853051
9.011138
8.502599
8.122362
8.212917
9.920529
11.730840
11.645926
10.224805
9.162429
8.767500
8.484780
8.879609
10.349690
10.951409
9.482614
8.165431
8.376630
8.523819
8.499964
9.758649
10.789529
9.226438
6.823986
6.629764
8.002255
8.998076
10.004378
11.036609
10.226251
8.253167
8.056901
9.032311
9.100026
9.725913
11.250560
10.555604
8.359608
8.357423
9.400460
9.191554
9.593553
10.860789
10.340131
8.665233
7.912263
7.531980
7.566826
8.905681
10.069606
9.860959
9.324985
8.659945
7.525636
7.053272
7.836945
8.987088
9.467103
8.332396
6.210661
5.637828
6.890279
7.721065
8.147638
9.171182
9.211541
7.830237
7.492063
8.367871
8.522918
8.617492
9.589818
9.726093
8.588511
7.918251
7.636490
7.035861
7.389403
8.668145
8.644728
7.484197
7.313391
7.749974
7.438902
7.407516
8.471841
8.971554
8.039378
7.227746
7.227956
6.886559
6.277726
6.707103
7.549009
7.306433
6.845922
7.320890
7.488995
6.842367
6.979976
7.545140
6.638953
5.391854
5.858927
6.693888
6.363605
6.284461
7.061950
7.078700
6.322949
6.180411
6.146885
5.414661
5.200781
6.005869
6.181142
5.271947
4.755980
4.944312
4.933337
4.778867
4.856163
4.850045
11.333207
10.155995
8.027773
6.700531
6.211001
6.907256
9.290940
11.224170
10.357694
8.310608
7.484567
7.232291
7.194043
8.673757
10.474286
9.978726
8.096508
7.193524
6.885293
6.509299
7.498214
9.774831
10.304547
8.098917
6.236523
6.516576
7.262188
8.061933
9.978181
11.090062
9.542373
7.954897
8.090942
8.049273
8.244508
10.498073
12.201745
10.846089
8.973426
8.489087
8.116785
8.175659
9.905204
11.726518
11.609298
10.207631
9.159219
8.731670
8.465741
8.877360
10.314822
10.930505
9.481164
8.131674
8.353877
8.522998
8.467463
9.734082
10.789163
9.195321
6.797660
6.629672
7.972640
8.970063
10.004378
11.008595
10.196635
8.253077
8.030575
9.001195
9.099660
9.701346
11.218059
10.554784
8.336855
8.323667
9.399011
9.170650
9.558684
10.858541
10.321092
8.629403
7.909053
7.514807
7.530198
8.901359
10.054280
9.823701
9.319407
8.646434
7.487923
7.046311
7.825192
8.949101
9.458640
8.322330
6.172584
5.627764
6.881817
7.683078
8.135886
9.164220
9.173829
7.816726
7.486485
8.330613
8.507592
8.613170
9.553189
9.708920
8.585300
7.882421
7.617451
7.033612
7.354534
8.647241
8.643278
7.450440
7.290637
7.749154
7.406401
7.382950
8.471475
8.940437
8.013053
7.227654
7.198339
6.858545
6.277725
6.679089
7.519393
7.306340
6.819596
7.289772
7.488629
6.817801
6.947474
7.544320
6.616199
5.358098
5.857477
6.672983
6.328736
6.282212
7.042911
7.042870
6.319740
6.163239
6.110256
5.410339
5.185456
5.968611
6.175565
5.258434
4.718268
4.937351
4.921584
4.740881
4.847701
4.839981
11.333207
10.158635
8.030474
6.700533
6.213580
6.910015
9.290946
11.226686
10.360509
8.310621
7.487020
7.235162
7.194066
8.676145
10.477212
9.978761
8.098829
7.196502
6.885342
6.511554
7.501242
9.774898
10.306735
8.101994
6.236610
6.518696
7.265311
8.062043
9.980231
11.093228
9.542508
7.956879
8.094151
8.049438
8.246421
10.501321
12.201940
10.847932
8.976712
8.489314
8.118559
8.178980
9.905465
11.728223
11.612651
10.207931
9.160853
8.735054
8.466081
8.878926
10.318234
10.930886
9.482661
8.135111
8.354302
8.524426
8.470922
9.734553
10.790523
9.198802
6.798180
6.630964
7.976138
8.970634
10.005605
11.012109
10.197257
8.254236
8.034101
9.001870
9.100755
9.704881
11.218791
10.555816
8.340397
8.324454
9.399980
9.174195
9.559531
10.859448
10.324639
8.630311
7.909900
7.518353
7.531167
8.902146
10.057822
9.824733
9.320140
8.649968
7.489018
7.046988
7.828717
8.950261
9.459262
8.325844
6.173809
5.628335
6.885315
7.684371
8.136407
9.167701
9.175189
7.817197
7.489945
8.332042
8.508018
8.616607
9.554687
9.709301
8.588713
7.883987
7.617791
7.036996
7.356169
8.647540
8.646631
7.452145
7.290900
7.752475
7.408175
7.383177
8.474761
8.942280
8.013247
7.230902
7.200253
6.858708
6.280933
6.681071
7.519528
7.309506
6.821648
7.289883
7.491751
6.819921
6.947562
7.547396
6.618387
5.358165
5.860505
6.675238
6.328786
6.285190
7.045233
7.042904
6.322666
6.165627
6.110279
5.413211
5.187909
5.968624
6.178381
5.260950
4.718274
4.940110
4.924163
4.740883
4.850402
4.842622
11.333207
10.081595
7.954304
6.700523
6.135679
6.834728
9.290908
11.147933
10.286113
8.310533
7.407427
7.161666
7.193908
8.595721
10.404624
9.978515
8.017587
7.124830
6.884988
6.429506
7.430494
9.774415
10.223891
8.032179
6.235981
6.435070
7.196434
8.061250
9.895835
11.025298
9.541526
7.871725
8.027172
8.048249
8.160522
10.435302
12.200526
10.761302
8.911656
8.487658
8.031212
8.114895
9.903544
11.640172
11.549541
10.205728
9.072114
8.672922
8.463576
8.789512
10.257085
10.928063
9.392587
8.074949
8.351140
8.433708
8.411751
9.731034
10.699174
9.140624
6.794286
6.539001
7.918958
8.966346
9.913043
10.955928
10.192557
8.161092
7.978918
8.996741
9.007045
9.650702
11.213214
10.461555
8.287222
8.318413
9.305186
9.122024
9.553008
10.764138
10.273473
8.623288
7.814090
7.468190
7.523627
8.805854
10.008664
9.816661
9.223384
8.601813
7.480397
6.949783
7.781565
8.941072
9.361629
8.279692
6.164038
5.530289
6.840162
7.674001
8.037969
9.123546
9.164205
7.718383
7.446783
8.320428
8.408847
8.574435
9.542428
9.609791
8.547529
7.871070
7.517961
6.996795
7.342575
8.547410
8.607409
7.437863
7.190487
7.714228
7.393189
7.282501
8.437484
8.926577
7.912329
7.194589
7.183818
6.757563
6.245579
6.663893
7.418178
7.275103
6.803712
7.188344
7.458294
6.801215
6.845859
7.514878
6.598898
5.256313
5.828919
6.654953
6.226807
6.254528
7.024142
6.940817
6.292921
6.143717
6.008103
5.384374
5.165170
5.866379
6.150444
5.237370
4.615980
4.913064
4.899731
4.638559
4.824237
4.817328
11.333207
9.991975
7.868714
6.700342
6.042214
6.753336
9.290183
11.050839
10.209058
8.308908
7.306939
7.089059
7.191027
8.492095
10.336551
9.974034
7.911100
7.061347
6.878575
6.320450
7.371630
9.765740
10.112578
7.977932
6.224739
6.321821
7.146779
8.047149
9.780986
10.980176
9.524285
7.755623
7.986498
8.027614
8.043517
10.398963
12.176261
10.643754
8.879516
8.459548
7.913483
8.086786
9.871404
11.522624
11.525275
10.169389
8.955110
8.652286
8.422902
8.673408
10.239844
10.882941
9.277738
8.060844
8.301485
8.320457
8.400509
9.676787
10.587861
9.131949
6.735422
6.429945
7.912541
8.902864
9.806556
10.951447
10.124484
8.057468
7.976039
8.924134
8.906556
9.649077
11.136159
10.364461
8.286497
8.237022
9.211722
9.121842
9.467420
10.674518
10.273473
8.533668
7.728501
7.468008
7.430162
8.724463
10.007939
9.719567
9.146329
8.600188
7.379907
6.877177
7.778686
8.837445
9.293555
8.275211
6.057550
5.466806
6.833747
7.564945
7.979104
9.114871
9.052892
7.664136
7.435541
8.207179
8.359191
8.560332
9.427579
9.564669
8.530289
7.754963
7.477287
6.976161
7.225570
8.511071
8.583143
7.320314
7.158347
7.686120
7.275459
7.254394
8.405343
8.809029
7.888062
7.158251
7.066813
6.736928
6.204905
6.547790
7.400937
7.229979
6.688864
7.174243
7.408638
6.687966
6.834617
7.460632
6.487584
5.247640
5.770055
6.545898
6.220391
6.191045
6.917655
6.936337
6.224848
6.040091
6.005222
5.311768
5.064681
5.864753
6.073389
5.140275
4.615256
4.831673
4.806266
4.638378
4.738648
4.727707
11.333207
9.970614
7.849028
6.700212
6.019323
6.735430
9.289662
11.026587
10.193009
8.307744
7.281521
7.074909
7.188982
8.465730
10.324304
9.970885
7.884025
7.050973
6.874117
6.292910
7.363063
9.759797
10.084832
7.971071
6.217162
6.294132
7.141492
8.037818
9.753613
10.976302
9.513116
7.728820
7.983849
8.014552
8.017531
10.397325
12.161294
10.618812
8.878657
8.442697
7.889791
8.086464
9.852723
11.500369
11.525233
10.148969
8.934451
8.652263
8.400867
8.654471
10.239577
10.859445
9.260619
8.060081
8.276708
8.305220
8.398995
9.650937
10.574529
9.129457
6.708722
6.418507
7.908854
8.875558
9.796966
10.946374
10.096824
8.049645
7.969413
8.896380
8.900388
9.640761
11.108573
10.359801
8.276386
8.209865
9.208398
9.109866
9.440938
10.672328
10.259595
8.508101
7.727227
7.452229
7.405731
8.723866
9.990294
9.696471
9.146159
8.580749
7.358319
6.877175
7.757556
8.817512
9.293460
8.252529
6.039384
5.466357
6.809678
7.548628
7.978047
9.089608
9.038468
7.662231
7.409298
8.194661
8.356212
8.533341
9.416942
9.560410
8.502800
7.746145
7.471567
6.948429
7.218473
8.503736
8.555429
7.314813
7.149272
7.658687
7.271394
7.243490
8.378446
8.806215
7.875274
7.132134
7.065043
6.722233
6.179799
6.546835
7.384352
7.206098
6.688480
7.155818
7.386169
6.687900
6.814438
7.439736
6.487574
5.225826
5.750866
6.545682
6.197093
6.173663
6.916975
6.911731
6.209339
6.038699
5.979511
5.298162
5.062343
5.838160
6.061682
5.136771
4.588021
4.821823
4.801401
4.610753
4.730581
4.721312
11.333207
9.898679
7.785089
6.699323
5.940380
6.680165
9.286141
10.941894
10.146766
8.299951
7.192554
7.037687
7.175438
8.374131
10.295756
9.950334
7.791536
7.030421
6.845570
6.201312
7.349519
9.722575
9.995866
7.963277
6.170918
6.209438
7.137971
7.982553
9.674670
10.975413
9.449176
7.656885
7.983849
7.942616
7.953591
10.396436
12.082351
10.563546
8.875136
8.358004
7.843548
8.078671
9.763757
11.463147
11.511689
10.057370
8.905904
8.631711
8.308379
8.633920
10.211030
10.767846
9.247075
8.022859
8.187741
8.297427
8.352752
9.566243
10.571008
9.074191
6.629778
6.417618
7.844914
8.803622
9.796966
10.874438
10.032884
8.048755
7.890470
8.841115
8.896867
9.556067
11.062329
10.352008
8.187421
8.172643
9.194854
9.018268
9.412391
10.651776
10.167108
8.487550
7.698680
7.360631
7.392187
8.686645
9.901328
9.688678
9.099916
8.496055
7.354800
6.821910
7.678612
8.816623
9.229520
8.180593
6.039384
5.394421
6.745738
7.547740
7.899104
9.034343
9.034947
7.577538
7.363054
8.186868
8.267245
8.496119
9.403398
9.468811
8.474253
7.725594
7.379079
6.927877
7.189926
8.412137
8.541885
7.277591
7.060305
7.650892
7.225151
7.158796
8.374925
8.750950
7.796331
7.131245
7.001103
6.650298
6.179799
6.474899
7.320412
7.205210
6.609537
7.100553
7.382650
6.603206
6.768194
7.431944
6.398606
5.188604
5.737322
6.454083
6.168546
6.153111
6.824488
6.891180
6.180792
5.947101
5.965967
5.260941
4.973375
5.830366
6.015438
5.052077
4.584501
4.766558
4.722458
4.609864
4.666641
4.649376
11.333207
9.861810
7.753514
6.698563
5.899086
6.654409
9.283151
10.897332
10.126979
8.293403
7.146091
7.023633
7.164237
8.327258
10.286822
9.933686
7.745771
7.025667
6.823035
6.158100
7.347733
9.694091
9.956487
7.963056
6.136813
6.174923
7.137809
7.943514
9.645738
10.973800
9.406217
7.633888
7.979368
7.896998
7.936502
10.387860
12.035510
10.551951
8.861501
8.311454
7.836678
8.059338
9.718999
11.459928
11.486392
10.015780
8.905023
8.600570
8.271134
8.633916
10.174542
10.735841
9.246427
7.981868
8.161529
8.294659
8.308395
9.546000
10.564776
9.027823
6.615299
6.406808
7.798018
8.794324
9.780757
10.828534
10.027848
8.026679
7.847013
8.839149
8.868834
9.516353
11.062041
10.318315
8.152503
8.172529
9.156163
8.988889
9.410941
10.609076
10.143651
8.483336
7.653216
7.343097
7.383965
8.639844
9.889333
9.675458
9.053290
8.488856
7.335919
6.776962
7.675156
8.791785
9.187642
8.179585
6.008678
5.356807
6.745720
7.511638
7.866672
9.033797
8.994266
7.550867
7.360497
8.142724
8.246545
8.490197
9.357133
9.453903
8.463827
7.678684
7.369410
6.912105
7.143893
8.406814
8.520269
7.233897
7.058151
7.623312
7.185108
7.158431
8.341647
8.715631
7.796259
7.092907
6.971280
6.649004
6.137365
6.450982
7.316459
7.159910
6.591557
7.092677
7.335898
6.590807
6.755386
7.385251
6.391072
5.170175
5.692194
6.450383
6.144168
6.110952
6.823340
6.860914
6.142814
5.947060
5.930255
5.228084
4.972925
5.790001
5.988312
5.049726
4.540579
4.745400
4.716838
4.563711
4.651303
4.639332
11.333207
9.822492
7.721099
6.697351
5.854290
6.629646
9.278420
10.849019
10.109868
8.283195
7.096565
7.013424
7.147127
8.278945
10.282092
9.908923
7.700974
7.024455
6.790619
6.118782
7.347732
9.654773
9.924071
7.961843
6.092016
6.150160
7.133080
7.895201
9.628627
10.963592
9.356690
7.623680
7.962257
7.848685
7.931771
10.363097
11.990714
10.550738
8.829085
8.272136
7.836678
8.020020
9.686584
11.458714
11.441596
9.991017
8.900292
8.552257
8.254024
8.623708
10.125016
10.725633
9.229316
7.933556
8.156798
8.269896
8.263599
9.544787
10.532361
8.988505
6.615299
6.367490
7.765603
8.793111
9.735961
10.803771
10.023118
7.978366
7.829902
8.828940
8.819308
9.506145
11.044930
10.270001
8.147773
8.147766
9.111367
8.987676
9.378526
10.569758
10.143651
8.444018
7.620801
7.341884
7.339167
8.615081
9.884603
9.627145
9.036180
8.478648
7.286393
6.766754
7.658046
8.743472
9.182912
8.154821
5.963881
5.355595
6.713305
7.472320
7.866672
8.994479
8.961850
7.549653
7.315701
8.117961
8.241815
8.441884
9.340022
9.443695
8.414301
7.668476
7.352299
6.863791
7.139164
8.382051
8.475473
7.232685
7.025735
7.583994
7.185108
7.119113
8.309232
8.714418
7.751463
7.068144
6.966551
6.600689
6.120255
6.440774
7.266932
7.149703
6.574446
7.044363
7.331170
6.566044
6.710589
7.384040
6.358657
5.130857
5.692194
6.411064
6.111753
6.109740
6.778542
6.836151
6.138084
5.898746
5.913144
5.217875
4.923399
5.779793
5.971201
5.001411
4.535850
4.720637
4.672041
4.562499
4.618888
4.600014
11.333207
9.716285
7.636888
6.692794
5.731585
6.569905
9.260823
10.717586
10.073705
8.245866
6.965373
6.996700
7.086091
8.156930
10.277997
9.823464
7.595810
7.024442
6.683382
6.035826
7.342690
9.531400
9.865623
7.943352
5.960366
6.115149
7.094576
7.764272
9.612758
10.901258
9.235387
7.620022
7.875557
7.744582
7.931720
10.254848
11.909020
10.545186
8.705066
8.214978
7.817278
7.888180
9.652713
11.419024
11.310962
9.975984
8.836659
8.431688
8.250781
8.535775
10.021987
10.725518
9.120069
7.853128
8.150715
8.145248
8.207727
9.524459
10.400355
8.955764
6.574412
6.237172
7.751383
8.728179
9.616145
10.800920
9.933961
7.876428
7.829698
8.718713
8.740155
9.499505
10.919684
10.215411
8.126498
8.015620
9.079741
8.945582
9.248548
10.556334
10.077418
8.324977
7.618314
7.251513
7.238328
8.614762
9.773412
9.549270
9.028960
8.352822
7.233081
6.744516
7.525785
8.712947
9.139604
8.025208
5.951232
5.288062
6.595058
7.470174
7.775092
8.894755
8.961390
7.437517
7.239107
8.110141
8.115434
8.389846
9.316804
9.311344
8.384865
7.623943
7.223078
6.851896
7.070331
8.264619
8.473642
7.139910
6.927140
7.583369
7.072042
7.043806
8.300786
8.587505
7.700691
7.043928
6.834137
6.572327
6.074489
6.311965
7.255770
7.079570
6.457850
7.042823
7.237207
6.468590
6.709774
7.270062
6.284639
5.121765
5.564771
6.361555
6.086524
5.977288
6.751240
6.789145
6.009713
5.888295
5.841715
5.102134
4.922126
5.684656
5.874900
5.000380
4.420981
4.647913
4.662280
4.434590
4.570633
4.573756
11.333207
9.633464
7.573792
6.688096
5.634855
6.528731
9.242890
10.615319
10.052619
8.208598
6.866961
6.990176
7.026935
8.071055
10.277839
9.743892
7.528853
7.021282
6.588613
5.990685
7.327707
9.429448
9.841197
7.909903
5.860564
6.106528
7.039410
7.675559
9.612126
10.825110
9.164659
7.618101
7.783020
7.695437
7.919463
10.153525
11.881089
10.515449
8.604173
8.203997
7.766125
7.796855
9.651299
11.346456
11.236587
9.974999
8.746610
8.378527
8.241012
8.435390
9.990409
10.699359
9.018394
7.839536
8.103575
8.051563
8.205222
9.455602
10.322474
8.955409
6.487089
6.180007
7.743844
8.629035
9.580798
10.778186
9.831813
7.859994
7.786546
8.622930
8.736260
9.434466
10.838464
10.215371
8.042124
7.954488
9.074166
8.847976
9.209336
10.536849
9.975112
8.305491
7.579103
7.153906
7.232752
8.553630
9.689038
9.549230
8.947740
8.287784
7.229187
6.648733
7.482632
8.696515
9.037456
8.002474
5.915886
5.188918
6.587520
7.413009
7.687769
8.894401
8.883510
7.368661
7.236603
8.016456
8.068294
8.376254
9.215129
9.285185
8.353287
7.523556
7.213306
6.798734
6.980280
8.263635
8.399267
7.067341
6.925725
7.492044
7.020889
7.032824
8.199893
8.557768
7.672759
6.942605
6.821880
6.523182
5.981953
6.310043
7.185041
7.003421
6.457219
6.954108
7.182041
6.459969
6.609972
7.236614
6.260213
5.019814
5.549788
6.316413
5.991756
5.974126
6.684280
6.709572
6.009555
5.802420
5.782559
5.095611
4.823714
5.647388
5.853813
4.898113
4.403049
4.606739
4.565550
4.429891
4.507539
4.490935
11.333207
9.584704
7.538140
6.684573
5.577460
6.507558
9.229632
10.555797
10.043881
8.181689
6.812323
6.988891
6.985686
8.027160
10.277265
9.690997
7.499020
7.014511
6.529521
5.974915
7.309292
9.371066
9.836169
7.877146
5.809636
6.106384
6.993003
7.637066
9.609855
10.768968
9.140645
7.607195
7.723354
7.684531
7.895449
10.097383
11.878818
10.476956
8.557765
8.203853
7.715197
7.764098
9.646272
11.288074
11.218171
9.959229
8.687518
8.371756
8.211179
8.382495
9.989835
10.655463
8.977143
7.838253
8.048937
8.024654
8.196485
9.396079
10.309216
8.934236
6.429694
6.176484
7.708193
8.580276
9.580798
10.729426
9.796161
7.856471
7.729152
8.601756
8.723002
9.374944
10.829726
10.188462
7.987487
7.953204
9.032916
8.804080
9.208762
10.483954
9.945279
8.298720
7.520011
7.138135
7.214336
8.495248
9.684011
9.516473
8.896811
8.287641
7.182783
6.610240
7.480361
8.640372
9.013442
7.991568
5.856220
5.178010
6.563507
7.356866
7.685496
8.855908
8.837102
7.368517
7.185675
7.983699
8.063266
8.317872
9.196713
9.269415
8.294195
7.516786
7.183473
6.745841
6.979708
8.219739
8.358017
7.066056
6.871088
7.465136
7.012151
6.973302
8.186635
8.536594
7.615366
6.939083
6.786227
6.474424
5.981953
6.261285
7.149388
6.999900
6.399824
6.932937
7.168782
6.400447
6.601234
7.209705
6.205575
5.018530
5.508538
6.272517
5.991183
5.921232
6.654447
6.702801
5.950462
5.786650
5.764143
5.037230
4.818686
5.614631
5.802885
4.897969
4.356643
4.568246
4.563279
4.373748
4.483526
4.480028
11.333207
9.721200
7.633838
6.696766
5.738914
6.558643
9.274816
10.719014
10.059686
8.270934
6.953590
6.989148
7.117078
8.129230
10.286284
9.850202
7.556200
7.054023
6.694007
5.994742
7.392044
9.516744
9.837188
8.003136
5.917960
6.112683
7.149487
7.700501
9.643966
10.934216
9.164884
7.683455
7.873055
7.686818
8.015770
10.211802
11.882869
10.630267
8.627572
8.232862
7.880701
7.793106
9.716079
11.441384
11.222222
10.073649
8.807839
8.374040
8.360881
8.458755
10.014073
10.820712
9.011254
7.901687
8.205422
8.030953
8.304809
9.522069
10.310235
9.079913
6.512446
6.196311
7.872679
8.619790
9.637979
10.888631
9.805181
7.958542
7.860545
8.602012
8.864268
9.464189
10.845531
10.351680
8.032670
8.004289
9.194369
8.816274
9.304460
10.620450
9.945279
8.435216
7.615708
7.150332
7.375791
8.546332
9.729194
9.679690
8.912616
8.376885
7.324046
6.610496
7.611756
8.742442
9.022462
8.150772
5.913401
5.217525
6.727995
7.376692
7.768249
9.001586
8.838120
7.494506
7.293999
7.989999
8.219750
8.381307
9.230824
9.434664
8.318434
7.593046
7.333174
6.748127
7.100029
8.334159
8.362068
7.219367
6.940895
7.494145
7.177655
7.002311
8.256442
8.689905
7.619418
7.053503
6.906549
6.476711
6.131653
6.337544
7.173626
7.165149
6.433936
6.996370
7.325265
6.406746
6.709558
7.335696
6.206594
5.164207
5.591290
6.292344
6.155668
5.960747
6.711627
6.862005
5.959482
5.888720
5.895535
5.037485
4.959953
5.703876
5.818689
5.061187
4.401826
4.619330
4.724733
4.385942
4.579224
4.616524
11.333207
9.717032
7.631040
6.696317
5.733974
6.557319
9.273179
10.714177
10.059413
8.267797
6.949694
6.989125
7.112669
8.126775
10.285619
9.845204
7.555168
7.052056
6.689317
5.994605
7.388580
9.513146
9.837094
7.998522
5.915848
6.111767
7.144479
7.699733
9.641658
10.929715
9.164836
7.679684
7.869776
7.686608
8.010990
10.210025
11.881673
10.625297
8.627034
8.230210
7.876425
7.793102
9.712024
11.438439
11.221854
10.068748
8.806384
8.372539
8.355994
8.458411
10.011081
10.816695
9.011247
7.897376
8.202819
8.030385
8.299830
9.520915
10.308410
9.075154
6.512256
6.192985
7.868950
8.619733
9.633449
10.886373
9.804376
7.953532
7.859668
8.599851
8.859681
9.464108
10.841889
10.348262
8.032515
7.999576
9.192451
8.815202
9.299468
10.619819
9.942775
8.430839
7.615691
7.146396
7.372701
8.546037
9.724339
9.678100
8.911248
8.371957
7.323624
6.607648
7.607625
8.742442
9.018258
8.148022
5.912923
5.212574
6.726714
7.375008
7.763431
9.001336
8.834937
7.490651
7.293969
7.985559
8.217345
8.380609
9.225823
9.433672
8.316418
7.588380
7.333052
6.744619
7.096476
8.334052
8.357428
7.217303
6.939941
7.489141
7.176921
6.999954
8.251971
8.689867
7.615605
7.050272
6.906319
6.471912
6.129923
6.336307
7.168665
7.164641
6.431235
6.992130
7.325264
6.402653
6.706662
7.335301
6.201679
5.162796
5.589745
6.287473
6.155350
5.957705
6.707651
6.861994
5.955138
5.886166
5.894936
5.032499
4.958840
5.702003
5.813953
5.061015
4.398455
4.615645
4.724665
4.381383
4.577014
4.615684
11.333207
9.739871
7.645711
6.699237
5.761014
6.563365
9.283607
10.739650
10.060079
8.287095
6.968503
6.989965
7.138393
8.136685
10.292113
9.872149
7.557766
7.067258
6.711755
5.994614
7.411802
9.527284
9.840352
8.025635
5.921454
6.122716
7.169682
7.700242
9.661437
10.948028
9.165870
7.705641
7.879175
7.693564
8.037820
10.212317
11.897405
10.647323
8.627076
8.253805
7.890028
7.796716
9.739188
11.443620
11.233329
10.093661
8.806760
8.392789
8.373802
8.459661
10.037253
10.825589
9.018674
7.924073
8.204823
8.046641
8.321429
9.521008
10.332358
9.088223
6.516240
6.220182
7.873718
8.631738
9.658057
10.886634
9.825088
7.970829
7.861150
8.626218
8.868079
9.472016
10.868430
10.349996
8.049294
8.020738
9.192616
8.839488
9.312003
10.624187
9.969981
8.435206
7.628226
7.170681
7.372869
8.567199
9.741118
9.679833
8.937789
8.379865
7.332021
6.634014
7.609106
8.759738
9.038970
8.148283
5.937532
5.224577
6.731483
7.402205
7.767416
9.014405
8.858886
7.490745
7.315567
8.001815
8.219350
8.407306
9.233251
9.442566
8.342590
7.589629
7.350859
6.764869
7.096850
8.358966
8.368902
7.222484
6.967106
7.492752
7.190525
7.023547
8.252013
8.711893
7.631337
7.052563
6.933150
6.478868
6.139322
6.362265
7.169700
7.182953
6.451015
6.992640
7.350468
6.413602
6.712269
7.362413
6.204938
5.176933
5.612967
6.287482
6.177788
5.972908
6.710248
6.888940
5.961634
5.896076
5.920660
5.033340
4.977650
5.721302
5.814618
5.086488
4.408882
4.621691
4.751704
4.384303
4.591684
4.638521
11.333207
9.811988
7.689979
6.709991
5.846072
6.578937
9.321195
10.816207
10.060603
8.354045
7.019409
6.996686
7.222408
8.157743
10.323146
9.952310
7.559851
7.128444
6.769093
5.998184
7.493750
9.554355
9.865113
8.108473
5.926097
6.177676
7.233090
7.701624
9.740350
10.981494
9.184800
7.790168
7.887310
7.741996
8.106786
10.212523
11.972388
10.687409
8.640758
8.338986
7.902504
7.838475
9.813062
11.443694
11.303586
10.140431
8.815904
8.477579
8.391359
8.494767
10.115264
10.826579
9.083524
7.977425
8.210253
8.129996
8.344686
9.549647
10.413636
9.091153
6.575135
6.279847
7.876349
8.712657
9.687490
10.909150
9.908679
7.976674
7.913688
8.691777
8.868897
9.549556
10.904363
10.366881
8.134189
8.030406
9.238553
8.910377
9.312036
10.697486
10.012576
8.447097
7.713384
7.184983
7.412122
8.642720
9.741414
9.748137
8.987046
8.387515
7.416394
6.653645
7.641757
8.839082
9.040568
8.210957
5.993290
5.228848
6.814040
7.427729
7.793711
9.096665
8.862798
7.547296
7.377501
8.003650
8.299109
8.439145
9.253591
9.526766
8.349770
7.639712
7.418492
6.765271
7.172895
8.397386
8.383835
7.307600
6.978423
7.536182
7.263238
7.023556
8.323522
8.756996
7.641545
7.137548
6.949375
6.515626
6.216377
6.362928
7.235959
7.234677
6.457292
7.076451
7.372249
6.443832
6.792816
7.364765
6.265366
5.235053
5.616210
6.369102
6.205640
5.996914
6.793353
6.893970
6.015791
5.960210
5.921837
5.111809
5.011934
5.739542
5.899283
5.095120
4.456484
4.691308
4.751836
4.458738
4.632607
4.651594
11.333207
9.818601
7.693852
6.711126
5.853818
6.580072
9.325068
10.822820
10.060603
8.360658
7.023283
6.997820
7.230155
8.158877
10.327020
9.958922
7.559850
7.135056
6.772967
5.999319
7.501497
9.555490
9.868987
8.115086
5.926098
6.184289
7.236964
7.702759
9.748097
10.982629
9.188674
7.796781
7.887310
7.748609
8.110660
10.213658
11.980136
10.688544
8.644631
8.345599
7.902504
7.845088
9.816936
11.444829
11.311334
10.141566
8.819777
8.484192
8.391359
8.501380
10.119138
10.827714
9.091271
7.978559
8.214127
8.136609
8.344686
9.556260
10.417510
9.092288
6.582881
6.280982
7.880223
8.719270
9.687490
10.915763
9.912553
7.977809
7.921435
8.692912
8.872771
9.556169
10.904363
10.373494
8.138062
8.031541
9.246301
8.911511
9.315909
10.704099
10.012576
8.453710
7.717257
7.186118
7.419869
8.643855
9.745288
9.754750
8.987046
8.394128
7.420268
6.654779
7.649505
8.840217
9.044442
8.217569
5.993291
5.235461
6.817914
7.428864
7.801458
9.097800
8.866672
7.553908
7.377501
8.010262
8.302983
8.440280
9.261338
9.527901
8.353643
7.646326
7.418492
6.771883
7.176769
8.398520
8.391582
7.308735
6.982296
7.542795
7.263239
7.030169
8.327395
8.758131
7.649292
7.138683
6.953249
6.522239
6.216378
6.369541
7.239833
7.235811
6.465038
7.077586
7.376123
6.450445
6.792817
7.371378
6.269239
5.236188
5.623957
6.370237
6.209514
6.003527
6.793354
6.900582
6.019665
5.961345
5.929584
5.112944
5.015808
5.746155
5.899284
5.101733
4.460358
4.692443
4.759583
4.459873
4.636480
4.658207
11.333207
9.807158
7.687465
6.708895
5.840540
6.578563
9.317637
10.812158
10.060521
8.348554
7.017931
6.994757
7.217040
8.157966
10.318566
9.949140
7.559527
7.122424
6.768619
5.995334
7.488705
9.555034
9.859553
8.106258
5.925374
6.171276
7.233564
7.697788
9.735778
10.982474
9.178330
7.788962
7.886042
7.735372
8.108127
10.207662
11.968431
10.688533
8.633468
8.338820
7.900557
7.831790
9.815169
11.437789
11.300366
10.141536
8.807906
8.478455
8.388618
8.488185
10.118018
10.819640
9.081147
7.978344
8.201675
8.131890
8.341056
9.543328
10.416900
9.083215
6.573688
6.280425
7.867335
8.715524
9.682895
10.903249
9.912305
7.967797
7.913234
8.691863
8.859601
9.553321
10.898753
10.361543
8.138017
8.020673
9.239129
8.909833
9.302615
10.702058
10.005927
8.442452
7.717254
7.174498
7.413743
8.641425
9.732036
9.753404
8.979358
8.383677
7.420140
6.642529
7.644409
8.836930
9.031392
8.216785
5.984587
5.225910
6.817504
7.416124
7.797354
9.093575
8.853984
7.553543
7.367833
8.001683
8.302136
8.427197
9.258164
9.522676
8.341465
7.646223
7.407935
6.764324
7.175343
8.385253
8.389252
7.302477
6.970765
7.542796
7.251888
7.023650
8.325261
8.744844
7.647699
7.131383
6.942483
6.522177
6.204350
6.364061
7.236878
7.222667
6.464059
7.069258
7.366225
6.450160
6.780243
7.366908
6.265374
5.223347
5.623451
6.360924
6.200563
6.002861
6.780379
6.897068
6.014821
5.948958
5.929400
5.102710
5.007862
5.744962
5.886067
5.099097
4.454491
4.680654
4.759562
4.448807
4.629570
4.656351
11.333207
9.810205
7.689084
6.709564
5.844032
6.578859
9.319804
10.814773
10.060607
8.351905
7.019015
6.995905
7.220361
8.158032
10.321240
9.951240
7.559863
7.125925
6.769235
5.997022
7.491704
9.555036
9.862645
8.107809
5.926098
6.174756
7.233823
7.700022
9.738332
10.982583
9.181710
7.789983
7.887255
7.738662
8.108174
10.210395
11.970462
10.688910
8.636975
8.339385
7.902313
7.834739
9.815175
11.440925
11.301848
10.142316
8.811372
8.478678
8.390919
8.490678
10.118152
10.823045
9.082107
7.979624
8.204929
8.131925
8.343844
9.545291
10.417321
9.086726
6.574202
6.282250
7.870233
8.715535
9.686072
10.904662
9.913144
7.971244
7.913424
8.694228
8.862029
9.553483
10.902181
10.362441
8.139363
8.023890
9.239150
8.912677
9.304509
10.702525
10.009440
8.442920
7.719148
7.177342
7.413764
8.644643
9.733382
9.754302
8.982785
8.383840
7.422568
6.644895
7.644599
8.840377
9.032231
8.218199
5.987764
5.225922
6.820401
7.417950
7.797869
9.097087
8.854405
7.555506
7.370622
8.001718
8.305390
8.428477
9.259124
9.526081
8.341599
7.648715
7.410236
6.764548
7.178807
8.386033
8.390734
7.305614
6.970770
7.545745
7.253644
7.024215
8.328769
8.745222
7.649730
7.134115
6.942532
6.525466
6.205564
6.365083
7.240258
7.222775
6.466613
7.071491
7.366483
6.453640
6.780967
7.368458
6.268467
5.223348
5.626451
6.362612
6.201180
6.006362
6.780715
6.899167
6.017495
5.949024
5.932722
5.103858
5.008946
5.748314
5.886153
5.101712
4.456657
4.680949
4.763054
4.449476
4.631188
4.659398
11.333207
9.783006
7.675349
6.702900
5.813333
6.577021
9.298854
10.793536
10.058911
8.321280
7.012098
6.982474
7.192960
8.158031
10.294248
9.937201
7.553446
7.095157
6.767251
5.976359
7.470182
9.553475
9.832101
8.100637
5.912969
6.147160
7.233810
7.673239
9.723989
10.976413
9.150882
7.787846
7.866880
7.716861
8.106747
10.179936
11.963031
10.676084
8.609189
8.339357
7.875744
7.820090
9.809247
11.410039
11.299556
10.122233
8.789292
8.477373
8.360553
8.482984
10.105624
10.795072
9.082059
7.953271
8.189976
8.126235
8.312907
9.542836
10.397532
9.064370
6.573018
6.251980
7.862273
8.703307
9.657916
10.904588
9.887015
7.955985
7.907969
8.663247
8.859406
9.533990
10.879550
10.361371
8.109197
8.015664
9.227220
8.884343
9.304402
10.676623
9.993876
8.437694
7.688127
7.174545
7.394567
8.621741
9.732421
9.724244
8.974288
8.372205
7.394063
6.644749
7.618926
8.824508
9.027232
8.187145
5.984793
5.207022
6.797232
7.417090
7.767925
9.088315
8.843066
7.526832
7.370432
7.976279
8.289216
8.423701
9.228044
9.522926
8.322998
7.625282
7.409474
6.734724
7.169760
8.374988
8.361898
7.305372
6.945570
7.529265
7.249086
6.993114
8.325427
8.726921
7.626034
7.133445
6.912833
6.516140
6.194809
6.336091
7.239960
7.197818
6.449828
7.067146
7.335367
6.450108
6.762968
7.344502
6.267883
5.193780
5.616843
6.352147
6.172035
6.006001
6.756002
6.882077
6.013361
5.917899
5.928993
5.086162
4.984735
5.747810
5.856721
5.091821
4.446481
4.651659
4.762625
4.425013
4.613795
4.655469
11.333207
9.769710
7.668977
6.699293
5.798597
6.576446
9.287871
10.784221
10.057469
8.306197
7.009885
6.974329
7.180969
8.157821
10.279965
9.932538
7.548228
7.081164
6.767158
5.963901
7.462629
9.550828
9.817088
8.099524
5.903082
6.136716
7.232987
7.658342
9.720876
10.969453
9.137988
7.787823
7.853216
7.711070
8.102623
10.165406
11.962661
10.664584
8.600455
8.337546
7.860638
7.818280
9.800513
11.398540
11.299186
10.107703
8.785169
8.471582
8.346889
8.482961
10.092731
10.788112
9.078946
7.938375
8.189152
8.115792
8.303020
9.541722
10.382520
9.061723
6.565464
6.239522
7.862180
8.689315
9.652698
10.899924
9.872733
7.955775
7.895976
8.655101
8.857194
9.518907
10.878108
10.352056
8.098214
8.015088
9.212483
8.880736
9.298030
10.663327
9.993876
8.424397
7.681754
7.170940
7.379830
8.621165
9.721438
9.714929
8.972846
8.357121
7.391850
6.636603
7.606932
8.824298
9.012950
8.182482
5.979573
5.193029
6.797138
7.404631
7.760372
9.085668
8.828053
7.525718
7.360546
7.965837
8.288392
8.408805
9.224931
9.515966
8.310104
7.625259
7.395810
6.728934
7.165636
8.360457
8.361528
7.293872
6.936836
7.527455
7.233980
6.991303
8.316693
8.715422
7.625663
7.118915
6.908710
6.510350
6.181146
6.336067
7.227066
7.190857
6.446714
7.052250
7.334544
6.439664
6.753081
7.343390
6.252871
5.191132
5.609290
6.339689
6.171942
5.992007
6.750782
6.877415
5.999078
5.917690
5.917001
5.078016
4.982523
5.732728
5.855278
5.082504
4.435498
4.651084
4.747889
4.421406
4.607424
4.642173
11.333207
9.720954
7.646844
6.684757
5.745693
6.575263
9.245095
10.754027
10.049417
8.251332
7.005251
6.938848
7.142947
8.154574
10.225497
9.922484
7.520730
7.036220
6.766631
5.912151
7.445654
9.531312
9.766726
8.099392
5.856139
6.111913
7.220767
7.604529
9.718783
10.928992
9.105124
7.781582
7.798220
7.704829
8.069759
10.124946
11.960568
10.610772
8.588235
8.312743
7.813694
7.818147
9.750152
11.379024
11.282210
10.055953
8.784640
8.426640
8.319390
8.472907
10.038262
10.784865
9.040925
7.902894
8.184518
8.060927
8.294967
9.511529
10.339744
9.060538
6.512560
6.224987
7.840047
8.640559
9.652698
10.851169
9.850600
7.941239
7.843072
8.653916
8.814418
9.488713
10.870055
10.297191
8.093579
7.979608
9.174462
8.877490
9.243562
10.653274
9.966378
8.379455
7.681226
7.119190
7.362855
8.601649
9.671077
9.714797
8.925902
8.332318
7.379630
6.582790
7.604842
8.783837
8.980086
8.176241
5.924577
5.186787
6.764276
7.364171
7.758280
9.031856
8.815833
7.500916
7.313601
7.965704
8.238030
8.389289
9.207955
9.464216
8.309576
7.580315
7.368311
6.718880
7.111168
8.357211
8.323507
7.258392
6.932202
7.472589
7.225925
6.961110
8.273917
8.714237
7.572759
7.104377
6.886576
6.461595
6.181146
6.287313
7.204932
7.176321
6.393810
7.051064
7.291769
6.409471
6.745028
7.288524
6.248237
5.155651
5.571269
6.336443
6.117474
5.981954
6.723284
6.832472
5.998549
5.865940
5.900025
5.058500
4.932160
5.732596
5.808335
5.057701
4.423278
4.597271
4.745796
4.380945
4.574561
4.635931
11.333207
9.775437
7.670238
6.702498
5.803402
6.575848
9.295432
10.783347
10.061996
8.311223
7.007574
6.984276
7.178239
8.162683
10.286439
9.927627
7.560677
7.077301
6.771126
5.972975
7.454592
9.565417
9.813190
8.101278
5.915681
6.125475
7.248890
7.655764
9.719159
10.986136
9.123963
7.803816
7.853428
7.704852
8.123483
10.149508
11.977231
10.669005
8.589078
8.362155
7.844212
7.829771
9.810344
11.381825
11.326583
10.092425
8.791951
8.487652
8.325215
8.511708
10.080459
10.788756
9.101584
7.912696
8.217429
8.108399
8.296460
9.570678
10.354316
9.087468
6.564658
6.225197
7.896587
8.660514
9.673785
10.907062
9.850694
7.994167
7.868815
8.669522
8.873130
9.489858
10.918511
10.328906
8.104278
8.040057
9.177789
8.920785
9.281203
10.659825
10.027413
8.386006
7.718867
7.162484
7.366180
8.662099
9.681775
9.746512
8.974359
8.333463
7.438342
6.598396
7.630584
8.836764
8.980180
8.232134
5.945663
5.206742
6.820813
7.364384
7.810376
9.058785
8.830405
7.560063
7.315095
8.013177
8.270942
8.399091
9.268615
9.468107
8.351772
7.619116
7.374137
6.779892
7.118480
8.393683
8.367880
7.261195
6.992394
7.484212
7.256443
7.010521
8.274760
8.772470
7.589423
7.128942
6.940299
6.461618
6.236353
6.309546
7.223771
7.233465
6.394185
7.102298
7.319891
6.423033
6.804569
7.290409
6.294700
5.189755
5.580207
6.397268
6.121970
6.023034
6.763233
6.837615
6.059491
5.874047
5.935317
5.103930
4.934483
5.792486
5.820914
5.087021
4.473616
4.597857
4.803506
4.398686
4.597955
4.690415
11.333207
9.811980
7.685050
6.715420
5.841071
6.575946
9.330695
10.800105
10.073096
8.349849
7.007965
7.018115
7.196976
8.172053
10.325847
9.928502
7.592961
7.098033
6.778871
6.012981
7.456139
9.596030
9.835912
8.107519
5.956096
6.127876
7.277735
7.680454
9.724030
11.026767
9.127391
7.830811
7.880043
7.708505
8.164132
10.154124
12.002311
10.697486
8.591670
8.402627
7.850166
7.852890
9.840611
11.383529
11.366685
10.099858
8.813083
8.519609
8.326211
8.551251
10.089496
10.807891
9.135121
7.913171
8.256227
8.119147
8.313611
9.605666
10.354457
9.125342
6.577209
6.240396
7.932886
8.660518
9.710567
10.921493
9.863988
8.031624
7.868878
8.705052
8.889495
9.501317
10.956960
10.329223
8.138412
8.058396
9.187497
8.960052
9.281966
10.692430
10.047746
8.394067
7.758769
7.163883
7.397136
8.684424
9.688306
9.786860
8.976575
8.362668
7.462641
6.603530
7.671188
8.839972
9.007550
8.258368
5.949547
5.247403
6.825179
7.389850
7.838489
9.061576
8.870929
7.565741
7.338609
8.043094
8.272809
8.439282
9.275743
9.489637
8.383400
7.620238
7.413808
6.788599
7.138014
8.426915
8.368443
7.300155
7.002792
7.501758
7.291151
7.010713
8.312833
8.784655
7.605008
7.164990
6.940314
6.498631
6.250402
6.323217
7.261009
7.233501
6.429978
7.118273
7.331710
6.461297
6.804819
7.324834
6.312642
5.199806
5.619324
6.397926
6.154890
6.042967
6.771614
6.877403
6.060748
5.905341
5.957245
5.110756
4.974756
5.794524
5.850477
5.110928
4.479017
4.638423
4.806502
4.426430
4.623806
4.694536
11.333207
9.654201
7.624784
6.655153
5.683290
6.575945
9.172915
10.739839
10.012830
8.192069
7.007964
6.860334
7.136710
8.111787
10.168067
9.928502
7.435180
7.037767
6.718605
5.855200
7.456138
9.438251
9.775645
8.047253
5.798315
6.127875
7.119954
7.620188
9.663764
10.868987
9.127391
7.673031
7.819777
7.648238
8.006351
10.154124
11.844531
10.637219
8.531404
8.244849
7.850166
7.695111
9.780345
11.323262
11.208905
10.099858
8.655303
8.459342
8.265944
8.393472
10.089496
10.650111
9.074855
7.852901
8.098446
8.119148
8.155832
9.545400
10.294190
8.967563
6.577208
6.082615
7.872621
8.600251
9.552787
10.921493
9.706208
7.971357
7.808612
8.547273
8.889495
9.343537
10.896693
10.268956
7.980631
8.058395
9.029717
8.899785
9.221700
10.534650
10.047746
8.236286
7.698503
7.103614
7.239354
8.684424
9.530526
9.726594
8.916308
8.204888
7.462640
6.445749
7.610923
8.779706
8.849771
8.258368
5.791766
5.187135
6.764911
7.232069
7.838489
8.903796
8.810662
7.505473
7.180828
8.043094
8.115029
8.379016
9.215476
9.331858
8.383400
7.462456
7.353542
6.728331
6.980233
8.426915
8.210663
7.239889
6.942524
7.343979
7.291152
6.852932
8.252566
8.724388
7.447226
7.164991
6.782534
6.438364
6.190135
6.165437
7.261008
7.075719
6.369711
7.058005
7.173931
6.461296
6.647038
7.264567
6.252375
5.042026
5.619323
6.240146
6.094623
5.982699
6.613834
6.877402
5.902967
5.845074
5.896977
4.952975
4.974755
5.636744
5.790210
5.050660
4.321237
4.638422
4.648722
4.366162
4.563539
4.536756
11.333207
9.626424
7.614806
6.643747
5.656429
6.575871
9.144343
10.731238
9.999957
8.166236
7.007670
6.831096
7.129423
8.097426
10.143363
9.927844
7.405410
7.031718
6.702747
5.831715
7.454976
9.408088
9.770743
8.029903
5.776130
6.126072
7.089544
7.616335
9.644944
10.848166
9.124818
7.642517
7.816862
7.627980
7.986952
10.150661
11.814061
10.635123
8.509757
8.226910
7.845697
7.664832
9.778943
11.300288
11.192449
10.094279
8.625360
8.458499
8.241717
8.378512
10.082713
10.620645
9.074433
7.827509
8.084980
8.111083
8.126978
9.545255
10.267728
8.955573
6.567789
6.054506
7.872606
8.572827
9.542243
10.910663
9.678967
7.971330
7.780343
8.538129
8.877213
9.317281
10.896504
10.239968
7.972828
8.044632
9.004550
8.899289
9.192126
10.528115
10.032487
8.212303
7.697558
7.073593
7.234004
8.667670
9.507812
9.725064
8.885980
8.200627
7.444404
6.424376
7.608674
8.749215
8.846494
8.238680
5.771792
5.184042
6.734406
7.229660
7.817391
8.885268
8.806607
7.475101
7.179164
8.020642
8.097978
8.373893
9.185380
9.330807
8.359665
7.446898
7.347251
6.698657
6.979659
8.401977
8.196602
7.232345
6.913410
7.343741
7.265104
6.840356
8.243695
8.695967
7.447179
7.137938
6.771417
6.428104
6.162532
6.165433
7.233062
7.066021
6.358014
7.031341
7.173824
6.432581
6.638706
7.251399
6.226759
5.041670
5.589968
6.233113
6.079963
5.958232
6.613086
6.847543
5.897155
5.828917
5.873747
4.951695
4.944531
5.632060
5.772564
5.028743
4.319290
4.607979
4.645065
4.347051
4.542998
4.534015
11.333207
9.567170
7.594831
6.617706
5.601200
6.575250
9.082101
10.716861
9.967605
8.115909
7.005208
6.767010
7.119947
8.058763
10.098630
9.922393
7.340705
7.026266
6.658013
5.793051
7.445501
9.344005
9.768281
7.979576
5.743777
6.111694
7.027303
7.615712
9.589715
10.822125
9.104846
7.583263
7.816862
7.568727
7.966981
10.124619
11.758832
10.634501
8.447515
8.212531
7.813345
7.614505
9.776481
11.236205
11.182973
10.055615
8.580627
8.453048
8.177012
8.373061
10.037980
10.581981
9.064958
7.763426
8.082518
8.060755
8.094625
9.530877
10.205485
8.954951
6.512559
6.028465
7.852635
8.513574
9.542243
10.851409
9.658996
7.945289
7.725114
8.537507
8.814971
9.302903
10.864152
10.189641
7.970366
7.980549
8.995074
8.860625
9.147393
10.522664
9.967782
8.206852
7.652825
7.034929
7.224530
8.603587
9.505349
9.674737
8.853627
8.186250
7.382162
6.423755
7.553445
8.723174
8.826522
8.179426
5.771793
5.124789
6.714434
7.203619
7.762162
8.884646
8.744365
7.460723
7.146811
7.970315
8.095515
8.309810
9.175904
9.292143
8.314932
7.441452
7.282546
6.693204
6.934926
8.363313
8.187126
7.168260
6.910947
7.293413
7.232751
6.825977
8.181453
8.695345
7.391950
7.111897
6.751445
6.368851
6.162533
6.106180
7.213091
7.039980
6.302785
7.030720
7.111581
6.418202
6.606354
7.201072
6.224297
4.977586
5.580492
6.194449
6.035230
5.952780
6.548380
6.842092
5.852422
5.790253
5.864271
4.887611
4.942069
5.581734
5.740211
5.014364
4.257048
4.607358
4.589836
4.321010
4.523026
4.474762
11.333207
9.658399
7.623622
6.660441
5.682882
6.577382
9.179284
10.733487
10.024873
8.185275
7.013552
6.866045
7.127243
8.129895
10.153972
9.940497
7.437324
7.027869
6.741149
5.833866
7.476069
9.434152
9.768319
8.071821
5.770816
6.156360
7.107481
7.618446
9.687388
10.837323
9.164027
7.650833
7.826319
7.667682
7.973294
10.197484
11.812238
10.654134
8.543496
8.213682
7.897882
7.653414
9.808862
11.325210
11.183125
10.148810
8.605951
8.499654
8.255641
8.376466
10.136071
10.595803
9.126039
7.829171
8.093147
8.159559
8.100022
9.605439
10.256949
8.976155
6.607831
6.029235
7.938521
8.550590
9.576461
10.939210
9.659339
8.039368
7.748759
8.586055
8.892005
9.307054
10.962584
10.202144
8.033330
8.044445
9.006938
8.959201
9.151940
10.598884
10.017303
8.229673
7.747319
7.035396
7.311707
8.638732
9.541427
9.761275
8.854236
8.281140
7.404170
6.474248
7.628840
8.728137
8.925220
8.190666
5.836617
5.186813
6.727591
7.301889
7.765931
8.962483
8.791942
7.485203
7.240456
7.970553
8.183927
8.343106
9.213864
9.377361
8.315882
7.537085
7.302957
6.745640
7.008644
8.369159
8.286015
7.178297
6.977608
7.353546
7.247253
6.923868
8.184512
8.774754
7.437584
7.138073
6.844172
6.368936
6.252117
6.137651
7.252950
7.123822
6.304152
7.127026
7.130442
6.472577
6.678356
7.207869
6.323300
4.986479
5.648964
6.252676
6.051135
6.050217
6.550804
6.923026
5.896122
5.818162
5.956016
4.887620
5.032765
5.611408
5.781985
5.096780
4.258906
4.704268
4.607195
4.377316
4.593280
4.482574
11.333207
9.672420
7.627755
6.667415
5.694899
6.577958
9.194327
10.735301
10.034780
8.194610
7.015769
6.880972
7.127613
8.142379
10.160356
9.945168
7.451015
7.027891
6.755461
5.837479
7.483638
9.445674
9.769143
8.086935
5.772261
6.166825
7.116234
7.621099
9.702155
10.837533
9.176948
7.656635
7.831549
7.681005
7.973388
10.212045
11.815358
10.662295
8.554500
8.214798
7.913019
7.654530
9.819865
11.333371
11.186246
10.163371
8.606045
8.512977
8.260871
8.382268
10.148992
10.596013
9.140805
7.831823
8.101900
8.170025
8.101468
9.620553
10.257773
8.987678
6.615400
6.032849
7.952834
8.550612
9.590152
10.943881
9.665723
8.051851
7.749129
8.600982
8.894221
9.316388
10.972491
10.203958
8.048373
8.045021
9.018954
8.966176
9.156074
10.612905
10.017303
8.243694
7.751452
7.042370
7.323724
8.639308
9.556470
9.763089
8.864142
8.290475
7.406386
6.489176
7.629210
8.740621
8.931603
8.195337
5.850308
5.186836
6.741902
7.305503
7.773499
8.974006
8.792766
7.500317
7.241900
7.981019
8.192679
8.345759
9.228631
9.377571
8.328802
7.542887
7.308187
6.758964
7.008736
8.383719
8.289135
7.186459
6.988613
7.354662
7.262391
6.924983
8.195516
8.782915
7.440705
7.152635
6.844265
6.382260
6.257347
6.143453
7.265871
7.124031
6.318919
7.129679
7.139195
6.483042
6.679801
7.222982
6.324125
4.998002
5.656532
6.256289
6.065447
6.050240
6.564496
6.927698
5.902506
5.830646
5.956386
4.902548
5.034982
5.620744
5.791892
5.098593
4.273951
4.704844
4.619212
4.384290
4.597412
4.496596
11.333207
9.685653
7.631389
6.674381
5.705716
6.578797
9.208531
10.736423
10.045110
8.202132
7.018926
6.894468
7.127635
8.155313
10.164487
9.951577
7.462296
7.028486
6.769621
5.838920
7.493461
9.453752
9.771850
8.100655
5.772349
6.179421
7.120880
7.626955
9.713874
10.837926
9.191020
7.658430
7.840849
7.689631
7.975671
10.225947
11.815555
10.674521
8.559676
8.220110
7.925148
7.654760
9.833808
11.335553
11.195008
10.172538
8.607933
8.527020
8.261220
8.394092
10.154710
10.600791
9.153312
7.831934
8.115669
8.172623
8.109685
9.630246
10.259299
9.001819
6.615942
6.044241
7.959104
8.554870
9.603004
10.943915
9.679278
8.054893
7.756791
8.611186
8.895419
9.330585
10.973266
10.214892
8.055200
8.048777
9.032117
8.966178
9.169377
10.616418
10.024407
8.254391
7.752358
7.056578
7.324773
8.649762
9.563853
9.766364
8.877578
8.290488
7.419398
6.493180
7.635758
8.751788
8.932258
8.209513
5.851666
5.196787
6.749843
7.308320
7.787168
8.974074
8.805449
7.504833
7.247894
7.992631
8.193120
8.359859
9.230334
9.387003
8.337294
7.545274
7.322049
6.759130
7.021058
8.388762
8.294582
7.198488
6.988881
7.368641
7.264472
6.933882
8.204549
8.784899
7.454718
7.152941
6.856192
6.387843
6.262257
6.155868
7.266007
7.137848
6.321410
7.138033
7.148758
6.484655
6.693922
7.223472
6.335629
5.004133
5.660918
6.269058
6.065496
6.063853
6.567424
6.935499
5.912585
5.831923
5.970572
4.903261
5.046034
5.627430
5.795772
5.111681
4.273957
4.718214
4.622605
4.391534
4.607988
4.497572
11.333207
9.891536
7.683891
6.788648
5.865584
6.597326
9.428096
10.746522
10.219689
8.299159
7.086800
7.090766
7.128989
8.368419
10.203031
10.082978
7.606225
7.057696
6.986486
5.843048
7.681163
9.533856
9.856133
8.285240
5.777730
6.397212
7.147224
7.774961
9.841025
10.879806
9.402553
7.659193
8.039753
7.753551
8.076996
10.396985
11.827538
10.894340
8.575878
8.383784
8.035099
7.710986
10.037509
11.335637
11.402926
10.221402
8.726511
8.683003
8.282218
8.613233
10.163079
10.778813
9.246062
7.903830
8.309230
8.174731
8.324205
9.665563
10.394917
9.141616
6.648145
6.260016
7.962139
8.745561
9.678977
11.032416
9.860637
8.061689
7.975341
8.634789
9.047446
9.453460
11.018588
10.424695
8.055536
8.250148
9.092151
9.071813
9.336778
10.630437
10.244309
8.268411
7.919759
7.162213
7.384804
8.851134
9.564191
9.976167
8.922900
8.413363
7.571424
6.516785
7.854309
8.758584
9.113616
8.298014
5.927641
5.387478
6.752876
7.524096
7.819372
9.113872
8.941068
7.540150
7.462416
7.994741
8.386680
8.431754
9.323085
9.565025
8.345663
7.764417
7.343046
6.915113
7.139636
8.437627
8.502501
7.198571
7.192581
7.424869
7.374424
7.097558
8.220750
9.004717
7.466700
7.323977
6.957516
6.451762
6.461161
6.156629
7.477541
7.179731
6.448562
7.286038
7.175099
6.702446
6.699303
7.408059
6.419911
5.084239
5.848617
6.273186
6.282361
6.093064
6.711352
7.066901
5.951128
6.045030
5.971926
5.099559
5.113908
5.724458
5.970350
5.121780
4.493521
4.736743
4.782474
4.505801
4.660490
4.703456
11.333207
9.846721
7.673307
6.762501
5.832657
6.591920
9.380927
10.745496
10.179038
8.282258
7.067632
7.051846
7.127176
8.320907
10.199018
10.047940
7.582411
7.045109
6.942873
5.842933
7.635348
9.525149
9.827674
8.254515
5.770755
6.350610
7.146766
7.732740
9.826325
10.858327
9.365510
7.656382
7.992126
7.750739
8.039954
10.375506
11.812839
10.852118
8.575420
8.337185
8.028124
7.680261
10.009049
11.326930
11.357112
10.221288
8.682897
8.670415
8.258405
8.578195
10.159066
10.731301
9.244250
7.864911
8.290063
8.157830
8.283554
9.664536
10.347749
9.136210
6.615219
6.233869
7.951555
8.700746
9.678977
10.987601
9.850053
8.035542
7.942414
8.629384
9.000278
9.452434
10.977937
10.407794
8.036369
8.211229
9.090339
9.024301
9.332765
10.595399
10.220496
8.255821
7.876145
7.162098
7.338991
8.842427
9.535731
9.945441
8.915925
8.366763
7.570966
6.474564
7.839609
8.737105
9.076573
8.295202
5.880014
5.384666
6.715834
7.502617
7.804672
9.071651
8.940610
7.493549
7.455442
7.964016
8.358220
8.423047
9.277270
9.564911
8.302050
7.751828
7.319232
6.880074
7.135623
8.390115
8.500689
7.159651
7.173413
7.407968
7.333770
7.096533
8.173581
8.999311
7.433774
7.297831
6.946932
6.406948
6.461161
6.111814
7.466957
7.153584
6.415635
7.280633
7.127930
6.701421
6.658651
7.391158
6.400743
5.045319
5.846804
6.225674
6.278348
6.058025
6.687539
7.054314
5.907515
6.044915
5.926112
5.090853
5.085449
5.693732
5.963375
5.075179
4.493063
4.694522
4.767774
4.484322
4.623447
4.700644
11.333207
9.881553
7.680898
6.783803
5.856769
6.597314
9.416865
10.745721
10.212359
8.292315
7.086051
7.078628
7.130693
8.357520
10.199918
10.079385
7.595139
7.060646
6.972119
5.844940
7.672187
9.527156
9.856921
8.270052
5.783482
6.382055
7.147666
7.769353
9.829843
10.885108
9.383929
7.666440
8.025448
7.750964
8.075891
10.380900
11.836949
10.873420
8.583012
8.372016
8.028124
7.715092
10.016641
11.348231
11.381223
10.226682
8.718836
8.670640
8.291726
8.588252
10.177485
10.758082
9.247767
7.901524
8.290963
8.189276
8.296282
9.680074
10.376996
9.138217
6.652058
6.235876
7.980803
8.716283
9.691705
11.019046
9.850953
8.072155
7.945931
8.656165
9.018697
9.462491
11.011258
10.408019
8.072309
8.216623
9.114450
9.045602
9.340356
10.630231
10.220496
8.290653
7.883737
7.183399
7.363102
8.847821
9.571670
9.945666
8.949246
8.376821
7.589386
6.501346
7.843126
8.773719
9.077474
8.326647
5.892741
5.400203
6.745080
7.504623
7.841511
9.073657
8.969857
7.509088
7.468169
7.995461
8.359120
8.459661
9.280787
9.591692
8.320469
7.761886
7.352554
6.880300
7.171561
8.395509
8.524799
7.180952
7.181005
7.442799
7.333770
7.131365
8.181172
9.020613
7.457884
7.303225
6.982870
6.407174
6.494482
6.121871
7.485376
7.180365
6.419152
7.317248
7.128830
6.732865
6.671378
7.406694
6.429990
5.047325
5.883643
6.227680
6.307594
6.073563
6.700266
7.085758
5.908415
6.081528
5.929629
5.117635
5.103868
5.703789
5.996696
5.075405
4.529001
4.699916
4.791885
4.505623
4.631040
4.735476
11.333207
9.973306
7.699296
6.842450
5.916342
6.614973
9.509025
10.745730
10.303691
8.311463
7.143772
7.139121
7.147624
8.450068
10.199956
10.170278
7.615048
7.117435
7.033527
5.861156
7.765106
9.527240
9.947358
8.290733
5.839334
6.444373
7.163180
7.862626
9.829991
10.975074
9.405395
7.721354
8.088670
7.765788
8.169501
10.381133
11.926427
10.895679
8.636986
8.436136
8.042271
7.809023
10.016976
11.437207
11.404284
10.279714
8.783850
8.684123
8.385959
8.588708
10.265941
10.781959
9.299855
7.967424
8.303795
8.283792
8.296878
9.767995
10.401694
9.189359
6.718839
6.248070
8.075585
8.717034
9.779077
11.044576
9.901147
8.139809
7.957503
8.751195
9.019626
9.549298
11.037629
10.457265
8.140825
8.227587
9.209710
9.046723
9.426583
10.657451
10.268794
8.360029
7.894105
7.278872
7.364438
8.933454
9.599748
9.993016
9.019471
8.386609
7.685052
6.502911
7.928150
8.802661
9.123876
8.397713
5.901965
5.496047
6.746894
7.589024
7.871326
9.119111
9.041755
7.517760
7.564168
7.997540
8.442883
8.490355
9.325295
9.664412
8.328609
7.858025
7.354920
6.963414
7.203142
8.439073
8.598333
7.188573
7.277267
7.445466
7.416221
7.163839
8.223794
9.094950
7.465003
7.399587
6.985855
6.488946
6.527855
6.163551
7.560507
7.186995
6.515599
7.320569
7.209912
6.767143
6.712121
7.482607
6.436149
5.143837
5.887320
6.308060
6.342782
6.113370
6.776952
7.091461
6.004973
6.085576
6.009294
5.153738
5.142744
5.781237
6.001961
5.171991
4.533438
4.778853
4.828908
4.543571
4.709238
4.740317
11.333207
10.016965
7.707316
6.871541
5.942802
6.625142
9.551414
10.745889
10.348332
8.317542
7.175408
7.162899
7.160118
8.490918
10.200587
10.215600
7.619417
7.151495
7.054613
5.876117
7.804165
9.528653
9.993049
8.293652
5.875664
6.462789
7.180719
7.899671
9.832484
11.020818
9.407136
7.759765
8.104481
7.785979
8.204337
10.384990
11.971906
10.896537
8.677265
8.449439
8.065151
7.841482
10.022458
11.482110
11.404567
10.321618
8.794775
8.709693
8.415910
8.596057
10.309960
10.781976
9.343123
7.976139
8.332016
8.311136
8.306310
9.810838
10.401765
9.233706
6.725541
6.278870
8.100261
8.728734
9.820468
11.045014
9.946277
8.144720
7.990771
8.773177
9.033750
9.588981
11.038749
10.502868
8.144198
8.263180
9.229011
9.063394
9.464324
10.659553
10.314555
8.362131
7.931846
7.295541
7.383739
8.969047
9.603120
10.038619
9.020591
8.426291
7.699176
6.524893
7.961418
8.807572
9.169005
8.398151
5.943357
5.507747
6.771569
7.619823
7.878028
9.163459
9.041825
7.560604
7.573600
8.024883
8.471105
8.499070
9.368564
9.664429
8.372629
7.865375
7.384871
6.988984
7.214067
8.480977
8.598616
7.233475
7.282748
7.477925
7.439102
7.177141
8.264073
9.095808
7.510480
7.403443
7.020691
6.509138
6.543665
6.201963
7.562248
7.232739
6.518093
7.357615
7.227450
6.785560
6.748450
7.485527
6.481839
5.145251
5.926379
6.323021
6.363868
6.147430
6.781322
7.136783
6.005606
6.126425
6.021787
5.177517
5.174380
5.787315
6.046602
5.172150
4.575828
4.789022
4.855368
4.572661
4.717258
4.783977
11.333207
9.924600
7.691833
6.807546
5.890817
6.599662
9.465356
10.744327
10.252521
8.309937
7.100425
7.123171
7.123168
8.413623
10.194442
10.119426
7.617058
7.067260
7.026591
5.826969
7.737516
9.515199
9.899623
8.293568
5.784512
6.445166
7.119433
7.844865
9.809468
10.933070
9.406211
7.664478
8.095275
7.713404
8.161799
10.350780
11.892398
10.891706
8.580896
8.446122
7.982864
7.810847
9.976148
11.412871
11.393018
10.227288
8.794440
8.619905
8.396041
8.537524
10.252355
10.761334
9.253821
7.975686
8.237421
8.300198
8.236224
9.765473
10.370246
9.152095
6.721872
6.182474
8.095833
8.648513
9.787162
11.001536
9.874520
8.134950
7.895698
8.772428
8.945468
9.566766
10.983006
10.442494
8.125837
8.172466
9.228862
8.969649
9.451518
10.592032
10.266353
8.333246
7.848247
7.292882
7.287482
8.963355
9.525075
10.002587
8.979928
8.352101
7.691054
6.429238
7.960087
8.720937
9.144357
8.345224
5.880259
5.491563
6.679591
7.619813
7.785291
9.148665
8.976939
7.509563
7.547281
7.939419
8.469295
8.403119
9.361461
9.588665
8.333830
7.827501
7.308336
6.982368
7.117996
8.478902
8.513760
7.206308
7.232653
7.412154
7.424984
7.084051
8.264037
9.004234
7.493584
7.341249
6.966823
6.485309
6.456466
6.200844
7.466769
7.224082
6.444705
7.316017
7.192334
6.706778
6.743197
7.389203
6.478860
5.062302
5.896624
6.275764
6.295485
6.135261
6.687275
7.136552
5.915346
6.107315
5.962332
5.120840
5.152958
5.698515
6.046009
5.077306
4.565480
4.718097
4.810947
4.540252
4.636335
4.779937
11.333207
9.798511
7.672637
6.716927
5.825279
6.559205
9.353475
10.739339
10.121444
8.304950
6.988544
7.082713
7.057629
8.323003
10.175246
9.993337
7.617058
6.941171
7.007395
5.736350
7.671978
9.474742
9.787742
8.288580
5.653434
6.440178
7.007552
7.804406
9.743930
10.842450
9.387015
7.538389
8.095276
7.587312
8.142604
10.260159
11.826859
10.851249
8.469015
8.441133
7.851788
7.805860
9.864266
11.372415
11.327479
10.136668
8.775245
8.493816
8.396043
8.411435
10.233159
10.670714
9.188283
7.935226
8.125539
8.295210
8.105146
9.760486
10.258365
9.111638
6.656333
6.091855
8.076637
8.522424
9.787162
10.875447
9.855325
8.044331
7.830159
8.731971
8.833587
9.561778
10.851930
10.437507
8.013956
8.132010
9.163323
8.879029
9.432323
10.465943
10.266353
8.207158
7.829051
7.202263
7.221943
8.922898
9.413194
9.997600
8.848851
8.347114
7.579172
6.388781
7.894548
8.630317
9.125161
8.219135
5.880260
5.365474
6.660396
7.529194
7.719752
9.108209
8.865058
7.504577
7.416205
7.934431
8.357413
8.362662
9.295922
9.498045
8.314634
7.701413
7.308335
6.856279
7.098801
8.388282
8.448221
7.165851
7.120772
7.407165
7.293905
7.079063
8.152156
8.963778
7.428046
7.250630
6.947627
6.359220
6.456467
6.074755
7.447573
7.133464
6.379167
7.275560
7.080453
6.701790
6.612120
7.384215
6.366979
5.021844
5.831085
6.185145
6.276289
6.009171
6.687276
7.010462
5.896151
6.016696
5.896793
5.080382
5.041077
5.693527
5.914931
5.072318
4.453599
4.677639
4.745409
4.449633
4.617140
4.653848
11.333207
9.876502
7.683366
6.774936
5.862494
6.587865
9.418860
10.744882
10.201716
8.305886
7.062507
7.100006
7.107441
8.368920
10.195897
10.064939
7.619034
7.021871
7.011104
5.804724
7.696907
9.515920
9.842105
8.302137
5.729801
6.440372
7.086804
7.812593
9.805415
10.875735
9.419520
7.600545
8.102986
7.666775
8.142882
10.336160
11.841016
10.904864
8.510984
8.465333
7.920729
7.809243
9.945004
11.374642
11.398572
10.158015
8.820376
8.544397
8.412690
8.485833
10.233933
10.750855
9.194234
7.999986
8.154962
8.331635
8.163867
9.770682
10.336638
9.111646
6.734029
6.103127
8.133928
8.560430
9.815066
10.941451
9.860473
8.124719
7.831274
8.805488
8.851535
9.610818
10.898631
10.457469
8.086056
8.133748
9.243968
8.883077
9.500121
10.491609
10.306737
8.262260
7.842021
7.278983
7.222067
9.001929
9.421863
10.058406
8.882918
8.378842
7.641992
6.396032
7.974201
8.630696
9.200782
8.233900
5.933124
5.408236
6.683872
7.598689
7.722824
9.188970
8.867553
7.575147
7.438255
7.978773
8.408759
8.378673
9.370740
9.498672
8.394629
7.707783
7.372456
6.886467
7.134439
8.447703
8.457897
7.244391
7.120802
7.484550
7.305734
7.135633
8.190955
8.990931
7.494658
7.255397
7.028116
6.360528
6.529523
6.093366
7.495836
7.180946
6.398450
7.348142
7.081969
6.782365
6.616521
7.451427
6.393385
5.061436
5.886924
6.197539
6.353349
6.009240
6.766069
7.019629
5.956268
6.051547
5.927750
5.143859
5.047882
5.773358
5.915427
5.147544
4.468981
4.729747
4.788962
4.472392
4.687180
4.656625
11.333207
9.922530
7.689056
6.810288
5.882528
6.606981
9.455016
10.749980
10.248050
8.305905
7.108196
7.106315
7.141971
8.389878
10.214101
10.101880
7.623570
7.068476
7.011178
5.850039
7.703862
9.549611
9.863990
8.319439
5.767509
6.444375
7.133644
7.812758
9.850324
10.883363
9.452357
7.623361
8.119396
7.705225
8.146381
10.383201
11.841310
10.949332
8.519310
8.497300
7.944477
7.824773
9.984176
11.377671
11.445775
10.158471
8.864373
8.553444
8.443775
8.510514
10.248593
10.790725
9.196822
8.047318
8.155620
8.375130
8.173656
9.800878
10.362250
9.125451
6.774570
6.105309
8.181351
8.561322
9.858027
10.952006
9.889766
8.151258
7.844240
8.846675
8.853343
9.658296
10.899795
10.499867
8.097398
8.162129
9.271432
8.895221
9.541928
10.493077
10.354234
8.263729
7.883828
7.291129
7.249530
9.030311
9.433204
10.100804
8.884082
8.426320
7.643800
6.437220
7.987167
8.657235
9.230075
8.244455
5.976085
5.409128
6.731296
7.600872
7.763365
9.202775
8.893165
7.605343
7.448046
8.022267
8.409415
8.426003
9.373328
9.538542
8.409288
7.732464
7.403543
6.895513
7.178435
8.448159
8.505100
7.247420
7.159974
7.500080
7.329483
7.167601
8.199281
9.035398
7.494952
7.302438
7.031616
6.398978
6.545933
6.116181
7.528673
7.188576
6.443357
7.348308
7.128808
6.786367
6.654228
7.468729
6.415270
5.095126
5.893880
6.242854
6.353422
6.055845
6.770605
7.056569
5.974473
6.072504
5.962279
5.150168
5.093571
5.773377
5.961761
5.152642
4.505137
4.748862
4.808996
4.507744
4.692870
4.702653
11.333207
10.162860
7.715583
7.000488
5.977255
6.718443
9.630326
10.787908
10.481730
8.307071
7.352972
7.123278
7.345802
8.468413
10.342528
10.261327
7.674507
7.293434
7.015818
6.096975
7.713267
9.765559
9.927184
8.464739
5.910415
6.509697
7.347964
7.823115
10.097093
10.887368
9.678681
7.672352
8.281160
7.831226
8.227187
10.585172
11.859521
11.193610
8.520171
8.732060
7.980671
8.002276
10.093226
11.474763
11.633918
10.186522
9.103885
8.553467
8.684878
8.535562
10.440824
10.883098
9.310702
8.220415
8.195312
8.607690
8.175179
10.046103
10.378007
9.331111
6.850855
6.236159
8.338469
8.614240
10.081576
10.957328
10.136821
8.159759
8.061784
8.907763
9.001027
9.798802
10.967269
10.712522
8.108750
8.408683
9.274846
9.122872
9.589000
10.657140
10.477809
8.346816
8.083906
7.310629
7.493267
9.030906
9.669002
10.135301
9.063758
8.532964
7.743267
6.623281
8.016775
8.895885
9.230170
8.486284
5.999686
5.603362
6.821327
7.717173
7.934232
9.244266
9.124558
7.607267
7.693672
8.036858
8.616874
8.500056
9.506598
9.693319
8.464209
7.954567
7.409595
7.142639
7.186074
8.667258
8.564108
7.397479
7.298073
7.569725
7.540438
7.179990
8.445575
9.038271
7.723894
7.347616
7.197963
6.520127
6.631321
6.314341
7.549500
7.431721
6.443739
7.585101
7.161640
6.968195
6.758472
7.570580
6.599226
5.126328
6.131623
6.243069
6.595932
6.078040
6.966815
7.144275
6.093197
6.241118
6.005599
5.380356
5.095945
6.019361
5.975231
5.361865
4.576977
4.884550
4.961419
4.564695
4.913490
4.709475
11.333207
10.195031
7.718734
7.026669
5.988649
6.734932
9.651912
10.794703
10.511559
8.307878
7.385950
7.124083
7.375631
8.475209
10.364114
10.277816
7.685901
7.319615
7.018966
6.129147
7.713267
9.797730
9.930333
8.490921
5.921808
6.526186
7.369548
7.829911
10.126922
10.888175
9.711659
7.673160
8.310988
7.838021
8.248773
10.601661
11.870914
11.219792
8.523320
8.764232
7.980671
8.034448
10.096375
11.500945
11.645310
10.203012
9.125470
8.560263
8.714707
8.536368
10.473802
10.883904
9.340531
8.227211
8.216898
8.624179
8.186572
10.072286
10.381156
9.363282
6.850854
6.268331
8.341618
8.640422
10.092969
10.973817
10.158406
8.166554
8.091613
8.908570
9.034005
9.799609
10.997098
10.719317
8.130336
8.425172
9.286239
9.149055
9.592149
10.689311
10.477809
8.378988
8.087056
7.336810
7.504660
9.047395
9.690587
10.142097
9.093587
8.533771
7.776245
6.624087
8.046604
8.902680
9.251756
8.502773
6.011080
5.629543
6.824475
7.749343
7.934232
9.276437
9.127707
7.633449
7.705064
8.053347
8.638459
8.506852
9.536427
9.694126
8.497187
7.955375
7.439425
7.149436
7.207658
8.683747
8.575500
7.423660
7.301221
7.601897
7.540437
7.212162
8.448724
9.064453
7.735285
7.364105
7.219547
6.526924
6.661151
6.315146
7.582479
7.432527
6.473569
7.591897
7.183225
6.984684
6.769866
7.596761
6.602374
5.158501
6.131622
6.275241
6.599081
6.104221
6.978208
7.160764
6.114781
6.247915
6.035429
5.381162
5.128924
6.020167
6.005061
5.368662
4.598561
4.901039
4.972813
4.590877
4.916638
4.741647
11.333207
10.299018
7.727689
7.113514
6.021451
6.793277
9.715415
10.822791
10.602269
8.314152
7.491203
7.124338
7.477862
8.487271
10.446773
10.315528
7.739038
7.388177
7.042580
6.223360
7.717311
9.903749
9.931354
8.590921
5.937371
6.604373
7.412319
7.877839
10.200393
10.907601
9.808978
7.675447
8.417262
7.840307
8.346091
10.621087
11.944385
11.267720
8.566091
8.842418
7.996235
8.134447
10.097396
11.606963
11.649354
10.297223
9.149085
8.628824
8.767844
8.574081
10.556460
10.895967
9.442761
8.227467
8.322150
8.630452
8.277283
10.100373
10.444659
9.421628
6.883656
6.355177
8.350573
8.744409
10.092969
11.077804
10.167361
8.253402
8.124415
8.966916
9.097508
9.827697
11.087808
10.725591
8.235588
8.425428
9.388469
9.161117
9.674808
10.727023
10.530946
8.447550
8.110671
7.431022
7.508704
9.153413
9.691607
10.242097
9.109151
8.611957
7.819015
6.672016
8.120075
8.922107
9.349074
8.505060
6.117353
5.631831
6.921794
7.768770
8.007703
9.324365
9.170478
7.711637
7.720628
8.153347
8.639480
8.612870
9.540471
9.788338
8.520802
8.023935
7.492562
7.187148
7.290317
8.695809
8.677731
7.423916
7.406475
7.608172
7.631147
7.240250
8.512227
9.122799
7.768088
7.450953
7.228502
6.630909
6.661151
6.419132
7.591434
7.519373
6.506371
7.650242
7.246728
7.012772
6.860577
7.603036
6.707627
5.158756
6.233851
6.287302
6.681739
6.141933
7.031345
7.229326
6.138396
6.342128
6.039474
5.487180
5.129945
6.120167
6.020624
5.446848
4.641332
4.948968
5.046285
4.610304
5.013957
4.743935
11.333207
10.205583
7.720674
7.033585
5.995454
6.736377
9.664067
10.791659
10.526671
8.303929
7.399604
7.124010
7.383224
8.482898
10.362956
10.294368
7.676713
7.342435
7.006085
6.152484
7.703367
9.814595
9.930039
8.495735
5.935041
6.517173
7.395628
7.810295
10.160230
10.865586
9.743146
7.657312
8.331131
7.837368
8.251016
10.620173
11.854350
11.255071
8.493603
8.807731
7.948624
8.073911
10.074662
11.524390
11.644166
10.202914
9.148938
8.536543
8.758752
8.496989
10.527070
10.842759
9.387702
8.199789
8.243618
8.622428
8.184388
10.100337
10.350751
9.415559
6.802378
6.330830
8.291847
8.694928
10.060071
11.003741
10.155955
8.162553
8.123830
8.872024
9.093884
9.742696
11.068183
10.661500
8.191713
8.387106
9.319242
9.145823
9.586600
10.725236
10.435723
8.445763
8.022464
7.415730
7.439477
9.115090
9.647733
10.178006
9.089526
8.526956
7.815391
6.577123
8.119490
8.831258
9.337668
8.430998
6.084455
5.582350
6.863068
7.744423
7.926425
9.318295
9.076570
7.711599
7.627737
8.145323
8.560946
8.585193
9.485412
9.735130
8.491411
7.946849
7.483469
7.094867
7.290171
8.601501
8.672543
7.341342
7.383741
7.547637
7.583536
7.205563
8.439738
9.110149
7.678053
7.450040
7.133426
6.627967
6.575021
6.400997
7.525601
7.477358
6.466208
7.582697
7.230039
6.925572
6.858247
7.507849
6.706312
5.069604
6.219907
6.216427
6.645243
6.096191
6.969020
7.208165
6.054581
6.337755
5.944837
5.486851
5.038346
6.109946
5.945027
5.415716
4.589985
4.892068
5.020288
4.530374
5.006942
4.650499
11.333207
10.311835
7.727560
7.126512
6.021240
6.806054
9.715947
10.834086
10.605187
8.322062
7.498506
7.126989
7.491061
8.483739
10.465999
10.306624
7.762454
7.376753
7.066432
6.213884
7.736702
9.901189
9.941632
8.599211
5.935706
6.624916
7.398966
7.908597
10.179160
10.943154
9.786613
7.708133
8.401819
7.862255
8.344669
10.626550
11.960860
11.255080
8.599575
8.815143
8.040810
8.100607
10.143321
11.577331
11.685561
10.282371
9.166284
8.636024
8.761395
8.604901
10.528108
10.945348
9.400640
8.284668
8.278929
8.681722
8.246836
10.132697
10.438184
9.426503
6.906270
6.331339
8.399475
8.698642
10.157760
11.023484
10.232564
8.207063
8.173594
8.943717
9.117885
9.837064
11.074069
10.768247
8.191756
8.492782
9.327199
9.237252
9.614215
10.792872
10.489724
8.486128
8.102851
7.432303
7.539522
9.117415
9.755692
10.179261
9.191642
8.540589
7.899394
6.613431
8.177727
8.894752
9.369061
8.519257
6.094769
5.686637
6.863441
7.851914
7.930534
9.415353
9.097138
7.787240
7.673291
8.194031
8.633637
8.608315
9.580476
9.740543
8.598375
7.946942
7.588827
7.103387
7.380829
8.630046
8.739149
7.396403
7.423084
7.628944
7.599353
7.306152
8.441766
9.218142
7.679544
7.551665
7.147772
6.711082
6.612334
6.458178
7.590137
7.507792
6.555280
7.592395
7.334702
6.925832
6.965584
7.512374
6.802721
5.091012
6.294573
6.263029
6.692897
6.169874
6.991281
7.303909
6.059541
6.444917
5.945003
5.591872
5.047447
6.199818
5.974512
5.481290
4.646106
4.930393
5.102505
4.545447
5.108059
4.652248
11.333207
10.250653
7.724180
7.071906
6.008454
6.763164
9.689780
10.805501
10.564582
8.307251
7.445551
7.122419
7.430538
8.483644
10.404342
10.304263
7.706340
7.365880
7.021330
6.190106
7.705683
9.862927
9.924695
8.548046
5.929783
6.565238
7.398586
7.846654
10.177642
10.885686
9.777528
7.660905
8.380386
7.828802
8.308799
10.607402
11.911609
11.247649
8.540917
8.814286
7.978771
8.099749
10.084662
11.569900
11.636310
10.263223
9.130412
8.602571
8.739963
8.557674
10.519023
10.887879
9.399121
8.222725
8.278546
8.622045
8.240913
10.081532
10.421247
9.388242
6.875250
6.307561
8.354374
8.687768
10.101645
11.021123
10.170907
8.206965
8.113074
8.939147
9.064931
9.822253
11.033463
10.739661
8.165588
8.449891
9.314412
9.182645
9.610835
10.731690
10.489724
8.424946
8.099471
7.377697
7.526737
9.074525
9.729526
10.150676
9.151036
8.525779
7.846439
6.608861
8.117207
8.894656
9.307405
8.516895
6.038653
5.675764
6.818339
7.828137
7.899515
9.377091
9.080201
7.736076
7.667365
8.134354
8.633256
8.546372
9.578958
9.683075
8.589291
7.899714
7.567392
7.069934
7.344957
8.610898
8.689898
7.388971
7.364425
7.628087
7.537312
7.305296
8.383107
9.210711
7.630291
7.532516
7.111900
6.677629
6.590900
6.410951
7.581055
7.450325
6.553762
7.530451
7.334319
6.866154
6.959661
7.461209
6.785785
5.052752
6.263554
6.239251
6.647795
6.159000
6.935166
7.301550
5.997884
6.444821
5.884481
5.587302
4.994493
6.185006
5.933908
5.452704
4.619939
4.887504
5.089719
4.490841
5.104679
4.591066
11.333207
10.277377
7.725421
7.096204
6.013193
6.783057
9.699630
10.819816
10.580216
8.315844
7.466583
7.126193
7.455586
8.484389
10.431287
10.304328
7.732716
7.367736
7.044777
6.195895
7.724375
9.874070
9.937684
8.564980
5.937164
6.587333
7.401488
7.872338
10.178016
10.912723
9.777787
7.686810
8.382969
7.851301
8.315714
10.624846
11.924067
11.259316
8.559115
8.820518
8.001850
8.101884
10.110866
11.570027
11.663306
10.263804
9.155726
8.605986
8.761428
8.565775
10.535180
10.901664
9.409484
8.242144
8.283697
8.646014
8.242384
10.108132
10.421256
9.415071
6.876279
6.332172
8.358717
8.708123
10.110988
11.035968
10.186015
8.216056
8.133658
8.943295
9.089692
9.823182
11.060336
10.739684
8.192120
8.451488
9.338212
9.188004
9.630015
10.742312
10.503243
8.441362
8.107329
7.399375
7.529974
9.099967
9.730033
10.177691
9.151202
8.551888
7.848716
6.631750
8.123661
8.912604
9.319335
8.529089
6.056351
5.682447
6.841036
7.830565
7.925526
9.377301
9.107230
7.736515
7.692930
8.137422
8.655145
8.553992
9.595634
9.696329
8.600172
7.918653
7.572965
7.093560
7.346681
8.637355
8.689939
7.415883
7.365261
7.652991
7.541272
7.326104
8.391948
9.226082
7.644870
7.542111
7.132026
6.682168
6.615357
6.412084
7.607833
7.450328
6.580428
7.531807
7.358455
6.871097
6.979318
7.471315
6.799835
5.068647
6.271899
6.260501
6.651387
6.184183
6.935828
7.328525
5.997977
6.471114
5.886474
5.610567
5.000502
6.203453
5.945312
5.465427
4.637128
4.894650
5.112019
4.493581
5.130476
4.591380
11.333207
10.247611
7.724277
7.068681
6.008790
6.759680
9.690352
10.801856
10.565188
8.303747
7.445804
7.119513
7.429930
8.481856
10.402375
10.304038
7.702661
7.367447
7.015865
6.193362
7.698721
9.867391
9.916905
8.552883
5.922136
6.569374
7.392210
7.848962
10.173614
10.885200
9.776643
7.657045
8.382970
7.821533
8.314568
10.597323
11.919665
11.235940
8.549838
8.802558
7.986822
8.089787
10.090087
11.563348
11.637652
10.261271
9.126815
8.605696
8.731372
8.565484
10.506269
10.899131
9.383830
8.235464
8.262918
8.633918
8.227356
10.090173
10.411979
9.391694
6.871877
6.304649
8.357573
8.678357
10.110988
11.006202
10.184871
8.188533
8.129256
8.919919
9.080415
9.805223
11.045308
10.727588
8.171341
8.444808
9.312558
9.185472
9.601104
10.742023
10.473187
8.441073
8.078418
7.396842
7.504321
9.093287
9.709254
10.165595
9.136174
8.533929
7.839439
6.608374
8.119259
8.885081
9.318191
8.499323
6.056351
5.652680
6.839891
7.803042
7.921124
9.353925
9.097953
7.718555
7.677902
8.125326
8.634366
8.547313
9.569980
9.693796
8.571260
7.918363
7.542909
7.093271
7.317769
8.634822
8.664286
7.409204
7.344482
7.640895
7.526244
7.308145
8.382670
9.202705
7.640470
7.514588
7.130881
6.652400
6.615357
6.382317
7.606687
7.422803
6.576026
7.508432
7.349178
6.853137
6.964290
7.459219
6.779057
5.061968
6.246245
6.257968
6.622475
6.183894
6.905772
7.328236
5.969066
6.468581
5.860820
5.603888
4.979723
6.191357
5.930284
5.447468
4.627851
4.871273
5.107616
4.466058
5.129332
4.561613
11.333207
10.301219
7.725946
7.119002
6.015262
6.803832
9.704165
10.837720
10.587976
8.330231
7.478088
7.136681
7.471061
8.490926
10.450604
10.307227
7.755366
7.367700
7.069873
6.193988
7.750692
9.871652
9.963758
8.563593
5.961414
6.588545
7.422399
7.877567
10.194322
10.923039
9.788648
7.702781
8.388128
7.872855
8.315582
10.651221
11.919747
11.289094
8.552320
8.851735
7.994734
8.132244
10.105790
11.597182
11.662547
10.285638
9.161162
8.620920
8.774264
8.573024
10.555743
10.901395
9.437112
8.235510
8.316758
8.635079
8.278442
10.095647
10.457330
9.404143
6.909229
6.325873
8.385647
8.709073
10.129653
11.045951
10.195161
8.235740
8.133237
8.972089
9.080934
9.859246
11.045640
10.780126
8.174785
8.492703
9.322028
9.226146
9.618768
10.773786
10.500201
8.463338
8.114781
7.410196
7.548879
9.099420
9.759839
10.167085
9.189870
8.533933
7.892949
6.610231
8.169306
8.891902
9.361928
8.513601
6.091712
5.675992
6.865845
7.835845
7.937799
9.395503
9.106629
7.767109
7.680847
8.178192
8.634553
8.601295
9.570725
9.745560
8.575813
7.964850
7.554044
7.132074
7.337450
8.664483
8.693419
7.429397
7.382805
7.652463
7.572360
7.312996
8.434216
9.203579
7.694415
7.514717
7.183895
6.655108
6.664227
6.390607
7.648709
7.438991
6.609346
7.533855
7.373017
6.887993
6.979039
7.502538
6.786233
5.111733
6.248301
6.311369
6.622495
6.237668
6.907094
7.379072
5.974864
6.513539
5.873718
5.640747
5.001467
6.218901
5.961523
5.465631
4.668064
4.881149
5.155172
4.469765
5.181690
4.562033
11.333207
10.343890
7.726995
7.159598
6.019362
6.840478
9.713014
10.868934
10.602809
8.355057
7.499556
7.154790
7.499162
8.502646
10.484691
10.313514
7.794202
7.370038
7.111757
6.194252
7.793627
9.871915
10.005641
8.565933
6.000249
6.594833
7.456483
7.889287
10.222423
10.941148
9.810115
7.727607
8.402962
7.904069
8.324430
10.687869
11.923846
11.329688
8.553370
8.894406
7.994734
8.174918
10.106841
11.637776
11.666646
10.322286
9.170011
8.652134
8.789098
8.597851
10.577210
10.919503
9.465213
8.247231
8.350844
8.641366
8.317277
10.097987
10.499213
9.404407
6.952163
6.326137
8.427530
8.711413
10.168489
11.052238
10.229247
8.247460
8.161338
8.990197
9.102401
9.884072
11.060473
10.811339
8.183633
8.529351
9.326127
9.266740
9.619819
10.816457
10.500201
8.506008
8.115832
7.450791
7.552979
9.136067
9.768687
10.198298
9.204703
8.558759
7.914416
6.628341
8.197407
8.903623
9.396014
8.519888
6.130547
5.678332
6.907728
7.836108
7.980734
9.395766
9.148513
7.769449
7.719680
8.184479
8.668639
8.613015
9.598826
9.763668
8.597281
7.989676
7.568878
7.163287
7.346299
8.701131
8.697517
7.469992
7.383856
7.695133
7.572360
7.355666
8.435267
9.244173
7.698514
7.551365
7.192744
6.686321
6.679060
6.415432
7.670177
7.457102
6.637447
7.545577
7.407103
6.894280
7.017874
7.504877
6.828116
5.111998
6.291235
6.311633
6.664379
6.240007
6.945929
7.385361
6.008949
6.525261
5.901819
5.658856
5.022934
6.243726
5.976357
5.496843
4.676913
4.917796
5.159272
4.510360
5.182741
4.604703
11.333207
10.364549
7.727385
7.179484
6.020892
6.858879
9.716348
10.885245
10.608476
8.368835
7.507908
7.165780
7.510355
8.510800
10.498660
10.318999
7.810681
7.373222
7.130285
6.195677
7.813592
9.872251
10.026324
8.565935
6.020877
6.595280
7.476285
7.890926
10.240691
10.944633
9.826259
7.733457
8.416546
7.912623
8.335216
10.699264
11.931802
11.343848
8.558677
8.911048
7.997774
8.193571
10.108165
11.657819
11.666932
10.342992
9.170018
8.672728
8.789605
8.617564
10.578959
10.937638
9.468850
8.263203
8.356877
8.654756
8.326032
10.108569
10.510812
9.412164
6.966512
6.331268
8.444332
8.714311
10.187263
11.053464
10.249362
8.247701
8.182061
8.990216
9.122956
9.884645
11.080098
10.813203
8.201631
8.533145
9.341928
9.272960
9.633014
10.825414
10.510579
8.517807
8.123393
7.465328
7.557934
9.153029
9.771445
10.217191
9.205834
8.578942
7.914616
6.649078
8.197439
8.924138
9.396655
8.539417
6.132528
5.696190
6.911681
7.851733
7.987141
9.408765
9.157670
7.779623
7.731681
8.191845
8.683362
8.617799
9.615945
9.766289
8.616287
7.990718
7.589125
7.163449
7.367046
8.701180
8.717987
7.470706
7.403288
7.697237
7.590076
7.359780
8.450717
9.250769
7.711315
7.560725
7.202715
6.698523
6.686231
6.430339
7.674789
7.474370
6.639934
7.564695
7.408056
6.914589
7.018002
7.525631
6.828189
5.132417
6.292025
6.330964
6.666606
6.257578
6.950207
7.400632
6.015736
6.537863
5.911383
5.668623
5.035336
6.250704
5.991446
5.501287
4.694336
4.920152
5.178498
4.511230
5.203107
4.604801
11.333207
10.417472
7.728120
7.230951
6.023786
6.907511
9.722711
10.929824
10.619422
8.408362
7.524300
7.199542
7.532754
8.538398
10.527297
10.340373
7.845440
7.388659
7.170713
6.205792
7.858920
9.877952
10.075519
8.568375
6.072685
6.595791
7.529311
7.890946
10.293471
10.945630
9.877345
7.736844
8.464582
7.919679
8.379015
10.711064
11.970410
11.361211
8.591430
8.934482
8.024328
8.223246
10.128520
11.693564
11.681432
10.384299
9.179328
8.718781
8.794677
8.667287
10.580981
10.989749
9.469178
8.316290
8.356959
8.707353
8.327333
10.159238
10.514726
9.459571
6.974290
6.374261
8.457012
8.751981
10.205611
11.085198
10.273833
8.273211
8.212770
9.009562
9.159673
9.898225
11.122260
10.821733
8.248375
8.537621
9.392140
9.274602
9.685388
10.825599
10.563687
8.517993
8.175767
7.466969
7.608148
9.157506
9.818191
10.225720
9.247996
8.592523
7.951333
6.668425
8.228148
8.949649
9.421126
8.571152
6.150877
5.733861
6.924361
7.894727
7.994919
9.456172
9.161584
7.830292
7.732983
8.244442
8.683444
8.670886
9.616273
9.818399
8.618309
8.040441
7.594197
7.209502
7.376355
8.742488
8.732487
7.506451
7.423644
7.726912
7.616630
7.383213
8.483470
9.268131
7.749922
7.572527
7.246514
6.705578
6.734267
6.433725
7.725876
7.475369
6.692715
7.564715
7.461084
6.915100
7.069810
7.528070
6.877383
5.138118
6.337355
6.341079
6.707035
6.273015
6.984966
7.422005
6.044374
6.565459
5.933783
5.702385
5.051729
6.290233
6.002392
5.545866
4.700699
4.968784
5.181393
4.562696
5.203841
4.657724
11.333207
10.378482
7.727744
7.192708
6.022297
6.870734
9.719417
10.895175
10.613698
8.376423
7.515615
7.170786
7.520690
8.513183
10.511567
10.318915
7.825898
7.371032
7.147357
6.191922
7.831900
9.867621
10.045119
8.561230
6.039324
6.591355
7.493519
7.888640
10.255874
10.944787
9.838635
7.736747
8.425497
7.919583
8.340304
10.710221
11.932813
11.358903
8.555638
8.930045
7.990967
8.216101
10.098121
11.683234
11.654410
10.370429
9.155972
8.701153
8.775134
8.645829
10.565251
10.964534
9.457114
8.287535
8.348272
8.675412
8.321609
10.124589
10.511432
9.422793
6.972802
6.336018
8.456636
8.712991
10.205611
11.046208
10.273458
8.234971
8.211282
8.972785
9.156379
9.863576
11.116536
10.789792
8.239689
8.508866
9.380076
9.249387
9.669658
10.804141
10.544145
8.500365
8.152411
7.453099
7.581127
9.147176
9.787791
10.218575
9.214635
8.588086
7.915541
6.666117
8.190550
8.948806
9.382417
8.571056
6.111793
5.733767
6.885652
7.893884
7.957322
9.453864
9.125793
7.825854
7.699623
8.237297
8.653045
8.660556
9.589252
9.804529
8.594954
8.022813
7.574655
7.188044
7.360625
8.717273
8.720423
7.477695
7.414958
7.694972
7.610906
7.348564
8.480176
9.231354
7.748435
7.534284
7.246139
6.666587
6.734266
6.394734
7.725500
7.437126
6.691226
7.527936
7.457789
6.880451
7.064086
7.496130
6.868697
5.109363
6.325291
6.315864
6.691305
6.251557
6.965423
7.404378
6.021018
6.551589
5.906761
5.692055
5.021330
6.283088
5.969030
5.541430
4.664907
4.966476
5.143796
4.561854
5.165132
4.657630
11.333207
10.408702
7.727929
7.222556
6.023037
6.899848
9.721065
10.923211
10.616588
8.403062
7.520046
7.195748
7.526928
8.536223
10.519830
10.339839
7.836354
7.389697
7.160123
6.208242
7.847033
9.881566
10.062619
8.572830
6.059134
6.600696
7.515523
7.895864
10.279902
10.950091
9.864469
7.740373
8.452873
7.921813
8.368923
10.711373
11.962338
11.359321
8.585719
8.930091
8.021233
8.216146
10.128201
11.683652
11.683936
10.371581
9.184590
8.703382
8.802510
8.649455
10.591084
10.969838
9.481143
8.294760
8.370276
8.684754
8.341419
10.136189
10.528932
9.436738
6.987935
6.352338
8.469402
8.731656
10.216067
11.067132
10.281720
8.258010
8.217519
8.997746
9.160811
9.890216
11.119426
10.817828
8.241338
8.537980
9.380816
9.279235
9.669843
10.834361
10.544145
8.530585
8.152596
7.482947
7.581867
9.176290
9.789439
10.246612
9.217525
8.614726
7.919973
6.691078
8.196787
8.971847
9.390679
8.591980
6.122249
5.752432
6.898417
7.910205
7.972455
9.467809
9.143292
7.837455
7.719432
8.246639
8.675048
8.667781
9.613280
9.809834
8.620787
8.026439
7.602030
7.190274
7.389242
8.718425
8.749949
7.478113
7.445037
7.695018
7.641174
7.348610
8.510257
9.231771
7.777963
7.535435
7.274755
6.668817
6.761642
6.398359
7.751333
7.442432
6.715254
7.535163
7.479792
6.889792
7.083896
7.507730
6.886197
5.123308
6.340424
6.332184
6.704071
6.270223
6.975880
7.425303
6.029281
6.574629
5.912999
5.717016
5.025762
6.309729
5.971920
5.569466
4.666556
4.995591
5.144536
4.591702
5.165318
4.687850
11.333207
10.432597
7.728012
7.246284
6.023366
6.923249
9.721803
10.946124
10.617890
8.425336
7.522060
7.217240
7.529791
8.556800
10.523669
10.359382
7.841281
7.408102
7.166237
6.225418
7.854415
9.897441
10.071330
8.587351
6.069220
6.613825
7.527010
7.907586
10.292798
10.960410
9.878758
7.749311
8.468525
7.929412
8.385887
10.717694
11.980544
11.364440
8.605080
8.934104
8.041645
8.219165
10.149550
11.685800
11.706090
10.372993
9.207408
8.704205
8.825841
8.649843
10.614770
10.969951
9.505021
8.294762
8.394183
8.684812
8.365186
10.136466
10.552398
9.437398
7.010940
6.353536
8.491793
8.733542
10.237699
11.069846
10.302459
8.261682
8.237243
9.002486
9.179412
9.896127
11.136811
10.824994
8.257433
8.546466
9.395566
9.289090
9.683206
10.845614
10.556102
8.543246
8.163148
7.497006
7.591033
9.191718
9.797257
10.263360
9.224053
8.632730
7.925287
6.710253
8.200977
8.992091
9.393855
8.613180
6.124532
5.774461
6.899941
7.932921
7.973363
9.491063
9.143741
7.861093
7.719578
8.270496
8.675056
8.691693
9.613317
9.833635
8.621016
8.049966
7.602615
7.213366
7.390339
8.740928
8.751709
7.499881
7.447604
7.715914
7.644675
7.368510
8.514812
9.250566
7.783670
7.553029
7.281706
6.685133
6.769904
6.413336
7.760958
7.456028
6.726273
7.547355
7.492218
6.900578
7.097724
7.517125
6.901401
5.131348
6.356956
6.338923
6.721871
6.275733
6.994865
7.429672
6.049355
6.577966
5.934050
5.719439
5.047662
6.311369
5.994532
5.570467
4.689733
4.996105
5.168121
4.591887
5.189150
4.687870
11.333207
10.454326
7.728045
7.267945
6.023500
6.944776
9.722102
10.967452
10.618423
8.446401
7.522887
7.237978
7.530976
8.577149
10.525271
10.379287
7.843357
7.427505
7.168841
6.244266
7.857598
9.915687
10.075139
8.604948
6.073700
6.630731
7.532200
7.923766
10.298732
10.975829
9.885467
7.763940
8.476034
7.943231
8.394218
10.730683
11.989713
11.376586
8.615095
8.945399
8.052513
8.229606
10.161271
11.695390
11.718657
10.381740
9.220813
8.712122
8.840068
8.656950
10.629798
10.976268
9.520823
8.300320
8.410729
8.689641
8.382442
10.140605
10.570325
9.440888
7.029493
6.356424
8.510925
8.735875
10.257360
11.071677
10.322593
8.263068
8.257794
9.003484
9.200320
9.896798
11.158015
10.825402
8.278870
8.546674
9.417169
9.289165
9.704907
10.845622
10.577838
8.543254
8.184850
7.497081
7.612635
9.191926
9.818694
10.263768
9.245257
8.633401
7.946195
6.711251
8.221529
8.993478
9.413989
8.615011
6.144193
5.776795
6.919074
7.935809
7.991917
9.494554
9.161668
7.865232
7.736834
8.275326
8.691602
8.697251
9.629119
9.839952
8.636044
8.057073
7.616842
7.221284
7.403744
8.749675
8.764277
7.509472
7.459324
7.726356
7.655543
7.379805
8.524827
9.262712
7.792839
7.566017
7.290037
6.698950
6.777413
6.427965
7.767666
7.471445
6.732206
7.563532
7.497408
6.917483
7.102204
7.534721
6.905210
5.149593
6.360140
6.357771
6.724474
6.295135
6.996941
7.449577
6.050956
6.598316
5.935234
5.740176
5.048489
6.332434
5.995064
5.591795
4.690033
5.017632
5.168255
4.613548
5.189183
4.709598
11.333207
10.567264
7.728090
7.380796
6.023675
7.057453
9.722495
11.079867
10.619119
8.558469
7.523974
7.349615
7.532537
8.688268
10.527392
10.489804
7.846123
7.537339
7.172331
6.353330
7.861898
10.023902
10.080327
8.712234
6.079856
6.737011
7.539403
8.028960
10.307055
11.079867
9.894984
7.866746
8.486822
8.044732
8.406344
10.830813
12.003245
11.475276
8.630099
9.042583
8.069053
8.325222
10.179412
11.789378
11.738456
10.474040
9.242326
8.802681
8.863349
8.745716
10.654897
11.063190
9.547791
8.385351
8.439610
8.772737
8.413279
10.221725
10.603156
9.519996
7.064356
6.433482
8.547853
8.810853
10.296382
11.144546
10.363738
8.333802
8.301085
9.072061
9.245778
9.963201
11.205655
10.889615
8.328707
8.608684
9.469213
9.348964
9.759166
10.903205
10.634313
8.598620
8.243541
7.550231
7.673541
9.242866
9.881806
10.312505
9.310567
8.679948
8.013687
6.755623
8.291187
9.035693
9.485793
8.655092
6.218119
5.814767
6.995095
7.971702
8.070004
9.528396
9.241786
7.897062
7.818948
8.305180
8.775670
8.725169
9.715100
9.865980
8.723894
8.081256
7.706511
7.243674
7.495182
8.770324
8.857428
7.528434
7.554134
7.743690
7.751953
7.395570
8.622771
9.276972
7.892257
7.578837
7.390862
6.710397
6.879577
6.438108
7.871098
7.480356
6.836833
7.571287
7.603160
6.924152
7.208997
7.540384
7.012972
5.154327
6.468789
6.361656
6.833932
6.298253
7.107125
7.452009
6.161784
6.600147
6.046622
5.741489
5.160352
6.333314
6.107317
5.592328
4.802590
5.017905
5.281029
4.613647
5.302088
4.709609
11.333207
10.482184
7.728090
7.295717
6.023676
6.972373
9.722495
10.994788
10.619119
8.473390
7.523974
7.264534
7.532537
8.603189
10.527392
10.404725
7.846122
7.452258
7.172333
6.268250
7.861898
9.938823
10.080327
8.627155
6.079856
6.651932
7.539402
7.943882
10.307055
10.994788
9.894984
7.781666
8.486820
7.959653
8.406343
10.745734
12.003245
11.390197
8.630100
8.957503
8.069056
8.240142
10.179412
11.704299
11.738456
10.388961
9.242326
8.717602
8.863349
8.660636
10.654897
10.978110
9.547791
8.300271
8.439610
8.687657
8.413277
10.136645
10.603156
9.434916
7.064357
6.348402
8.547853
8.725774
10.296382
11.059466
10.363738
8.248723
8.301085
8.986981
9.245778
9.878121
11.205655
10.804536
8.328707
8.523605
9.469213
9.263885
9.759166
10.818126
10.634313
8.513539
8.243540
7.465153
7.673542
9.157786
9.881806
10.227426
9.310567
8.594869
8.013687
6.670543
8.291187
8.950614
9.485793
8.570013
6.218119
5.729688
6.995096
7.886623
8.070004
9.443316
9.241786
7.811984
7.818946
8.220100
8.775670
8.640090
9.715100
9.780901
8.723894
7.996175
7.706509
7.158594
7.495182
8.685245
8.857428
7.443354
7.554136
7.658610
7.751952
7.310490
8.622771
9.191893
7.892257
7.493756
7.390862
6.625318
6.879577
6.353029
7.871098
7.395278
6.836833
7.486209
7.603160
6.839073
7.208997
7.455305
7.012972
5.069248
6.468790
6.276577
6.833932
6.213173
7.107125
7.366929
6.161785
6.515068
6.046623
5.656410
5.160352
6.248234
6.107317
5.507248
4.802591
4.932826
5.281029
4.528568
5.302088
4.624529
11.333207
10.482184
7.728090
7.295717
6.023676
6.972373
9.722495
10.994788
10.619119
8.473390
7.523974
7.264534
7.532537
8.603189
10.527392
10.404725
7.846122
7.452258
7.172333
6.268250
7.861898
9.938823
10.080327
8.627155
6.079856
6.651932
7.539402
7.943882
10.307055
10.994788
9.894984
7.781666
8.486820
7.959653
8.406343
10.745734
12.003245
11.390197
8.630100
8.957503
8.069056
8.240142
10.179412
11.704299
11.738456
10.388961
9.242326
8.717602
8.863349
8.660636
10.654897
10.978110
9.547791
8.300271
8.439610
8.687657
8.413277
10.136645
10.603156
9.434916
7.064357
6.348402
8.547853
8.725774
10.296382
11.059466
10.363738
8.248723
8.301085
8.986981
9.245778
9.878121
11.205655
10.804536
8.328707
8.523605
9.469213
9.263885
9.759166
10.818126
10.634313
8.513539
8.243540
7.465153
7.673542
9.157786
9.881806
10.227426
9.310567
8.594869
8.013687
6.670543
8.291187
8.950614
9.485793
8.570013
6.218119
5.729688
6.995096
7.886623
8.070004
9.443316
9.241786
7.811984
7.818946
8.220100
8.775670
8.640090
9.715100
9.780901
8.723894
7.996175
7.706509
7.158594
7.495182
8.685245
8.857428
7.443354
7.554136
7.658610
7.751952
7.310490
8.622771
9.191893
7.892257
7.493756
7.390862
6.625318
6.879577
6.353029
7.871098
7.395278
6.836833
7.486209
7.603160
6.839073
7.208997
7.455305
7.012972
5.069248
6.468790
6.276577
6.833932
6.213173
7.107125
7.366929
6.161785
6.515068
6.046623
5.656410
5.160352
6.248234
6.107317
5.507248
4.802591
4.932826
5.281029
4.528568
5.302088
4.624529
11.333207
10.482184
7.728090
7.295717
6.023676
6.972373
9.722495
10.994788
10.619119
8.473390
7.523974
7.264534
7.532537
8.603189
10.527392
10.404725
7.846122
7.452258
7.172333
6.268250
7.861898
9.938823
10.080327
8.627155
6.079856
6.651932
7.539402
7.943882
10.307055
10.994788
9.894984
7.781666
8.486820
7.959653
8.406343
10.745734
12.003245
11.390197
8.630100
8.957503
8.069056
8.240142
10.179412
11.704299
11.738456
10.388961
9.242326
8.717602
8.863349
8.660636
10.654897
10.978110
9.547791
8.300271
8.439610
8.687657
8.413277
10.136645
10.603156
9.434916
7.064357
6.348402
8.547853
8.725774
10.296382
11.059466
10.363738
8.248723
8.301085
8.986981
9.245778
9.878121
11.205655
10.804536
8.328707
8.523605
9.469213
9.263885
9.759166
10.818126
10.634313
8.513539
8.243540
7.465153
7.673542
9.157786
9.881806
10.227426
9.310567
8.594869
8.013687
6.670543
8.291187
8.950614
9.485793
8.570013
6.218119
5.729688
6.995096
7.886623
8.070004
9.443316
9.241786
7.811984
7.818946
8.220100
8.775670
8.640090
9.715100
9.780901
8.723894
7.996175
7.706509
7.158594
7.495182
8.685245
8.857428
7.443354
7.554136
7.658610
7.751952
7.310490
8.622771
9.191893
7.892257
7.493756
7.390862
6.625318
6.879577
6.353029
7.871098
7.395278
6.836833
7.486209
7.603160
6.839073
7.208997
7.455305
7.012972
5.069248
6.468790
6.276577
6.833932
6.213173
7.107125
7.366929
6.161785
6.515068
6.046623
5.656410
5.160352
6.248234
6.107317
5.507248
4.802591
4.932826
5.281029
4.528568
5.302088
4.624529
11.333207
10.482184
7.728090
7.295717
6.023676
6.972373
9.722495
10.994788
10.619119
8.473390
7.523974
7.264534
7.532537
8.603189
10.527392
10.404725
7.846122
7.452258
7.172333
6.268250
7.861898
9.938823
10.080327
8.627155
6.079856
6.651932
7.539402
7.943882
10.307055
10.994788
9.894984
7.781666
8.486820
7.959653
8.406343
10.745734
12.003245
11.390197
8.630100
8.957503
8.069056
8.240142
10.179412
11.704299
11.738456
10.388961
9.242326
8.717602
8.863349
8.660636
10.654897
10.978110
9.547791
8.300271
8.439610
8.687657
8.413277
10.136645
10.603156
9.434916
7.064357
6.348402
8.547853
8.725774
10.296382
11.059466
10.363738
8.248723
8.301085
8.986981
9.245778
9.878121
11.205655
10.804536
8.328707
8.523605
9.469213
9.263885
9.759166
10.818126
10.634313
8.513539
8.243540
7.465153
7.673542
9.157786
9.881806
10.227426
9.310567
8.594869
8.013687
6.670543
8.291187
8.950614
9.485793
8.570013
6.218119
5.729688
6.995096
7.886623
8.070004
9.443316
9.241786
7.811984
7.818946
8.220100
8.775670
8.640090
9.715100
9.780901
8.723894
7.996175
7.706509
7.158594
7.495182
8.685245
8.857428
7.443354
7.554136
7.658610
7.751952
7.310490
8.622771
9.191893
7.892257
7.493756
7.390862
6.625318
6.879577
6.353029
7.871098
7.395278
6.836833
7.486209
7.603160
6.839073
7.208997
7.455305
7.012972
5.069248
6.468790
6.276577
6.833932
6.213173
7.107125
7.366929
6.161785
6.515068
6.046623
5.656410
5.160352
6.248234
6.107317
5.507248
4.802591
4.932826
5.281029
4.528568
5.302088
4.624529
11.333207
10.482184
7.728090
7.295717
6.023676
6.972373
9.722495
10.994788
10.619119
8.473390
7.523974
7.264534
7.532537
8.603189
10.527392
10.404725
7.846122
7.452258
7.172333
6.268250
7.861898
9.938823
10.080327
8.627155
6.079856
6.651932
7.539402
7.943882
10.307055
10.994788
9.894984
7.781666
8.486820
7.959653
8.406343
10.745734
12.003245
11.390197
8.630100
8.957503
8.069056
8.240142
10.179412
11.704299
11.738456
10.388961
9.242326
8.717602
8.863349
8.660636
10.654897
10.978110
9.547791
8.300271
8.439610
8.687657
8.413277
10.136645
10.603156
9.434916
7.064357
6.348402
8.547853
8.725774
10.296382
11.059466
10.363738
8.248723
8.301085
8.986981
9.245778
9.878121
11.205655
10.804536
8.328707
8.523605
9.469213
9.263885
9.759166
10.818126
10.634313
8.513539
8.243540
7.465153
7.673542
9.157786
9.881806
10.227426
9.310567
8.594869
8.013687
6.670543
8.291187
8.950614
9.485793
8.570013
6.218119
5.729688
6.995096
7.886623
8.070004
9.443316
9.241786
7.811984
7.818946
8.220100
8.775670
8.640090
9.715100
9.780901
8.723894
7.996175
7.706509
7.158594
7.495182
8.685245
8.857428
7.443354
7.554136
7.658610
7.751952
7.310490
8.622771
9.191893
7.892257
7.493756
7.390862
6.625318
6.879577
6.353029
7.871098
7.395278
6.836833
7.486209
7.603160
6.839073
7.208997
7.455305
7.012972
5.069248
6.468790
6.276577
6.833932
6.213173
7.107125
7.366929
6.161785
6.515068
6.046623
5.656410
5.160352
6.248234
6.107317
5.507248
4.802591
4.932826
5.281029
4.528568
5.302088
4.624529
11.333207
10.482184
7.728090
7.295717
6.023676
6.972373
9.722495
10.994788
10.619119
8.473390
7.523974
7.264534
7.532537
8.603189
10.527392
10.404725
7.846122
7.452258
7.172333
6.268250
7.861898
9.938823
10.080327
8.627155
6.079856
6.651932
7.539402
7.943882
10.307055
10.994788
9.894984
7.781666
8.486820
7.959653
8.406343
10.745734
12.003245
11.390197
8.630100
8.957503
8.069056
8.240142
10.179412
11.704299
11.738456
10.388961
9.242326
8.717602
8.863349
8.660636
10.654897
10.978110
9.547791
8.300271
8.439610
8.687657
8.413277
10.136645
10.603156
9.434916
7.064357
6.348402
8.547853
8.725774
10.296382
11.059466
10.363738
8.248723
8.301085
8.986981
9.245778
9.878121
11.205655
10.804536
8.328707
8.523605
9.469213
9.263885
9.759166
10.818126
10.634313
8.513539
8.243540
7.465153
7.673542
9.157786
9.881806
10.227426
9.310567
8.594869
8.013687
6.670543
8.291187
8.950614
9.485793
8.570013
6.218119
5.729688
6.995096
7.886623
8.070004
9.443316
9.241786
7.811984
7.818946
8.220100
8.775670
8.640090
9.715100
9.780901
8.723894
7.996175
7.706509
7.158594
7.495182
8.685245
8.857428
7.443354
7.554136
7.658610
7.751952
7.310490
8.622771
9.191893
7.892257
7.493756
7.390862
6.625318
6.879577
6.353029
7.871098
7.395278
6.836833
7.486209
7.603160
6.839073
7.208997
7.455305
7.012972
5.069248
6.468790
6.276577
6.833932
6.213173
7.107125
7.366929
6.161785
6.515068
6.046623
5.656410
5.160352
6.248234
6.107317
5.507248
4.802591
4.932826
5.281029
4.528568
5.302088
4.624529
11.333207
10.482184
7.728090
7.295717
6.023676
6.972373
9.722495
10.994788
10.619119
8.473390
7.523974
7.264534
7.532537
8.603189
10.527392
10.404725
7.846122
7.452258
7.172333
6.268250
7.861898
9.938823
10.080327
8.627155
6.079856
6.651932
7.539402
7.943882
10.307055
10.994788
9.894984
7.781666
8.486820
7.959653
8.406343
10.745734
12.003245
11.390197
8.630100
8.957503
8.069056
8.240142
10.179412
11.704299
11.738456
10.388961
9.242326
8.717602
8.863349
8.660636
10.654897
10.978110
9.547791
8.300271
8.439610
8.687657
8.413277
10.136645
10.603156
9.434916
7.064357
6.348402
8.547853
8.725774
10.296382
11.059466
10.363738
8.248723
8.301085
8.986981
9.245778
9.878121
11.205655
10.804536
8.328707
8.523605
9.469213
9.263885
9.759166
10.818126
10.634313
8.513539
8.243540
7.465153
7.673542
9.157786
9.881806
10.227426
9.310567
8.594869
8.013687
6.670543
8.291187
8.950614
9.485793
8.570013
6.218119
5.729688
6.995096
7.886623
8.070004
9.443316
9.241786
7.811984
7.818946
8.220100
8.775670
8.640090
9.715100
9.780901
8.723894
7.996175
7.706509
7.158594
7.495182
8.685245
8.857428
7.443354
7.554136
7.658610
7.751952
7.310490
8.622771
9.191893
7.892257
7.493756
7.390862
6.625318
6.879577
6.353029
7.871098
7.395278
6.836833
7.486209
7.603160
6.839073
7.208997
7.455305
7.012972
5.069248
6.468790
6.276577
6.833932
6.213173
7.107125
7.366929
6.161785
6.515068
6.046623
5.656410
5.160352
6.248234
6.107317
5.507248
4.802591
4.932826
5.281029
4.528568
5.302088
4.624529
11.333207
10.482184
7.728090
7.295717
6.023676
6.972373
9.722495
10.994788
10.619119
8.473390
7.523974
7.264534
7.532537
8.603189
10.527392
10.404725
7.846122
7.452258
7.172333
6.268250
7.861898
9.938823
10.080327
8.627155
6.079856
6.651932
7.539402
7.943882
10.307055
10.994788
9.894984
7.781666
8.486820
7.959653
8.406343
10.745734
12.003245
11.390197
8.630100
8.957503
8.069056
8.240142
10.179412
11.704299
11.738456
10.388961
9.242326
8.717602
8.863349
8.660636
10.654897
10.978110
9.547791
8.300271
8.439610
8.687657
8.413277
10.136645
10.603156
9.434916
7.064357
6.348402
8.547853
8.725774
10.296382
11.059466
10.363738
8.248723
8.301085
8.986981
9.245778
9.878121
11.205655
10.804536
8.328707
8.523605
9.469213
9.263885
9.759166
10.818126
10.634313
8.513539
8.243540
7.465153
7.673542
9.157786
9.881806
10.227426
9.310567
8.594869
8.013687
6.670543
8.291187
8.950614
9.485793
8.570013
6.218119
5.729688
6.995096
7.886623
8.070004
9.443316
9.241786
7.811984
7.818946
8.220100
8.775670
8.640090
9.715100
9.780901
8.723894
7.996175
7.706509
7.158594
7.495182
8.685245
8.857428
7.443354
7.554136
7.658610
7.751952
7.310490
8.622771
9.191893
7.892257
7.493756
7.390862
6.625318
6.879577
6.353029
7.871098
7.395278
6.836833
7.486209
7.603160
6.839073
7.208997
7.455305
7.012972
5.069248
6.468790
6.276577
6.833932
6.213173
7.107125
7.366929
6.161785
6.515068
6.046623
5.656410
5.160352
6.248234
6.107317
5.507248
4.802591
4.932826
5.281029
4.528568
5.302088
4.624529
11.333207
10.482184
7.728090
7.295717
6.023676
6.972373
9.722495
10.994788
10.619119
8.473390
7.523974
7.264534
7.532537
8.603189
10.527392
10.404725
7.846122
7.452258
7.172333
6.268250
7.861898
9.938823
10.080327
8.627155
6.079856
6.651932
7.539402
7.943882
10.307055
10.994788
9.894984
7.781666
8.486820
7.959653
8.406343
10.745734
12.003245
11.390197
8.630100
8.957503
8.069056
8.240142
10.179412
11.704299
11.738456
10.388961
9.242326
8.717602
8.863349
8.660636
10.654897
10.978110
9.547791
8.300271
8.439610
8.687657
8.413277
10.136645
10.603156
9.434916
7.064357
6.348402
8.547853
8.725774
10.296382
11.059466
10.363738
8.248723
8.301085
8.986981
9.245778
9.878121
11.205655
10.804536
8.328707
8.523605
9.469213
9.263885
9.759166
10.818126
10.634313
8.513539
8.243540
7.465153
7.673542
9.157786
9.881806
10.227426
9.310567
8.594869
8.013687
6.670543
8.291187
8.950614
9.485793
8.570013
6.218119
5.729688
6.995096
7.886623
8.070004
9.443316
9.241786
7.811984
7.818946
8.220100
8.775670
8.640090
9.715100
9.780901
8.723894
7.996175
7.706509
7.158594
7.495182
8.685245
8.857428
7.443354
7.554136
7.658610
7.751952
7.310490
8.622771
9.191893
7.892257
7.493756
7.390862
6.625318
6.879577
6.353029
7.871098
7.395278
6.836833
7.486209
7.603160
6.839073
7.208997
7.455305
7.012972
5.069248
6.468790
6.276577
6.833932
6.213173
7.107125
7.366929
6.161785
6.515068
6.046623
5.656410
5.160352
6.248234
6.107317
5.507248
4.802591
4.932826
5.281029
4.528568
5.302088
4.624529
11.333207
10.482184
7.728090
7.295717
6.023676
6.972373
9.722495
10.994788
10.619119
8.473390
7.523974
7.264534
7.532537
8.603189
10.527392
10.404725
7.846122
7.452258
7.172333
6.268250
7.861898
9.938823
10.080327
8.627155
6.079856
6.651932
7.539402
7.943882
10.307055
10.994788
9.894984
7.781666
8.486820
7.959653
8.406343
10.745734
12.003245
11.390197
8.630100
8.957503
8.069056
8.240142
10.179412
11.704299
11.738456
10.388961
9.242326
8.717602
8.863349
8.660636
10.654897
10.978110
9.547791
8.300271
8.439610
8.687657
8.413277
10.136645
10.603156
9.434916
7.064357
6.348402
8.547853
8.725774
10.296382
11.059466
10.363738
8.248723
8.301085
8.986981
9.245778
9.878121
11.205655
10.804536
8.328707
8.523605
9.469213
9.263885
9.759166
10.818126
10.634313
8.513539
8.243540
7.465153
7.673542
9.157786
9.881806
10.227426
9.310567
8.594869
8.013687
6.670543
8.291187
8.950614
9.485793
8.570013
6.218119
5.729688
6.995096
7.886623
8.070004
9.443316
9.241786
7.811984
7.818946
8.220100
8.775670
8.640090
9.715100
9.780901
8.723894
7.996175
7.706509
7.158594
7.495182
8.685245
8.857428
7.443354
7.554136
7.658610
7.751952
7.310490
8.622771
9.191893
7.892257
7.493756
7.390862
6.625318
6.879577
6.353029
7.871098
7.395278
6.836833
7.486209
7.603160
6.839073
7.208997
7.455305
7.012972
5.069248
6.468790
6.276577
6.833932
6.213173
7.107125
7.366929
6.161785
6.515068
6.046623
5.656410
5.160352
6.248234
6.107317
5.507248
4.802591
4.932826
5.281029
4.528568
5.302088
4.624529
11.333207
10.482184
7.728090
7.295717
6.023676
6.972373
9.722495
10.994788
10.619119
8.473390
7.523974
7.264534
7.532537
8.603189
10.527392
10.404725
7.846122
7.452258
7.172333
6.268250
7.861898
9.938823
10.080327
8.627155
6.079856
6.651932
7.539402
7.943882
10.307055
10.994788
9.894984
7.781666
8.486820
7.959653
8.406343
10.745734
12.003245
11.390197
8.630100
8.957503
8.069056
8.240142
10.179412
11.704299
11.738456
10.388961
9.242326
8.717602
8.863349
8.660636
10.654897
10.978110
9.547791
8.300271
8.439610
8.687657
8.413277
10.136645
10.603156
9.434916
7.064357
6.348402
8.547853
8.725774
10.296382
11.059466
10.363738
8.248723
8.301085
8.986981
9.245778
9.878121
11.205655
10.804536
8.328707
8.523605
9.469213
9.263885
9.759166
10.818126
10.634313
8.513539
8.243540
7.465153
7.673542
9.157786
9.881806
10.227426
9.310567
8.594869
8.013687
6.670543
8.291187
8.950614
9.485793
8.570013
6.218119
5.729688
6.995096
7.886623
8.070004
9.443316
9.241786
7.811984
7.818946
8.220100
8.775670
8.640090
9.715100
9.780901
8.723894
7.996175
7.706509
7.158594
7.495182
8.685245
8.857428
7.443354
7.554136
7.658610
7.751952
7.310490
8.622771
9.191893
7.892257
7.493756
7.390862
6.625318
6.879577
6.353029
7.871098
7.395278
6.836833
7.486209
7.603160
6.839073
7.208997
7.455305
7.012972
5.069248
6.468790
6.276577
6.833932
6.213173
7.107125
7.366929
6.161785
6.515068
6.046623
5.656410
5.160352
6.248234
6.107317
5.507248
4.802591
4.932826
5.281029
4.528568
5.302088
4.624529
11.333207
10.482184
7.728090
7.295717
6.023676
6.972373
9.722495
10.994788
10.619119
8.473390
7.523974
7.264534
7.532537
8.603189
10.527392
10.404725
7.846122
7.452258
7.172333
6.268250
7.861898
9.938823
10.080327
8.627155
6.079856
6.651932
7.539402
7.943882
10.307055
10.994788
9.894984
7.781666
8.486820
7.959653
8.406343
10.745734
12.003245
11.390197
8.630100
8.957503
8.069056
8.240142
10.179412
11.704299
11.738456
10.388961
9.242326
8.717602
8.863349
8.660636
10.654897
10.978110
9.547791
8.300271
8.439610
8.687657
8.413277
10.136645
10.603156
9.434916
7.064357
6.348402
8.547853
8.725774
10.296382
11.059466
10.363738
8.248723
8.301085
8.986981
9.245778
9.878121
11.205655
10.804536
8.328707
8.523605
9.469213
9.263885
9.759166
10.818126
10.634313
8.513539
8.243540
7.465153
7.673542
9.157786
9.881806
10.227426
9.310567
8.594869
8.013687
6.670543
8.291187
8.950614
9.485793
8.570013
6.218119
5.729688
6.995096
7.886623
8.070004
9.443316
9.241786
7.811984
7.818946
8.220100
8.775670
8.640090
9.715100
9.780901
8.723894
7.996175
7.706509
7.158594
7.495182
8.685245
8.857428
7.443354
7.554136
7.658610
7.751952
7.310490
8.622771
9.191893
7.892257
7.493756
7.390862
6.625318
6.879577
6.353029
7.871098
7.395278
6.836833
7.486209
7.603160
6.839073
7.208997
7.455305
7.012972
5.069248
6.468790
6.276577
6.833932
6.213173
7.107125
7.366929
6.161785
6.515068
6.046623
5.656410
5.160352
6.248234
6.107317
5.507248
4.802591
4.932826
5.281029
4.528568
5.302088
4.624529
11.333207
10.482184
7.728090
7.295717
6.023676
6.972373
9.722495
10.994788
10.619119
8.473390
7.523974
7.264534
7.532537
8.603189
10.527392
10.404725
7.846122
7.452258
7.172333
6.268250
7.861898
9.938823
10.080327
8.627155
6.079856
6.651932
7.539402
7.943882
10.307055
10.994788
9.894984
7.781666
8.486820
7.959653
8.406343
10.745734
12.003245
11.390197
8.630100
8.957503
8.069056
8.240142
10.179412
11.704299
11.738456
10.388961
9.242326
8.717602
8.863349
8.660636
10.654897
10.978110
9.547791
8.300271
8.439610
8.687657
8.413277
10.136645
10.603156
9.434916
7.064357
6.348402
8.547853
8.725774
10.296382
11.059466
10.363738
8.248723
8.301085
8.986981
9.245778
9.878121
11.205655
10.804536
8.328707
8.523605
9.469213
9.263885
9.759166
10.818126
10.634313
8.513539
8.243540
7.465153
7.673542
9.157786
9.881806
10.227426
9.310567
8.594869
8.013687
6.670543
8.291187
8.950614
9.485793
8.570013
6.218119
5.729688
6.995096
7.886623
8.070004
9.443316
9.241786
7.811984
7.818946
8.220100
8.775670
8.640090
9.715100
9.780901
8.723894
7.996175
7.706509
7.158594
7.495182
8.685245
8.857428
7.443354
7.554136
7.658610
7.751952
7.310490
8.622771
9.191893
7.892257
7.493756
7.390862
6.625318
6.879577
6.353029
7.871098
7.395278
6.836833
7.486209
7.603160
6.839073
7.208997
7.455305
7.012972
5.069248
6.468790
6.276577
6.833932
6.213173
7.107125
7.366929
6.161785
6.515068
6.046623
5.656410
5.160352
6.248234
6.107317
5.507248
4.802591
4.932826
5.281029
4.528568
5.302088
4.624529
11.333207
10.482184
7.728090
7.295717
6.023676
6.972373
9.722495
10.994788
10.619119
8.473390
7.523974
7.264534
7.532537
8.603189
10.527392
10.404725
7.846122
7.452258
7.172333
6.268250
7.861898
9.938823
10.080327
8.627155
6.079856
6.651932
7.539402
7.943882
10.307055
10.994788
9.894984
7.781666
8.486820
7.959653
8.406343
10.745734
12.003245
11.390197
8.630100
8.957503
8.069056
8.240142
10.179412
11.704299
11.738456
10.388961
9.242326
8.717602
8.863349
8.660636
10.654897
10.978110
9.547791
8.300271
8.439610
8.687657
8.413277
10.136645
10.603156
9.434916
7.064357
6.348402
8.547853
8.725774
10.296382
11.059466
10.363738
8.248723
8.301085
8.986981
9.245778
9.878121
11.205655
10.804536
8.328707
8.523605
9.469213
9.263885
9.759166
10.818126
10.634313
8.513539
8.243540
7.465153
7.673542
9.157786
9.881806
10.227426
9.310567
8.594869
8.013687
6.670543
8.291187
8.950614
9.485793
8.570013
6.218119
5.729688
6.995096
7.886623
8.070004
9.443316
9.241786
7.811984
7.818946
8.220100
8.775670
8.640090
9.715100
9.780901
8.723894
7.996175
7.706509
7.158594
7.495182
8.685245
8.857428
7.443354
7.554136
7.658610
7.751952
7.310490
8.622771
9.191893
7.892257
7.493756
7.390862
6.625318
6.879577
6.353029
7.871098
7.395278
6.836833
7.486209
7.603160
6.839073
7.208997
7.455305
7.012972
5.069248
6.468790
6.276577
6.833932
6.213173
7.107125
7.366929
6.161785
6.515068
6.046623
5.656410
5.160352
6.248234
6.107317
5.507248
4.802591
4.932826
5.281029
4.528568
5.302088
4.624529
11.333207
10.482184
7.728090
7.295717
6.023676
6.972373
9.722495
10.994788
10.619119
8.473390
7.523974
7.264534
7.532537
8.603189
10.527392
10.404725
7.846122
7.452258
7.172333
6.268250
7.861898
9.938823
10.080327
8.627155
6.079856
6.651932
7.539402
7.943882
10.307055
10.994788
9.894984
7.781666
8.486820
7.959653
8.406343
10.745734
12.003245
11.390197
8.630100
8.957503
8.069056
8.240142
10.179412
11.704299
11.738456
10.388961
9.242326
8.717602
8.863349
8.660636
10.654897
10.978110
9.547791
8.300271
8.439610
8.687657
8.413277
10.136645
10.603156
9.434916
7.064357
6.348402
8.547853
8.725774
10.296382
11.059466
10.363738
8.248723
8.301085
8.986981
9.245778
9.878121
11.205655
10.804536
8.328707
8.523605
9.469213
9.263885
9.759166
10.818126
10.634313
8.513539
8.243540
7.465153
7.673542
9.157786
9.881806
10.227426
9.310567
8.594869
8.013687
6.670543
8.291187
8.950614
9.485793
8.570013
6.218119
5.729688
6.995096
7.886623
8.070004
9.443316
9.241786
7.811984
7.818946
8.220100
8.775670
8.640090
9.715100
9.780901
8.723894
7.996175
7.706509
7.158594
7.495182
8.685245
8.857428
7.443354
7.554136
7.658610
7.751952
7.310490
8.622771
9.191893
7.892257
7.493756
7.390862
6.625318
6.879577
6.353029
7.871098
7.395278
6.836833
7.486209
7.603160
6.839073
7.208997
7.455305
7.012972
5.069248
6.468790
6.276577
6.833932
6.213173
7.107125
7.366929
6.161785
6.515068
6.046623
5.656410
5.160352
6.248234
6.107317
5.507248
4.802591
4.932826
5.281029
4.528568
5.302088
4.624529
11.333207
10.482184
7.728090
7.295717
6.023676
6.972373
9.722495
10.994788
10.619119
8.473390
7.523974
7.264534
7.532537
8.603189
10.527392
10.404725
7.846122
7.452258
7.172333
6.268250
7.861898
9.938823
10.080327
8.627155
6.079856
6.651932
7.539402
7.943882
10.307055
10.994788
9.894984
7.781666
8.486820
7.959653
8.406343
10.745734
12.003245
11.390197
8.630100
8.957503
8.069056
8.240142
10.179412
11.704299
11.738456
10.388961
9.242326
8.717602
8.863349
8.660636
10.654897
10.978110
9.547791
8.300271
8.439610
8.687657
8.413277
10.136645
10.603156
9.434916
7.064357
6.348402
8.547853
8.725774
10.296382
11.059466
10.363738
8.248723
8.301085
8.986981
9.245778
9.878121
11.205655
10.804536
8.328707
8.523605
9.469213
9.263885
9.759166
10.818126
10.634313
8.513539
8.243540
7.465153
7.673542
9.157786
9.881806
10.227426
9.310567
8.594869
8.013687
6.670543
8.291187
8.950614
9.485793
8.570013
6.218119
5.729688
6.995096
7.886623
8.070004
9.443316
9.241786
7.811984
7.818946
8.220100
8.775670
8.640090
9.715100
9.780901
8.723894
7.996175
7.706509
7.158594
7.495182
8.685245
8.857428
7.443354
7.554136
7.658610
7.751952
7.310490
8.622771
9.191893
7.892257
7.493756
7.390862
6.625318
6.879577
6.353029
7.871098
7.395278
6.836833
7.486209
7.603160
6.839073
7.208997
7.455305
7.012972
5.069248
6.468790
6.276577
6.833932
6.213173
7.107125
7.366929
6.161785
6.515068
6.046623
5.656410
5.160352
6.248234
6.107317
5.507248
4.802591
4.932826
5.281029
4.528568
5.302088
4.624529
11.333207
10.482184
7.728090
7.295717
6.023676
6.972373
9.722495
10.994788
10.619119
8.473390
7.523974
7.264534
7.532537
8.603189
10.527392
10.404725
7.846122
7.452258
7.172333
6.268250
7.861898
9.938823
10.080327
8.627155
6.079856
6.651932
7.539402
7.943882
10.307055
10.994788
9.894984
7.781666
8.486820
7.959653
8.406343
10.745734
12.003245
11.390197
8.630100
8.957503
8.069056
8.240142
10.179412
11.704299
11.738456
10.388961
9.242326
8.717602
8.863349
8.660636
10.654897
10.978110
9.547791
8.300271
8.439610
8.687657
8.413277
10.136645
10.603156
9.434916
7.064357
6.348402
8.547853
8.725774
10.296382
11.059466
10.363738
8.248723
8.301085
8.986981
9.245778
9.878121
11.205655
10.804536
8.328707
8.523605
9.469213
9.263885
9.759166
10.818126
10.634313
8.513539
8.243540
7.465153
7.673542
9.157786
9.881806
10.227426
9.310567
8.594869
8.013687
6.670543
8.291187
8.950614
9.485793
8.570013
6.218119
5.729688
6.995096
7.886623
8.070004
9.443316
9.241786
7.811984
7.818946
8.220100
8.775670
8.640090
9.715100
9.780901
8.723894
7.996175
7.706509
7.158594
7.495182
8.685245
8.857428
7.443354
7.554136
7.658610
7.751952
7.310490
8.622771
9.191893
7.892257
7.493756
7.390862
6.625318
6.879577
6.353029
7.871098
7.395278
6.836833
7.486209
7.603160
6.839073
7.208997
7.455305
7.012972
5.069248
6.468790
6.276577
6.833932
6.213173
7.107125
7.366929
6.161785
6.515068
6.046623
5.656410
5.160352
6.248234
6.107317
5.507248
4.802591
4.932826
5.281029
4.528568
5.302088
4.624529
11.333207
10.482184
7.728090
7.295717
6.023676
6.972373
9.722495
10.994788
10.619119
8.473390
7.523974
7.264534
7.532537
8.603189
10.527392
10.404725
7.846122
7.452258
7.172333
6.268250
7.861898
9.938823
10.080327
8.627155
6.079856
6.651932
7.539402
7.943882
10.307055
10.994788
9.894984
7.781666
8.486820
7.959653
8.406343
10.745734
12.003245
11.390197
8.630100
8.957503
8.069056
8.240142
10.179412
11.704299
11.738456
10.388961
9.242326
8.717602
8.863349
8.660636
10.654897
10.978110
9.547791
8.300271
8.439610
8.687657
8.413277
10.136645
10.603156
9.434916
7.064357
6.348402
8.547853
8.725774
10.296382
11.059466
10.363738
8.248723
8.301085
8.986981
9.245778
9.878121
11.205655
10.804536
8.328707
8.523605
9.469213
9.263885
9.759166
10.818126
10.634313
8.513539
8.243540
7.465153
7.673542
9.157786
9.881806
10.227426
9.310567
8.594869
8.013687
6.670543
8.291187
8.950614
9.485793
8.570013
6.218119
5.729688
6.995096
7.886623
8.070004
9.443316
9.241786
7.811984
7.818946
8.220100
8.775670
8.640090
9.715100
9.780901
8.723894
7.996175
7.706509
7.158594
7.495182
8.685245
8.857428
7.443354
7.554136
7.658610
7.751952
7.310490
8.622771
9.191893
7.892257
7.493756
7.390862
6.625318
6.879577
6.353029
7.871098
7.395278
6.836833
7.486209
7.603160
6.839073
7.208997
7.455305
7.012972
5.069248
6.468790
6.276577
6.833932
6.213173
7.107125
7.366929
6.161785
6.515068
6.046623
5.656410
5.160352
6.248234
6.107317
5.507248
4.802591
4.932826
5.281029
4.528568
5.302088
4.624529
11.333207
10.482184
7.728090
7.295717
6.023676
6.972373
9.722495
10.994788
10.619119
8.473390
7.523974
7.264534
7.532537
8.603189
10.527392
10.404725
7.846122
7.452258
7.172333
6.268250
7.861898
9.938823
10.080327
8.627155
6.079856
6.651932
7.539402
7.943882
10.307055
10.994788
9.894984
7.781666
8.486820
7.959653
8.406343
10.745734
12.003245
11.390197
8.630100
8.957503
8.069056
8.240142
10.179412
11.704299
11.738456
10.388961
9.242326
8.717602
8.863349
8.660636
10.654897
10.978110
9.547791
8.300271
8.439610
8.687657
8.413277
10.136645
10.603156
9.434916
7.064357
6.348402
8.547853
8.725774
10.296382
11.059466
10.363738
8.248723
8.301085
8.986981
9.245778
9.878121
11.205655
10.804536
8.328707
8.523605
9.469213
9.263885
9.759166
10.818126
10.634313
8.513539
8.243540
7.465153
7.673542
9.157786
9.881806
10.227426
9.310567
8.594869
8.013687
6.670543
8.291187
8.950614
9.485793
8.570013
6.218119
5.729688
6.995096
7.886623
8.070004
9.443316
9.241786
7.811984
7.818946
8.220100
8.775670
8.640090
9.715100
9.780901
8.723894
7.996175
7.706509
7.158594
7.495182
8.685245
8.857428
7.443354
7.554136
7.658610
7.751952
7.310490
8.622771
9.191893
7.892257
7.493756
7.390862
6.625318
6.879577
6.353029
7.871098
7.395278
6.836833
7.486209
7.603160
6.839073
7.208997
7.455305
7.012972
5.069248
6.468790
6.276577
6.833932
6.213173
7.107125
7.366929
6.161785
6.515068
6.046623
5.656410
5.160352
6.248234
6.107317
5.507248
4.802591
4.932826
5.281029
4.528568
5.302088
4.624529
11.333207
10.482184
7.728090
7.295717
6.023676
6.972373
9.722495
10.994788
10.619119
8.473390
7.523974
7.264534
7.532537
8.603189
10.527392
10.404725
7.846122
7.452258
7.172333
6.268250
7.861898
9.938823
10.080327
8.627155
6.079856
6.651932
7.539402
7.943882
10.307055
10.994788
9.894984
7.781666
8.486820
7.959653
8.406343
10.745734
12.003245
11.390197
8.630100
8.957503
8.069056
8.240142
10.179412
11.704299
11.738456
10.388961
9.242326
8.717602
8.863349
8.660636
10.654897
10.978110
9.547791
8.300271
8.439610
8.687657
8.413277
10.136645
10.603156
9.434916
7.064357
6.348402
8.547853
8.725774
10.296382
11.059466
10.363738
8.248723
8.301085
8.986981
9.245778
9.878121
11.205655
10.804536
8.328707
8.523605
9.469213
9.263885
9.759166
10.818126
10.634313
8.513539
8.243540
7.465153
7.673542
9.157786
9.881806
10.227426
9.310567
8.594869
8.013687
6.670543
8.291187
8.950614
9.485793
8.570013
6.218119
5.729688
6.995096
7.886623
8.070004
9.443316
9.241786
7.811984
7.818946
8.220100
8.775670
8.640090
9.715100
9.780901
8.723894
7.996175
7.706509
7.158594
7.495182
8.685245
8.857428
7.443354
7.554136
7.658610
7.751952
7.310490
8.622771
9.191893
7.892257
7.493756
7.390862
6.625318
6.879577
6.353029
7.871098
7.395278
6.836833
7.486209
7.603160
6.839073
7.208997
7.455305
7.012972
5.069248
6.468790
6.276577
6.833932
6.213173
7.107125
7.366929
6.161785
6.515068
6.046623
5.656410
5.160352
6.248234
6.107317
5.507248
4.802591
4.932826
5.281029
4.528568
5.302088
4.624529
11.333207
10.482184
7.728090
7.295717
6.023676
6.972373
9.722495
10.994788
10.619119
8.473390
7.523974
7.264534
7.532537
8.603189
10.527392
10.404725
7.846122
7.452258
7.172333
6.268250
7.861898
9.938823
10.080327
8.627155
6.079856
6.651932
7.539402
7.943882
10.307055
10.994788
9.894984
7.781666
8.486820
7.959653
8.406343
10.745734
12.003245
11.390197
8.630100
8.957503
8.069056
8.240142
10.179412
11.704299
11.738456
10.388961
9.242326
8.717602
8.863349
8.660636
10.654897
10.978110
9.547791
8.300271
8.439610
8.687657
8.413277
10.136645
10.603156
9.434916
7.064357
6.348402
8.547853
8.725774
10.296382
11.059466
10.363738
8.248723
8.301085
8.986981
9.245778
9.878121
11.205655
10.804536
8.328707
8.523605
9.469213
9.263885
9.759166
10.818126
10.634313
8.513539
8.243540
7.465153
7.673542
9.157786
9.881806
10.227426
9.310567
8.594869
8.013687
6.670543
8.291187
8.950614
9.485793
8.570013
6.218119
5.729688
6.995096
7.886623
8.070004
9.443316
9.241786
7.811984
7.818946
8.220100
8.775670
8.640090
9.715100
9.780901
8.723894
7.996175
7.706509
7.158594
7.495182
8.685245
8.857428
7.443354
7.554136
7.658610
7.751952
7.310490
8.622771
9.191893
7.892257
7.493756
7.390862
6.625318
6.879577
6.353029
7.871098
7.395278
6.836833
7.486209
7.603160
6.839073
7.208997
7.455305
7.012972
5.069248
6.468790
6.276577
6.833932
6.213173
7.107125
7.366929
6.161785
6.515068
6.046623
5.656410
5.160352
6.248234
6.107317
5.507248
4.802591
4.932826
5.281029
4.528568
5.302088
4.624529
11.333207
10.482184
7.728090
7.295717
6.023676
6.972373
9.722495
10.994788
10.619119
8.473390
7.523974
7.264534
7.532537
8.603189
10.527392
10.404725
7.846122
7.452258
7.172333
6.268250
7.861898
9.938823
10.080327
8.627155
6.079856
6.651932
7.539402
7.943882
10.307055
10.994788
9.894984
7.781666
8.486820
7.959653
8.406343
10.745734
12.003245
11.390197
8.630100
8.957503
8.069056
8.240142
10.179412
11.704299
11.738456
10.388961
9.242326
8.717602
8.863349
8.660636
10.654897
10.978110
9.547791
8.300271
8.439610
8.687657
8.413277
10.136645
10.603156
9.434916
7.064357
6.348402
8.547853
8.725774
10.296382
11.059466
10.363738
8.248723
8.301085
8.986981
9.245778
9.878121
11.205655
10.804536
8.328707
8.523605
9.469213
9.263885
9.759166
10.818126
10.634313
8.513539
8.243540
7.465153
7.673542
9.157786
9.881806
10.227426
9.310567
8.594869
8.013687
6.670543
8.291187
8.950614
9.485793
8.570013
6.218119
5.729688
6.995096
7.886623
8.070004
9.443316
9.241786
7.811984
7.818946
8.220100
8.775670
8.640090
9.715100
9.780901
8.723894
7.996175
7.706509
7.158594
7.495182
8.685245
8.857428
7.443354
7.554136
7.658610
7.751952
7.310490
8.622771
9.191893
7.892257
7.493756
7.390862
6.625318
6.879577
6.353029
7.871098
7.395278
6.836833
7.486209
7.603160
6.839073
7.208997
7.455305
7.012972
5.069248
6.468790
6.276577
6.833932
6.213173
7.107125
7.366929
6.161785
6.515068
6.046623
5.656410
5.160352
6.248234
6.107317
5.507248
4.802591
4.932826
5.281029
4.528568
5.302088
4.624529
11.333207
10.482184
7.728090
7.295717
6.023676
6.972373
9.722495
10.994788
10.619119
8.473390
7.523974
7.264534
7.532537
8.603189
10.527392
10.404725
7.846122
7.452258
7.172333
6.268250
7.861898
9.938823
10.080327
8.627155
6.079856
6.651932
7.539402
7.943882
10.307055
10.994788
9.894984
7.781666
8.486820
7.959653
8.406343
10.745734
12.003245
11.390197
8.630100
8.957503
8.069056
8.240142
10.179412
11.704299
11.738456
10.388961
9.242326
8.717602
8.863349
8.660636
10.654897
10.978110
9.547791
8.300271
8.439610
8.687657
8.413277
10.136645
10.603156
9.434916
7.064357
6.348402
8.547853
8.725774
10.296382
11.059466
10.363738
8.248723
8.301085
8.986981
9.245778
9.878121
11.205655
10.804536
8.328707
8.523605
9.469213
9.263885
9.759166
10.818126
10.634313
8.513539
8.243540
7.465153
7.673542
9.157786
9.881806
10.227426
9.310567
8.594869
8.013687
6.670543
8.291187
8.950614
9.485793
8.570013
6.218119
5.729688
6.995096
7.886623
8.070004
9.443316
9.241786
7.811984
7.818946
8.220100
8.775670
8.640090
9.715100
9.780901
8.723894
7.996175
7.706509
7.158594
7.495182
8.685245
8.857428
7.443354
7.554136
7.658610
7.751952
7.310490
8.622771
9.191893
7.892257
7.493756
7.390862
6.625318
6.879577
6.353029
7.871098
7.395278
6.836833
7.486209
7.603160
6.839073
7.208997
7.455305
7.012972
5.069248
6.468790
6.276577
6.833932
6.213173
7.107125
7.366929
6.161785
6.515068
6.046623
5.656410
5.160352
6.248234
6.107317
5.507248
4.802591
4.932826
5.281029
4.528568
5.302088
4.624529
11.333207
10.482184
7.728090
7.295717
6.023676
6.972373
9.722495
10.994788
10.619119
8.473390
7.523974
7.264534
7.532537
8.603189
10.527392
10.404725
7.846122
7.452258
7.172333
6.268250
7.861898
9.938823
10.080327
8.627155
6.079856
6.651932
7.539402
7.943882
10.307055
10.994788
9.894984
7.781666
8.486820
7.959653
8.406343
10.745734
12.003245
11.390197
8.630100
8.957503
8.069056
8.240142
10.179412
11.704299
11.738456
10.388961
9.242326
8.717602
8.863349
8.660636
10.654897
10.978110
9.547791
8.300271
8.439610
8.687657
8.413277
10.136645
10.603156
9.434916
7.064357
6.348402
8.547853
8.725774
10.296382
11.059466
10.363738
8.248723
8.301085
8.986981
9.245778
9.878121
11.205655
10.804536
8.328707
8.523605
9.469213
9.263885
9.759166
10.818126
10.634313
8.513539
8.243540
7.465153
7.673542
9.157786
9.881806
10.227426
9.310567
8.594869
8.013687
6.670543
8.291187
8.950614
9.485793
8.570013
6.218119
5.729688
6.995096
7.886623
8.070004
9.443316
9.241786
7.811984
7.818946
8.220100
8.775670
8.640090
9.715100
9.780901
8.723894
7.996175
7.706509
7.158594
7.495182
8.685245
8.857428
7.443354
7.554136
7.658610
7.751952
7.310490
8.622771
9.191893
7.892257
7.493756
7.390862
6.625318
6.879577
6.353029
7.871098
7.395278
6.836833
7.486209
7.603160
6.839073
7.208997
7.455305
7.012972
5.069248
6.468790
6.276577
6.833932
6.213173
7.107125
7.366929
6.161785
6.515068
6.046623
5.656410
5.160352
6.248234
6.107317
5.507248
4.802591
4.932826
5.281029
4.528568
5.302088
4.624529
11.333207
10.482184
7.728090
7.295717
6.023676
6.972373
9.722495
10.994788
10.619119
8.473390
7.523974
7.264534
7.532537
8.603189
10.527392
10.404725
7.846122
7.452258
7.172333
6.268250
7.861898
9.938823
10.080327
8.627155
6.079856
6.651932
7.539402
7.943882
10.307055
10.994788
9.894984
7.781666
8.486820
7.959653
8.406343
10.745734
12.003245
11.390197
8.630100
8.957503
8.069056
8.240142
10.179412
11.704299
11.738456
10.388961
9.242326
8.717602
8.863349
8.660636
10.654897
10.978110
9.547791
8.300271
8.439610
8.687657
8.413277
10.136645
10.603156
9.434916
7.064357
6.348402
8.547853
8.725774
10.296382
11.059466
10.363738
8.248723
8.301085
8.986981
9.245778
9.878121
11.205655
10.804536
8.328707
8.523605
9.469213
9.263885
9.759166
10.818126
10.634313
8.513539
8.243540
7.465153
7.673542
9.157786
9.881806
10.227426
9.310567
8.594869
8.013687
6.670543
8.291187
8.950614
9.485793
8.570013
6.218119
5.729688
6.995096
7.886623
8.070004
9.443316
9.241786
7.811984
7.818946
8.220100
8.775670
8.640090
9.715100
9.780901
8.723894
7.996175
7.706509
7.158594
7.495182
8.685245
8.857428
7.443354
7.554136
7.658610
7.751952
7.310490
8.622771
9.191893
7.892257
7.493756
7.390862
6.625318
6.879577
6.353029
7.871098
7.395278
6.836833
7.486209
7.603160
6.839073
7.208997
7.455305
7.012972
5.069248
6.468790
6.276577
6.833932
6.213173
7.107125
7.366929
6.161785
6.515068
6.046623
5.656410
5.160352
6.248234
6.107317
5.507248
4.802591
4.932826
5.281029
4.528568
5.302088
4.624529
11.333207
10.482184
7.728090
7.295717
6.023676
6.972373
9.722495
10.994788
10.619119
8.473390
7.523974
7.264534
7.532537
8.603189
10.527392
10.404725
7.846122
7.452258
7.172333
6.268250
7.861898
9.938823
10.080327
8.627155
6.079856
6.651932
7.539402
7.943882
10.307055
10.994788
9.894984
7.781666
8.486820
7.959653
8.406343
10.745734
12.003245
11.390197
8.630100
8.957503
8.069056
8.240142
10.179412
11.704299
11.738456
10.388961
9.242326
8.717602
8.863349
8.660636
10.654897
10.978110
9.547791
8.300271
8.439610
8.687657
8.413277
10.136645
10.603156
9.434916
7.064357
6.348402
8.547853
8.725774
10.296382
11.059466
10.363738
8.248723
8.301085
8.986981
9.245778
9.878121
11.205655
10.804536
8.328707
8.523605
9.469213
9.263885
9.759166
10.818126
10.634313
8.513539
8.243540
7.465153
7.673542
9.157786
9.881806
10.227426
9.310567
8.594869
8.013687
6.670543
8.291187
8.950614
9.485793
8.570013
6.218119
5.729688
6.995096
7.886623
8.070004
9.443316
9.241786
7.811984
7.818946
8.220100
8.775670
8.640090
9.715100
9.780901
8.723894
7.996175
7.706509
7.158594
7.495182
8.685245
8.857428
7.443354
7.554136
7.658610
7.751952
7.310490
8.622771
9.191893
7.892257
7.493756
7.390862
6.625318
6.879577
6.353029
7.871098
7.395278
6.836833
7.486209
7.603160
6.839073
7.208997
7.455305
7.012972
5.069248
6.468790
6.276577
6.833932
6.213173
7.107125
7.366929
6.161785
6.515068
6.046623
5.656410
5.160352
6.248234
6.107317
5.507248
4.802591
4.932826
5.281029
4.528568
5.302088
4.624529
11.333207
10.482184
7.728090
7.295717
6.023676
6.972373
9.722495
10.994788
10.619119
8.473390
7.523974
7.264534
7.532537
8.603189
10.527392
10.404725
7.846122
7.452258
7.172333
6.268250
7.861898
9.938823
10.080327
8.627155
6.079856
6.651932
7.539402
7.943882
10.307055
10.994788
9.894984
7.781666
8.486820
7.959653
8.406343
10.745734
12.003245
11.390197
8.630100
8.957503
8.069056
8.240142
10.179412
11.704299
11.738456
10.388961
9.242326
8.717602
8.863349
8.660636
10.654897
10.978110
9.547791
8.300271
8.439610
8.687657
8.413277
10.136645
10.603156
9.434916
7.064357
6.348402
8.547853
8.725774
10.296382
11.059466
10.363738
8.248723
8.301085
8.986981
9.245778
9.878121
11.205655
10.804536
8.328707
8.523605
9.469213
9.263885
9.759166
10.818126
10.634313
8.513539
8.243540
7.465153
7.673542
9.157786
9.881806
10.227426
9.310567
8.594869
8.013687
6.670543
8.291187
8.950614
9.485793
8.570013
6.218119
5.729688
6.995096
7.886623
8.070004
9.443316
9.241786
7.811984
7.818946
8.220100
8.775670
8.640090
9.715100
9.780901
8.723894
7.996175
7.706509
7.158594
7.495182
8.685245
8.857428
7.443354
7.554136
7.658610
7.751952
7.310490
8.622771
9.191893
7.892257
7.493756
7.390862
6.625318
6.879577
6.353029
7.871098
7.395278
6.836833
7.486209
7.603160
6.839073
7.208997
7.455305
7.012972
5.069248
6.468790
6.276577
6.833932
6.213173
7.107125
7.366929
6.161785
6.515068
6.046623
5.656410
5.160352
6.248234
6.107317
5.507248
4.802591
4.932826
5.281029
4.528568
5.302088
4.624529
11.333207
10.482184
7.728090
7.295717
6.023676
6.972373
9.722495
10.994788
10.619119
8.473390
7.523974
7.264534
7.532537
8.603189
10.527392
10.404725
7.846122
7.452258
7.172333
6.268250
7.861898
9.938823
10.080327
8.627155
6.079856
6.651932
7.539402
7.943882
10.307055
10.994788
9.894984
7.781666
8.486820
7.959653
8.406343
10.745734
12.003245
11.390197
8.630100
8.957503
8.069056
8.240142
10.179412
11.704299
11.738456
10.388961
9.242326
8.717602
8.863349
8.660636
10.654897
10.978110
9.547791
8.300271
8.439610
8.687657
8.413277
10.136645
10.603156
9.434916
7.064357
6.348402
8.547853
8.725774
10.296382
11.059466
10.363738
8.248723
8.301085
8.986981
9.245778
9.878121
11.205655
10.804536
8.328707
8.523605
9.469213
9.263885
9.759166
10.818126
10.634313
8.513539
8.243540
7.465153
7.673542
9.157786
9.881806
10.227426
9.310567
8.594869
8.013687
6.670543
8.291187
8.950614
9.485793
8.570013
6.218119
5.729688
6.995096
7.886623
8.070004
9.443316
9.241786
7.811984
7.818946
8.220100
8.775670
8.640090
9.715100
9.780901
8.723894
7.996175
7.706509
7.158594
7.495182
8.685245
8.857428
7.443354
7.554136
7.658610
7.751952
7.310490
8.622771
9.191893
7.892257
7.493756
7.390862
6.625318
6.879577
6.353029
7.871098
7.395278
6.836833
7.486209
7.603160
6.839073
7.208997
7.455305
7.012972
5.069248
6.468790
6.276577
6.833932
6.213173
7.107125
7.366929
6.161785
6.515068
6.046623
5.656410
5.160352
6.248234
6.107317
5.507248
4.802591
4.932826
5.281029
4.528568
5.302088
4.624529
11.333207
10.482184
7.728090
7.295717
6.023676
6.972373
9.722495
10.994788
10.619119
8.473390
7.523974
7.264534
7.532537
8.603189
10.527392
10.404725
7.846122
7.452258
7.172333
6.268250
7.861898
9.938823
10.080327
8.627155
6.079856
6.651932
7.539402
7.943882
10.307055
10.994788
9.894984
7.781666
8.486820
7.959653
8.406343
10.745734
12.003245
11.390197
8.630100
8.957503
8.069056
8.240142
10.179412
11.704299
11.738456
10.388961
9.242326
8.717602
8.863349
8.660636
10.654897
10.978110
9.547791
8.300271
8.439610
8.687657
8.413277
10.136645
10.603156
9.434916
7.064357
6.348402
8.547853
8.725774
10.296382
11.059466
10.363738
8.248723
8.301085
8.986981
9.245778
9.878121
11.205655
10.804536
8.328707
8.523605
9.469213
9.263885
9.759166
10.818126
10.634313
8.513539
8.243540
7.465153
7.673542
9.157786
9.881806
10.227426
9.310567
8.594869
8.013687
6.670543
8.291187
8.950614
9.485793
8.570013
6.218119
5.729688
6.995096
7.886623
8.070004
9.443316
9.241786
7.811984
7.818946
8.220100
8.775670
8.640090
9.715100
9.780901
8.723894
7.996175
7.706509
7.158594
7.495182
8.685245
8.857428
7.443354
7.554136
7.658610
7.751952
7.310490
8.622771
9.191893
7.892257
7.493756
7.390862
6.625318
6.879577
6.353029
7.871098
7.395278
6.836833
7.486209
7.603160
6.839073
7.208997
7.455305
7.012972
5.069248
6.468790
6.276577
6.833932
6.213173
7.107125
7.366929
6.161785
6.515068
6.046623
5.656410
5.160352
6.248234
6.107317
5.507248
4.802591
4.932826
5.281029
4.528568
5.302088
4.624529
11.333207
10.482184
7.728090
7.295717
6.023676
6.972373
9.722495
10.994788
10.619119
8.473390
7.523974
7.264534
7.532537
8.603189
10.527392
10.404725
7.846122
7.452258
7.172333
6.268250
7.861898
9.938823
10.080327
8.627155
6.079856
6.651932
7.539402
7.943882
10.307055
10.994788
9.894984
7.781666
8.486820
7.959653
8.406343
10.745734
12.003245
11.390197
8.630100
8.957503
8.069056
8.240142
10.179412
11.704299
11.738456
10.388961
9.242326
8.717602
8.863349
8.660636
10.654897
10.978110
9.547791
8.300271
8.439610
8.687657
8.413277
10.136645
10.603156
9.434916
7.064357
6.348402
8.547853
8.725774
10.296382
11.059466
10.363738
8.248723
8.301085
8.986981
9.245778
9.878121
11.205655
10.804536
8.328707
8.523605
9.469213
9.263885
9.759166
10.818126
10.634313
8.513539
8.243540
7.465153
7.673542
9.157786
9.881806
10.227426
9.310567
8.594869
8.013687
6.670543
8.291187
8.950614
9.485793
8.570013
6.218119
5.729688
6.995096
7.886623
8.070004
9.443316
9.241786
7.811984
7.818946
8.220100
8.775670
8.640090
9.715100
9.780901
8.723894
7.996175
7.706509
7.158594
7.495182
8.685245
8.857428
7.443354
7.554136
7.658610
7.751952
7.310490
8.622771
9.191893
7.892257
7.493756
7.390862
6.625318
6.879577
6.353029
7.871098
7.395278
6.836833
7.486209
7.603160
6.839073
7.208997
7.455305
7.012972
5.069248
6.468790
6.276577
6.833932
6.213173
7.107125
7.366929
6.161785
6.515068
6.046623
5.656410
5.160352
6.248234
6.107317
5.507248
4.802591
4.932826
5.281029
4.528568
5.302088
4.624529
11.333207
10.482184
7.728090
7.295717
6.023676
6.972373
9.722495
10.994788
10.619119
8.473390
7.523974
7.264534
7.532537
8.603189
10.527392
10.404725
7.846122
7.452258
7.172333
6.268250
7.861898
9.938823
10.080327
8.627155
6.079856
6.651932
7.539402
7.943882
10.307055
10.994788
9.894984
7.781666
8.486820
7.959653
8.406343
10.745734
12.003245
11.390197
8.630100
8.957503
8.069056
8.240142
10.179412
11.704299
11.738456
10.388961
9.242326
8.717602
8.863349
8.660636
10.654897
10.978110
9.547791
8.300271
8.439610
8.687657
8.413277
10.136645
10.603156
9.434916
7.064357
6.348402
8.547853
8.725774
10.296382
11.059466
10.363738
8.248723
8.301085
8.986981
9.245778
9.878121
11.205655
10.804536
8.328707
8.523605
9.469213
9.263885
9.759166
10.818126
10.634313
8.513539
8.243540
7.465153
7.673542
9.157786
9.881806
10.227426
9.310567
8.594869
8.013687
6.670543
8.291187
8.950614
9.485793
8.570013
6.218119
5.729688
6.995096
7.886623
8.070004
9.443316
9.241786
7.811984
7.818946
8.220100
8.775670
8.640090
9.715100
9.780901
8.723894
7.996175
7.706509
7.158594
7.495182
8.685245
8.857428
7.443354
7.554136
7.658610
7.751952
7.310490
8.622771
9.191893
7.892257
7.493756
7.390862
6.625318
6.879577
6.353029
7.871098
7.395278
6.836833
7.486209
7.603160
6.839073
7.208997
7.455305
7.012972
5.069248
6.468790
6.276577
6.833932
6.213173
7.107125
7.366929
6.161785
6.515068
6.046623
5.656410
5.160352
6.248234
6.107317
5.507248
4.802591
4.932826
5.281029
4.528568
5.302088
4.624529
11.333207
10.482184
7.728090
7.295717
6.023676
6.972373
9.722495
10.994788
10.619119
8.473390
7.523974
7.264534
7.532537
8.603189
10.527392
10.404725
7.846122
7.452258
7.172333
6.268250
7.861898
9.938823
10.080327
8.627155
6.079856
6.651932
7.539402
7.943882
10.307055
10.994788
9.894984
7.781666
8.486820
7.959653
8.406343
10.745734
12.003245
11.390197
8.630100
8.957503
8.069056
8.240142
10.179412
11.704299
11.738456
10.388961
9.242326
8.717602
8.863349
8.660636
10.654897
10.978110
9.547791
8.300271
8.439610
8.687657
8.413277
10.136645
10.603156
9.434916
7.064357
6.348402
8.547853
8.725774
10.296382
11.059466
10.363738
8.248723
8.301085
8.986981
9.245778
9.878121
11.205655
10.804536
8.328707
8.523605
9.469213
9.263885
9.759166
10.818126
10.634313
8.513539
8.243540
7.465153
7.673542
9.157786
9.881806
10.227426
9.310567
8.594869
8.013687
6.670543
8.291187
8.950614
9.485793
8.570013
6.218119
5.729688
6.995096
7.886623
8.070004
9.443316
9.241786
7.811984
7.818946
8.220100
8.775670
8.640090
9.715100
9.780901
8.723894
7.996175
7.706509
7.158594
7.495182
8.685245
8.857428
7.443354
7.554136
7.658610
7.751952
7.310490
8.622771
9.191893
7.892257
7.493756
7.390862
6.625318
6.879577
6.353029
7.871098
7.395278
6.836833
7.486209
7.603160
6.839073
7.208997
7.455305
7.012972
5.069248
6.468790
6.276577
6.833932
6.213173
7.107125
7.366929
6.161785
6.515068
6.046623
5.656410
5.160352
6.248234
6.107317
5.507248
4.802591
4.932826
5.281029
4.528568
5.302088
4.624529
11.333207
10.482184
7.728090
7.295717
6.023676
6.972373
9.722495
10.994788
10.619119
8.473390
7.523974
7.264534
7.532537
8.603189
10.527392
10.404725
7.846122
7.452258
7.172333
6.268250
7.861898
9.938823
10.080327
8.627155
6.079856
6.651932
7.539402
7.943882
10.307055
10.994788
9.894984
7.781666
8.486820
7.959653
8.406343
10.745734
12.003245
11.390197
8.630100
8.957503
8.069056
8.240142
10.179412
11.704299
11.738456
10.388961
9.242326
8.717602
8.863349
8.660636
10.654897
10.978110
9.547791
8.300271
8.439610
8.687657
8.413277
10.136645
10.603156
9.434916
7.064357
6.348402
8.547853
8.725774
10.296382
11.059466
10.363738
8.248723
8.301085
8.986981
9.245778
9.878121
11.205655
10.804536
8.328707
8.523605
9.469213
9.263885
9.759166
10.818126
10.634313
8.513539
8.243540
7.465153
7.673542
9.157786
9.881806
10.227426
9.310567
8.594869
8.013687
6.670543
8.291187
8.950614
9.485793
8.570013
6.218119
5.729688
6.995096
7.886623
8.070004
9.443316
9.241786
7.811984
7.818946
8.220100
8.775670
8.640090
9.715100
9.780901
8.723894
7.996175
7.706509
7.158594
7.495182
8.685245
8.857428
7.443354
7.554136
7.658610
7.751952
7.310490
8.622771
9.191893
7.892257
7.493756
7.390862
6.625318
6.879577
6.353029
7.871098
7.395278
6.836833
7.486209
7.603160
6.839073
7.208997
7.455305
7.012972
5.069248
6.468790
6.276577
6.833932
6.213173
7.107125
7.366929
6.161785
6.515068
6.046623
5.656410
5.160352
6.248234
6.107317
5.507248
4.802591
4.932826
5.281029
4.528568
5.302088
4.624529
11.333207
10.482184
7.728090
7.295717
6.023676
6.972373
9.722495
10.994788
10.619119
8.473390
7.523974
7.264534
7.532537
8.603189
10.527392
10.404725
7.846122
7.452258
7.172333
6.268250
7.861898
9.938823
10.080327
8.627155
6.079856
6.651932
7.539402
7.943882
10.307055
10.994788
9.894984
7.781666
8.486820
7.959653
8.406343
10.745734
12.003245
11.390197
8.630100
8.957503
8.069056
8.240142
10.179412
11.704299
11.738456
10.388961
9.242326
8.717602
8.863349
8.660636
10.654897
10.978110
9.547791
8.300271
8.439610
8.687657
8.413277
10.136645
10.603156
9.434916
7.064357
6.348402
8.547853
8.725774
10.296382
11.059466
10.363738
8.248723
8.301085
8.986981
9.245778
9.878121
11.205655
10.804536
8.328707
8.523605
9.469213
9.263885
9.759166
10.818126
10.634313
8.513539
8.243540
7.465153
7.673542
9.157786
9.881806
10.227426
9.310567
8.594869
8.013687
6.670543
8.291187
8.950614
9.485793
8.570013
6.218119
5.729688
6.995096
7.886623
8.070004
9.443316
9.241786
7.811984
7.818946
8.220100
8.775670
8.640090
9.715100
9.780901
8.723894
7.996175
7.706509
7.158594
7.495182
8.685245
8.857428
7.443354
7.554136
7.658610
7.751952
7.310490
8.622771
9.191893
7.892257
7.493756
7.390862
6.625318
6.879577
6.353029
7.871098
7.395278
6.836833
7.486209
7.603160
6.839073
7.208997
7.455305
7.012972
5.069248
6.468790
6.276577
6.833932
6.213173
7.107125
7.366929
6.161785
6.515068
6.046623
5.656410
5.160352
6.248234
6.107317
5.507248
4.802591
4.932826
5.281029
4.528568
5.302088
4.624529
11.333207
10.482184
7.728090
7.295717
6.023676
6.972373
9.722495
10.994788
10.619119
8.473390
7.523974
7.264534
7.532537
8.603189
10.527392
10.404725
7.846122
7.452258
7.172333
6.268250
7.861898
9.938823
10.080327
8.627155
6.079856
6.651932
7.539402
7.943882
10.307055
10.994788
9.894984
7.781666
8.486820
7.959653
8.406343
10.745734
12.003245
11.390197
8.630100
8.957503
8.069056
8.240142
10.179412
11.704299
11.738456
10.388961
9.242326
8.717602
8.863349
8.660636
10.654897
10.978110
9.547791
8.300271
8.439610
8.687657
8.413277
10.136645
10.603156
9.434916
7.064357
6.348402
8.547853
8.725774
10.296382
11.059466
10.363738
8.248723
8.301085
8.986981
9.245778
9.878121
11.205655
10.804536
8.328707
8.523605
9.469213
9.263885
9.759166
10.818126
10.634313
8.513539
8.243540
7.465153
7.673542
9.157786
9.881806
10.227426
9.310567
8.594869
8.013687
6.670543
8.291187
8.950614
9.485793
8.570013
6.218119
5.729688
6.995096
7.886623
8.070004
9.443316
9.241786
7.811984
7.818946
8.220100
8.775670
8.640090
9.715100
9.780901
8.723894
7.996175
7.706509
7.158594
7.495182
8.685245
8.857428
7.443354
7.554136
7.658610
7.751952
7.310490
8.622771
9.191893
7.892257
7.493756
7.390862
6.625318
6.879577
6.353029
7.871098
7.395278
6.836833
7.486209
7.603160
6.839073
7.208997
7.455305
7.012972
5.069248
6.468790
6.276577
6.833932
6.213173
7.107125
7.366929
6.161785
6.515068
6.046623
5.656410
5.160352
6.248234
6.107317
5.507248
4.802591
4.932826
5.281029
4.528568
5.302088
4.624529
11.333207
10.482184
7.728090
7.295717
6.023676
6.972373
9.722495
10.994788
10.619119
8.473390
7.523974
7.264534
7.532537
8.603189
10.527392
10.404725
7.846122
7.452258
7.172333
6.268250
7.861898
9.938823
10.080327
8.627155
6.079856
6.651932
7.539402
7.943882
10.307055
10.994788
9.894984
7.781666
8.486820
7.959653
8.406343
10.745734
12.003245
11.390197
8.630100
8.957503
8.069056
8.240142
10.179412
11.704299
11.738456
10.388961
9.242326
8.717602
8.863349
8.660636
10.654897
10.978110
9.547791
8.300271
8.439610
8.687657
8.413277
10.136645
10.603156
9.434916
7.064357
6.348402
8.547853
8.725774
10.296382
11.059466
10.363738
8.248723
8.301085
8.986981
9.245778
9.878121
11.205655
10.804536
8.328707
8.523605
9.469213
9.263885
9.759166
10.818126
10.634313
8.513539
8.243540
7.465153
7.673542
9.157786
9.881806
10.227426
9.310567
8.594869
8.013687
6.670543
8.291187
8.950614
9.485793
8.570013
6.218119
5.729688
6.995096
7.886623
8.070004
9.443316
9.241786
7.811984
7.818946
8.220100
8.775670
8.640090
9.715100
9.780901
8.723894
7.996175
7.706509
7.158594
7.495182
8.685245
8.857428
7.443354
7.554136
7.658610
7.751952
7.310490
8.622771
9.191893
7.892257
7.493756
7.390862
6.625318
6.879577
6.353029
7.871098
7.395278
6.836833
7.486209
7.603160
6.839073
7.208997
7.455305
7.012972
5.069248
6.468790
6.276577
6.833932
6.213173
7.107125
7.366929
6.161785
6.515068
6.046623
5.656410
5.160352
6.248234
6.107317
5.507248
4.802591
4.932826
5.281029
4.528568
5.302088
4.624529
11.333207
10.482184
7.728090
7.295717
6.023676
6.972373
9.722495
10.994788
10.619119
8.473390
7.523974
7.264534
7.532537
8.603189
10.527392
10.404725
7.846122
7.452258
7.172333
6.268250
7.861898
9.938823
10.080327
8.627155
6.079856
6.651932
7.539402
7.943882
10.307055
10.994788
9.894984
7.781666
8.486820
7.959653
8.406343
10.745734
12.003245
11.390197
8.630100
8.957503
8.069056
8.240142
10.179412
11.704299
11.738456
10.388961
9.242326
8.717602
8.863349
8.660636
10.654897
10.978110
9.547791
8.300271
8.439610
8.687657
8.413277
10.136645
10.603156
9.434916
7.064357
6.348402
8.547853
8.725774
10.296382
11.059466
10.363738
8.248723
8.301085
8.986981
9.245778
9.878121
11.205655
10.804536
8.328707
8.523605
9.469213
9.263885
9.759166
10.818126
10.634313
8.513539
8.243540
7.465153
7.673542
9.157786
9.881806
10.227426
9.310567
8.594869
8.013687
6.670543
8.291187
8.950614
9.485793
8.570013
6.218119
5.729688
6.995096
7.886623
8.070004
9.443316
9.241786
7.811984
7.818946
8.220100
8.775670
8.640090
9.715100
9.780901
8.723894
7.996175
7.706509
7.158594
7.495182
8.685245
8.857428
7.443354
7.554136
7.658610
7.751952
7.310490
8.622771
9.191893
7.892257
7.493756
7.390862
6.625318
6.879577
6.353029
7.871098
7.395278
6.836833
7.486209
7.603160
6.839073
7.208997
7.455305
7.012972
5.069248
6.468790
6.276577
6.833932
6.213173
7.107125
7.366929
6.161785
6.515068
6.046623
5.656410
5.160352
6.248234
6.107317
5.507248
4.802591
4.932826
5.281029
4.528568
5.302088
4.624529
11.333207
10.482184
7.728090
7.295717
6.023676
6.972373
9.722495
10.994788
10.619119
8.473390
7.523974
7.264534
7.532537
8.603189
10.527392
10.404725
7.846122
7.452258
7.172333
6.268250
7.861898
9.938823
10.080327
8.627155
6.079856
6.651932
7.539402
7.943882
10.307055
10.994788
9.894984
7.781666
8.486820
7.959653
8.406343
10.745734
12.003245
11.390197
8.630100
8.957503
8.069056
8.240142
10.179412
11.704299
11.738456
10.388961
9.242326
8.717602
8.863349
8.660636
10.654897
10.978110
9.547791
8.300271
8.439610
8.687657
8.413277
10.136645
10.603156
9.434916
7.064357
6.348402
8.547853
8.725774
10.296382
11.059466
10.363738
8.248723
8.301085
8.986981
9.245778
9.878121
11.205655
10.804536
8.328707
8.523605
9.469213
9.263885
9.759166
10.818126
10.634313
8.513539
8.243540
7.465153
7.673542
9.157786
9.881806
10.227426
9.310567
8.594869
8.013687
6.670543
8.291187
8.950614
9.485793
8.570013
6.218119
5.729688
6.995096
7.886623
8.070004
9.443316
9.241786
7.811984
7.818946
8.220100
8.775670
8.640090
9.715100
9.780901
8.723894
7.996175
7.706509
7.158594
7.495182
8.685245
8.857428
7.443354
7.554136
7.658610
7.751952
7.310490
8.622771
9.191893
7.892257
7.493756
7.390862
6.625318
6.879577
6.353029
7.871098
7.395278
6.836833
7.486209
7.603160
6.839073
7.208997
7.455305
7.012972
5.069248
6.468790
6.276577
6.833932
6.213173
7.107125
7.366929
6.161785
6.515068
6.046623
5.656410
5.160352
6.248234
6.107317
5.507248
4.802591
4.932826
5.281029
4.528568
5.302088
4.624529
11.333207
10.482184
7.728090
7.295717
6.023676
6.972373
9.722495
10.994788
10.619119
8.473390
7.523974
7.264534
7.532537
8.603189
10.527392
10.404725
7.846122
7.452258
7.172333
6.268250
7.861898
9.938823
10.080327
8.627155
6.079856
6.651932
7.539402
7.943882
10.307055
10.994788
9.894984
7.781666
8.486820
7.959653
8.406343
10.745734
12.003245
11.390197
8.630100
8.957503
8.069056
8.240142
10.179412
11.704299
11.738456
10.388961
9.242326
8.717602
8.863349
8.660636
10.654897
10.978110
9.547791
8.300271
8.439610
8.687657
8.413277
10.136645
10.603156
9.434916
7.064357
6.348402
8.547853
8.725774
10.296382
11.059466
10.363738
8.248723
8.301085
8.986981
9.245778
9.878121
11.205655
10.804536
8.328707
8.523605
9.469213
9.263885
9.759166
10.818126
10.634313
8.513539
8.243540
7.465153
7.673542
9.157786
9.881806
10.227426
9.310567
8.594869
8.013687
6.670543
8.291187
8.950614
9.485793
8.570013
6.218119
5.729688
6.995096
7.886623
8.070004
9.443316
9.241786
7.811984
7.818946
8.220100
8.775670
8.640090
9.715100
9.780901
8.723894
7.996175
7.706509
7.158594
7.495182
8.685245
8.857428
7.443354
7.554136
7.658610
7.751952
7.310490
8.622771
9.191893
7.892257
7.493756
7.390862
6.625318
6.879577
6.353029
7.871098
7.395278
6.836833
7.486209
7.603160
6.839073
7.208997
7.455305
7.012972
5.069248
6.468790
6.276577
6.833932
6.213173
7.107125
7.366929
6.161785
6.515068
6.046623
5.656410
5.160352
6.248234
6.107317
5.507248
4.802591
4.932826
5.281029
4.528568
5.302088
4.624529
11.333207
10.482184
7.728090
7.295717
6.023676
6.972373
9.722495
10.994788
10.619119
8.473390
7.523974
7.264534
7.532537
8.603189
10.527392
10.404725
7.846122
7.452258
7.172333
6.268250
7.861898
9.938823
10.080327
8.627155
6.079856
6.651932
7.539402
7.943882
10.307055
10.994788
9.894984
7.781666
8.486820
7.959653
8.406343
10.745734
12.003245
11.390197
8.630100
8.957503
8.069056
8.240142
10.179412
11.704299
11.738456
10.388961
9.242326
8.717602
8.863349
8.660636
10.654897
10.978110
9.547791
8.300271
8.439610
8.687657
8.413277
10.136645
10.603156
9.434916
7.064357
6.348402
8.547853
8.725774
10.296382
11.059466
10.363738
8.248723
8.301085
8.986981
9.245778
9.878121
11.205655
10.804536
8.328707
8.523605
9.469213
9.263885
9.759166
10.818126
10.634313
8.513539
8.243540
7.465153
7.673542
9.157786
9.881806
10.227426
9.310567
8.594869
8.013687
6.670543
8.291187
8.950614
9.485793
8.570013
6.218119
5.729688
6.995096
7.886623
8.070004
9.443316
9.241786
7.811984
7.818946
8.220100
8.775670
8.640090
9.715100
9.780901
8.723894
7.996175
7.706509
7.158594
7.495182
8.685245
8.857428
7.443354
7.554136
7.658610
7.751952
7.310490
8.622771
9.191893
7.892257
7.493756
7.390862
6.625318
6.879577
6.353029
7.871098
7.395278
6.836833
7.486209
7.603160
6.839073
7.208997
7.455305
7.012972
5.069248
6.468790
6.276577
6.833932
6.213173
7.107125
7.366929
6.161785
6.515068
6.046623
5.656410
5.160352
6.248234
6.107317
5.507248
4.802591
4.932826
5.281029
4.528568
5.302088
4.624529
11.333207
10.482184
7.728090
7.295717
6.023676
6.972373
9.722495
10.994788
10.619119
8.473390
7.523974
7.264534
7.532537
8.603189
10.527392
10.404725
7.846122
7.452258
7.172333
6.268250
7.861898
9.938823
10.080327
8.627155
6.079856
6.651932
7.539402
7.943882
10.307055
10.994788
9.894984
7.781666
8.486820
7.959653
8.406343
10.745734
12.003245
11.390197
8.630100
8.957503
8.069056
8.240142
10.179412
11.704299
11.738456
10.388961
9.242326
8.717602
8.863349
8.660636
10.654897
10.978110
9.547791
8.300271
8.439610
8.687657
8.413277
10.136645
10.603156
9.434916
7.064357
6.348402
8.547853
8.725774
10.296382
11.059466
10.363738
8.248723
8.301085
8.986981
9.245778
9.878121
11.205655
10.804536
8.328707
8.523605
9.469213
9.263885
9.759166
10.818126
10.634313
8.513539
8.243540
7.465153
7.673542
9.157786
9.881806
10.227426
9.310567
8.594869
8.013687
6.670543
8.291187
8.950614
9.485793
8.570013
6.218119
5.729688
6.995096
7.886623
8.070004
9.443316
9.241786
7.811984
7.818946
8.220100
8.775670
8.640090
9.715100
9.780901
8.723894
7.996175
7.706509
7.158594
7.495182
8.685245
8.857428
7.443354
7.554136
7.658610
7.751952
7.310490
8.622771
9.191893
7.892257
7.493756
7.390862
6.625318
6.879577
6.353029
7.871098
7.395278
6.836833
7.486209
7.603160
6.839073
7.208997
7.455305
7.012972
5.069248
6.468790
6.276577
6.833932
6.213173
7.107125
7.366929
6.161785
6.515068
6.046623
5.656410
5.160352
6.248234
6.107317
5.507248
4.802591
4.932826
5.281029
4.528568
5.302088
4.624529
11.333207
10.482184
7.728090
7.295717
6.023676
6.972373
9.722495
10.994788
10.619119
8.473390
7.523974
7.264534
7.532537
8.603189
10.527392
10.404725
7.846122
7.452258
7.172333
6.268250
7.861898
9.938823
10.080327
8.627155
6.079856
6.651932
7.539402
7.943882
10.307055
10.994788
9.894984
7.781666
8.486820
7.959653
8.406343
10.745734
12.003245
11.390197
8.630100
8.957503
8.069056
8.240142
10.179412
11.704299
11.738456
10.388961
9.242326
8.717602
8.863349
8.660636
10.654897
10.978110
9.547791
8.300271
8.439610
8.687657
8.413277
10.136645
10.603156
9.434916
7.064357
6.348402
8.547853
8.725774
10.296382
11.059466
10.363738
8.248723
8.301085
8.986981
9.245778
9.878121
11.205655
10.804536
8.328707
8.523605
9.469213
9.263885
9.759166
10.818126
10.634313
8.513539
8.243540
7.465153
7.673542
9.157786
9.881806
10.227426
9.310567
8.594869
8.013687
6.670543
8.291187
8.950614
9.485793
8.570013
6.218119
5.729688
6.995096
7.886623
8.070004
9.443316
9.241786
7.811984
7.818946
8.220100
8.775670
8.640090
9.715100
9.780901
8.723894
7.996175
7.706509
7.158594
7.495182
8.685245
8.857428
7.443354
7.554136
7.658610
7.751952
7.310490
8.622771
9.191893
7.892257
7.493756
7.390862
6.625318
6.879577
6.353029
7.871098
7.395278
6.836833
7.486209
7.603160
6.839073
7.208997
7.455305
7.012972
5.069248
6.468790
6.276577
6.833932
6.213173
7.107125
7.366929
6.161785
6.515068
6.046623
5.656410
5.160352
6.248234
6.107317
5.507248
4.802591
4.932826
5.281029
4.528568
5.302088
4.624529
11.333207
10.482184
7.728090
7.295717
6.023676
6.972373
9.722495
10.994788
10.619119
8.473390
7.523974
7.264534
7.532537
8.603189
10.527392
10.404725
7.846122
7.452258
7.172333
6.268250
7.861898
9.938823
10.080327
8.627155
6.079856
6.651932
7.539402
7.943882
10.307055
10.994788
9.894984
7.781666
8.486820
7.959653
8.406343
10.745734
12.003245
11.390197
8.630100
8.957503
8.069056
8.240142
10.179412
11.704299
11.738456
10.388961
9.242326
8.717602
8.863349
8.660636
10.654897
10.978110
9.547791
8.300271
8.439610
8.687657
8.413277
10.136645
10.603156
9.434916
7.064357
6.348402
8.547853
8.725774
10.296382
11.059466
10.363738
8.248723
8.301085
8.986981
9.245778
9.878121
11.205655
10.804536
8.328707
8.523605
9.469213
9.263885
9.759166
10.818126
10.634313
8.513539
8.243540
7.465153
7.673542
9.157786
9.881806
10.227426
9.310567
8.594869
8.013687
6.670543
8.291187
8.950614
9.485793
8.570013
6.218119
5.729688
6.995096
7.886623
8.070004
9.443316
9.241786
7.811984
7.818946
8.220100
8.775670
8.640090
9.715100
9.780901
8.723894
7.996175
7.706509
7.158594
7.495182
8.685245
8.857428
7.443354
7.554136
7.658610
7.751952
7.310490
8.622771
9.191893
7.892257
7.493756
7.390862
6.625318
6.879577
6.353029
7.871098
7.395278
6.836833
7.486209
7.603160
6.839073
7.208997
7.455305
7.012972
5.069248
6.468790
6.276577
6.833932
6.213173
7.107125
7.366929
6.161785
6.515068
6.046623
5.656410
5.160352
6.248234
6.107317
5.507248
4.802591
4.932826
5.281029
4.528568
5.302088
4.624529
11.333207
10.482184
7.728090
7.295717
6.023676
6.972373
9.722495
10.994788
10.619119
8.473390
7.523974
7.264534
7.532537
8.603189
10.527392
10.404725
7.846122
7.452258
7.172333
6.268250
7.861898
9.938823
10.080327
8.627155
6.079856
6.651932
7.539402
7.943882
10.307055
10.994788
9.894984
7.781666
8.486820
7.959653
8.406343
10.745734
12.003245
11.390197
8.630100
8.957503
8.069056
8.240142
10.179412
11.704299
11.738456
10.388961
9.242326
8.717602
8.863349
8.660636
10.654897
10.978110
9.547791
8.300271
8.439610
8.687657
8.413277
10.136645
10.603156
9.434916
7.064357
6.348402
8.547853
8.725774
10.296382
11.059466
10.363738
8.248723
8.301085
8.986981
9.245778
9.878121
11.205655
10.804536
8.328707
8.523605
9.469213
9.263885
9.759166
10.818126
10.634313
8.513539
8.243540
7.465153
7.673542
9.157786
9.881806
10.227426
9.310567
8.594869
8.013687
6.670543
8.291187
8.950614
9.485793
8.570013
6.218119
5.729688
6.995096
7.886623
8.070004
9.443316
9.241786
7.811984
7.818946
8.220100
8.775670
8.640090
9.715100
9.780901
8.723894
7.996175
7.706509
7.158594
7.495182
8.685245
8.857428
7.443354
7.554136
7.658610
7.751952
7.310490
8.622771
9.191893
7.892257
7.493756
7.390862
6.625318
6.879577
6.353029
7.871098
7.395278
6.836833
7.486209
7.603160
6.839073
7.208997
7.455305
7.012972
5.069248
6.468790
6.276577
6.833932
6.213173
7.107125
7.366929
6.161785
6.515068
6.046623
5.656410
5.160352
6.248234
6.107317
5.507248
4.802591
4.932826
5.281029
4.528568
5.302088
4.624529
11.333207
10.482184
7.728090
7.295717
6.023676
6.972373
9.722495
10.994788
10.619119
8.473390
7.523974
7.264534
7.532537
8.603189
10.527392
10.404725
7.846122
7.452258
7.172333
6.268250
7.861898
9.938823
10.080327
8.627155
6.079856
6.651932
7.539402
7.943882
10.307055
10.994788
9.894984
7.781666
8.486820
7.959653
8.406343
10.745734
12.003245
11.390197
8.630100
8.957503
8.069056
8.240142
10.179412
11.704299
11.738456
10.388961
9.242326
8.717602
8.863349
8.660636
10.654897
10.978110
9.547791
8.300271
8.439610
8.687657
8.413277
10.136645
10.603156
9.434916
7.064357
6.348402
8.547853
8.725774
10.296382
11.059466
10.363738
8.248723
8.301085
8.986981
9.245778
9.878121
11.205655
10.804536
8.328707
8.523605
9.469213
9.263885
9.759166
10.818126
10.634313
8.513539
8.243540
7.465153
7.673542
9.157786
9.881806
10.227426
9.310567
8.594869
8.013687
6.670543
8.291187
8.950614
9.485793
8.570013
6.218119
5.729688
6.995096
7.886623
8.070004
9.443316
9.241786
7.811984
7.818946
8.220100
8.775670
8.640090
9.715100
9.780901
8.723894
7.996175
7.706509
7.158594
7.495182
8.685245
8.857428
7.443354
7.554136
7.658610
7.751952
7.310490
8.622771
9.191893
7.892257
7.493756
7.390862
6.625318
6.879577
6.353029
7.871098
7.395278
6.836833
7.486209
7.603160
6.839073
7.208997
7.455305
7.012972
5.069248
6.468790
6.276577
6.833932
6.213173
7.107125
7.366929
6.161785
6.515068
6.046623
5.656410
5.160352
6.248234
6.107317
5.507248
4.802591
4.932826
5.281029
4.528568
5.302088
4.624529
11.333207
10.482184
7.728090
7.295717
6.023676
6.972373
9.722495
10.994788
10.619119
8.473390
7.523974
7.264534
7.532537
8.603189
10.527392
10.404725
7.846122
7.452258
7.172333
6.268250
7.861898
9.938823
10.080327
8.627155
6.079856
6.651932
7.539402
7.943882
10.307055
10.994788
9.894984
7.781666
8.486820
7.959653
8.406343
10.745734
12.003245
11.390197
8.630100
8.957503
8.069056
8.240142
10.179412
11.704299
11.738456
10.388961
9.242326
8.717602
8.863349
8.660636
10.654897
10.978110
9.547791
8.300271
8.439610
8.687657
8.413277
10.136645
10.603156
9.434916
7.064357
6.348402
8.547853
8.725774
10.296382
11.059466
10.363738
8.248723
8.301085
8.986981
9.245778
9.878121
11.205655
10.804536
8.328707
8.523605
9.469213
9.263885
9.759166
10.818126
10.634313
8.513539
8.243540
7.465153
7.673542
9.157786
9.881806
10.227426
9.310567
8.594869
8.013687
6.670543
8.291187
8.950614
9.485793
8.570013
6.218119
5.729688
6.995096
7.886623
8.070004
9.443316
9.241786
7.811984
7.818946
8.220100
8.775670
8.640090
9.715100
9.780901
8.723894
7.996175
7.706509
7.158594
7.495182
8.685245
8.857428
7.443354
7.554136
7.658610
7.751952
7.310490
8.622771
9.191893
7.892257
7.493756
7.390862
6.625318
6.879577
6.353029
7.871098
7.395278
6.836833
7.486209
7.603160
6.839073
7.208997
7.455305
7.012972
5.069248
6.468790
6.276577
6.833932
6.213173
7.107125
7.366929
6.161785
6.515068
6.046623
5.656410
5.160352
6.248234
6.107317
5.507248
4.802591
4.932826
5.281029
4.528568
5.302088
4.624529
11.333207
10.482184
7.728090
7.295717
6.023676
6.972373
9.722495
10.994788
10.619119
8.473390
7.523974
7.264534
7.532537
8.603189
10.527392
10.404725
7.846122
7.452258
7.172333
6.268250
7.861898
9.938823
10.080327
8.627155
6.079856
6.651932
7.539402
7.943882
10.307055
10.994788
9.894984
7.781666
8.486820
7.959653
8.406343
10.745734
12.003245
11.390197
8.630100
8.957503
8.069056
8.240142
10.179412
11.704299
11.738456
10.388961
9.242326
8.717602
8.863349
8.660636
10.654897
10.978110
9.547791
8.300271
8.439610
8.687657
8.413277
10.136645
10.603156
9.434916
7.064357
6.348402
8.547853
8.725774
10.296382
11.059466
10.363738
8.248723
8.301085
8.986981
9.245778
9.878121
11.205655
10.804536
8.328707
8.523605
9.469213
9.263885
9.759166
10.818126
10.634313
8.513539
8.243540
7.465153
7.673542
9.157786
9.881806
10.227426
9.310567
8.594869
8.013687
6.670543
8.291187
8.950614
9.485793
8.570013
6.218119
5.729688
6.995096
7.886623
8.070004
9.443316
9.241786
7.811984
7.818946
8.220100
8.775670
8.640090
9.715100
9.780901
8.723894
7.996175
7.706509
7.158594
7.495182
8.685245
8.857428
7.443354
7.554136
7.658610
7.751952
7.310490
8.622771
9.191893
7.892257
7.493756
7.390862
6.625318
6.879577
6.353029
7.871098
7.395278
6.836833
7.486209
7.603160
6.839073
7.208997
7.455305
7.012972
5.069248
6.468790
6.276577
6.833932
6.213173
7.107125
7.366929
6.161785
6.515068
6.046623
5.656410
5.160352
6.248234
6.107317
5.507248
4.802591
4.932826
5.281029
4.528568
5.302088
4.624529
11.333207
10.482184
7.728090
7.295717
6.023676
6.972373
9.722495
10.994788
10.619119
8.473390
7.523974
7.264534
7.532537
8.603189
10.527392
10.404725
7.846122
7.452258
7.172333
6.268250
7.861898
9.938823
10.080327
8.627155
6.079856
6.651932
7.539402
7.943882
10.307055
10.994788
9.894984
7.781666
8.486820
7.959653
8.406343
10.745734
12.003245
11.390197
8.630100
8.957503
8.069056
8.240142
10.179412
11.704299
11.738456
10.388961
9.242326
8.717602
8.863349
8.660636
10.654897
10.978110
9.547791
8.300271
8.439610
8.687657
8.413277
10.136645
10.603156
9.434916
7.064357
6.348402
8.547853
8.725774
10.296382
11.059466
10.363738
8.248723
8.301085
8.986981
9.245778
9.878121
11.205655
10.804536
8.328707
8.523605
9.469213
9.263885
9.759166
10.818126
10.634313
8.513539
8.243540
7.465153
7.673542
9.157786
9.881806
10.227426
9.310567
8.594869
8.013687
6.670543
8.291187
8.950614
9.485793
8.570013
6.218119
5.729688
6.995096
7.886623
8.070004
9.443316
9.241786
7.811984
7.818946
8.220100
8.775670
8.640090
9.715100
9.780901
8.723894
7.996175
7.706509
7.158594
7.495182
8.685245
8.857428
7.443354
7.554136
7.658610
7.751952
7.310490
8.622771
9.191893
7.892257
7.493756
7.390862
6.625318
6.879577
6.353029
7.871098
7.395278
6.836833
7.486209
7.603160
6.839073
7.208997
7.455305
7.012972
5.069248
6.468790
6.276577
6.833932
6.213173
7.107125
7.366929
6.161785
6.515068
6.046623
5.656410
5.160352
6.248234
6.107317
5.507248
4.802591
4.932826
5.281029
4.528568
5.302088
4.624529
11.333207
10.482184
7.728090
7.295717
6.023676
6.972373
9.722495
10.994788
10.619119
8.473390
7.523974
7.264534
7.532537
8.603189
10.527392
10.404725
7.846122
7.452258
7.172333
6.268250
7.861898
9.938823
10.080327
8.627155
6.079856
6.651932
7.539402
7.943882
10.307055
10.994788
9.894984
7.781666
8.486820
7.959653
8.406343
10.745734
12.003245
11.390197
8.630100
8.957503
8.069056
8.240142
10.179412
11.704299
11.738456
10.388961
9.242326
8.717602
8.863349
8.660636
10.654897
10.978110
9.547791
8.300271
8.439610
8.687657
8.413277
10.136645
10.603156
9.434916
7.064357
6.348402
8.547853
8.725774
10.296382
11.059466
10.363738
8.248723
8.301085
8.986981
9.245778
9.878121
11.205655
10.804536
8.328707
8.523605
9.469213
9.263885
9.759166
10.818126
10.634313
8.513539
8.243540
7.465153
7.673542
9.157786
9.881806
10.227426
9.310567
8.594869
8.013687
6.670543
8.291187
8.950614
9.485793
8.570013
6.218119
5.729688
6.995096
7.886623
8.070004
9.443316
9.241786
7.811984
7.818946
8.220100
8.775670
8.640090
9.715100
9.780901
8.723894
7.996175
7.706509
7.158594
7.495182
8.685245
8.857428
7.443354
7.554136
7.658610
7.751952
7.310490
8.622771
9.191893
7.892257
7.493756
7.390862
6.625318
6.879577
6.353029
7.871098
7.395278
6.836833
7.486209
7.603160
6.839073
7.208997
7.455305
7.012972
5.069248
6.468790
6.276577
6.833932
6.213173
7.107125
7.366929
6.161785
6.515068
6.046623
5.656410
5.160352
6.248234
6.107317
5.507248
4.802591
4.932826
5.281029
4.528568
5.302088
4.624529
11.333207
10.482184
7.728090
7.295717
6.023676
6.972373
9.722495
10.994788
10.619119
8.473390
7.523974
7.264534
7.532537
8.603189
10.527392
10.404725
7.846122
7.452258
7.172333
6.268250
7.861898
9.938823
10.080327
8.627155
6.079856
6.651932
7.539402
7.943882
10.307055
10.994788
9.894984
7.781666
8.486820
7.959653
8.406343
10.745734
12.003245
11.390197
8.630100
8.957503
8.069056
8.240142
10.179412
11.704299
11.738456
10.388961
9.242326
8.717602
8.863349
8.660636
10.654897
10.978110
9.547791
8.300271
8.439610
8.687657
8.413277
10.136645
10.603156
9.434916
7.064357
6.348402
8.547853
8.725774
10.296382
11.059466
10.363738
8.248723
8.301085
8.986981
9.245778
9.878121
11.205655
10.804536
8.328707
8.523605
9.469213
9.263885
9.759166
10.818126
10.634313
8.513539
8.243540
7.465153
7.673542
9.157786
9.881806
10.227426
9.310567
8.594869
8.013687
6.670543
8.291187
8.950614
9.485793
8.570013
6.218119
5.729688
6.995096
7.886623
8.070004
9.443316
9.241786
7.811984
7.818946
8.220100
8.775670
8.640090
9.715100
9.780901
8.723894
7.996175
7.706509
7.158594
7.495182
8.685245
8.857428
7.443354
7.554136
7.658610
7.751952
7.310490
8.622771
9.191893
7.892257
7.493756
7.390862
6.625318
6.879577
6.353029
7.871098
7.395278
6.836833
7.486209
7.603160
6.839073
7.208997
7.455305
7.012972
5.069248
6.468790
6.276577
6.833932
6.213173
7.107125
7.366929
6.161785
6.515068
6.046623
5.656410
5.160352
6.248234
6.107317
5.507248
4.802591
4.932826
5.281029
4.528568
5.302088
4.624529
11.333207
10.482184
7.728090
7.295717
6.023676
6.972373
9.722495
10.994788
10.619119
8.473390
7.523974
7.264534
7.532537
8.603189
10.527392
10.404725
7.846122
7.452258
7.172333
6.268250
7.861898
9.938823
10.080327
8.627155
6.079856
6.651932
7.539402
7.943882
10.307055
10.994788
9.894984
7.781666
8.486820
7.959653
8.406343
10.745734
12.003245
11.390197
8.630100
8.957503
8.069056
8.240142
10.179412
11.704299
11.738456
10.388961
9.242326
8.717602
8.863349
8.660636
10.654897
10.978110
9.547791
8.300271
8.439610
8.687657
8.413277
10.136645
10.603156
9.434916
7.064357
6.348402
8.547853
8.725774
10.296382
11.059466
10.363738
8.248723
8.301085
8.986981
9.245778
9.878121
11.205655
10.804536
8.328707
8.523605
9.469213
9.263885
9.759166
10.818126
10.634313
8.513539
8.243540
7.465153
7.673542
9.157786
9.881806
10.227426
9.310567
8.594869
8.013687
6.670543
8.291187
8.950614
9.485793
8.570013
6.218119
5.729688
6.995096
7.886623
8.070004
9.443316
9.241786
7.811984
7.818946
8.220100
8.775670
8.640090
9.715100
9.780901
8.723894
7.996175
7.706509
7.158594
7.495182
8.685245
8.857428
7.443354
7.554136
7.658610
7.751952
7.310490
8.622771
9.191893
7.892257
7.493756
7.390862
6.625318
6.879577
6.353029
7.871098
7.395278
6.836833
7.486209
7.603160
6.839073
7.208997
7.455305
7.012972
5.069248
6.468790
6.276577
6.833932
6.213173
7.107125
7.366929
6.161785
6.515068
6.046623
5.656410
5.160352
6.248234
6.107317
5.507248
4.802591
4.932826
5.281029
4.528568
5.302088
4.624529
11.333207
10.482184
7.728090
7.295717
6.023676
6.972373
9.722495
10.994788
10.619119
8.473390
7.523974
7.264534
7.532537
8.603189
10.527392
10.404725
7.846122
7.452258
7.172333
6.268250
7.861898
9.938823
10.080327
8.627155
6.079856
6.651932
7.539402
7.943882
10.307055
10.994788
9.894984
7.781666
8.486820
7.959653
8.406343
10.745734
12.003245
11.390197
8.630100
8.957503
8.069056
8.240142
10.179412
11.704299
11.738456
10.388961
9.242326
8.717602
8.863349
8.660636
10.654897
10.978110
9.547791
8.300271
8.439610
8.687657
8.413277
10.136645
10.603156
9.434916
7.064357
6.348402
8.547853
8.725774
10.296382
11.059466
10.363738
8.248723
8.301085
8.986981
9.245778
9.878121
11.205655
10.804536
8.328707
8.523605
9.469213
9.263885
9.759166
10.818126
10.634313
8.513539
8.243540
7.465153
7.673542
9.157786
9.881806
10.227426
9.310567
8.594869
8.013687
6.670543
8.291187
8.950614
9.485793
8.570013
6.218119
5.729688
6.995096
7.886623
8.070004
9.443316
9.241786
7.811984
7.818946
8.220100
8.775670
8.640090
9.715100
9.780901
8.723894
7.996175
7.706509
7.158594
7.495182
8.685245
8.857428
7.443354
7.554136
7.658610
7.751952
7.310490
8.622771
9.191893
7.892257
7.493756
7.390862
6.625318
6.879577
6.353029
7.871098
7.395278
6.836833
7.486209
7.603160
6.839073
7.208997
7.455305
7.012972
5.069248
6.468790
6.276577
6.833932
6.213173
7.107125
7.366929
6.161785
6.515068
6.046623
5.656410
5.160352
6.248234
6.107317
5.507248
4.802591
4.932826
5.281029
4.528568
5.302088
4.624529
11.333207
10.482184
7.728090
7.295717
6.023676
6.972373
9.722495
10.994788
10.619119
8.473390
7.523974
7.264534
7.532537
8.603189
10.527392
10.404725
7.846122
7.452258
7.172333
6.268250
7.861898
9.938823
10.080327
8.627155
6.079856
6.651932
7.539402
7.943882
10.307055
10.994788
9.894984
7.781666
8.486820
7.959653
8.406343
10.745734
12.003245
11.390197
8.630100
8.957503
8.069056
8.240142
10.179412
11.704299
11.738456
10.388961
9.242326
8.717602
8.863349
8.660636
10.654897
10.978110
9.547791
8.300271
8.439610
8.687657
8.413277
10.136645
10.603156
9.434916
7.064357
6.348402
8.547853
8.725774
10.296382
11.059466
10.363738
8.248723
8.301085
8.986981
9.245778
9.878121
11.205655
10.804536
8.328707
8.523605
9.469213
9.263885
9.759166
10.818126
10.634313
8.513539
8.243540
7.465153
7.673542
9.157786
9.881806
10.227426
9.310567
8.594869
8.013687
6.670543
8.291187
8.950614
9.485793
8.570013
6.218119
5.729688
6.995096
7.886623
8.070004
9.443316
9.241786
7.811984
7.818946
8.220100
8.775670
8.640090
9.715100
9.780901
8.723894
7.996175
7.706509
7.158594
7.495182
8.685245
8.857428
7.443354
7.554136
7.658610
7.751952
7.310490
8.622771
9.191893
7.892257
7.493756
7.390862
6.625318
6.879577
6.353029
7.871098
7.395278
6.836833
7.486209
7.603160
6.839073
7.208997
7.455305
7.012972
5.069248
6.468790
6.276577
6.833932
6.213173
7.107125
7.366929
6.161785
6.515068
6.046623
5.656410
5.160352
6.248234
6.107317
5.507248
4.802591
4.932826
5.281029
4.528568
5.302088
4.624529
11.333207
10.482184
7.728090
7.295717
6.023676
6.972373
9.722495
10.994788
10.619119
8.473390
7.523974
7.264534
7.532537
8.603189
10.527392
10.404725
7.846122
7.452258
7.172333
6.268250
7.861898
9.938823
10.080327
8.627155
6.079856
6.651932
7.539402
7.943882
10.307055
10.994788
9.894984
7.781666
8.486820
7.959653
8.406343
10.745734
12.003245
11.390197
8.630100
8.957503
8.069056
8.240142
10.179412
11.704299
11.738456
10.388961
9.242326
8.717602
8.863349
8.660636
10.654897
10.978110
9.547791
8.300271
8.439610
8.687657
8.413277
10.136645
10.603156
9.434916
7.064357
6.348402
8.547853
8.725774
10.296382
11.059466
10.363738
8.248723
8.301085
8.986981
9.245778
9.878121
11.205655
10.804536
8.328707
8.523605
9.469213
9.263885
9.759166
10.818126
10.634313
8.513539
8.243540
7.465153
7.673542
9.157786
9.881806
10.227426
9.310567
8.594869
8.013687
6.670543
8.291187
8.950614
9.485793
8.570013
6.218119
5.729688
6.995096
7.886623
8.070004
9.443316
9.241786
7.811984
7.818946
8.220100
8.775670
8.640090
9.715100
9.780901
8.723894
7.996175
7.706509
7.158594
7.495182
8.685245
8.857428
7.443354
7.554136
7.658610
7.751952
7.310490
8.622771
9.191893
7.892257
7.493756
7.390862
6.625318
6.879577
6.353029
7.871098
7.395278
6.836833
7.486209
7.603160
6.839073
7.208997
7.455305
7.012972
5.069248
6.468790
6.276577
6.833932
6.213173
7.107125
7.366929
6.161785
6.515068
6.046623
5.656410
5.160352
6.248234
6.107317
5.507248
4.802591
4.932826
5.281029
4.528568
5.302088
4.624529
11.333207
10.482184
7.728090
7.295717
6.023676
6.972373
9.722495
10.994788
10.619119
8.473390
7.523974
7.264534
7.532537
8.603189
10.527392
10.404725
7.846122
7.452258
7.172333
6.268250
7.861898
9.938823
10.080327
8.627155
6.079856
6.651932
7.539402
7.943882
10.307055
10.994788
9.894984
7.781666
8.486820
7.959653
8.406343
10.745734
12.003245
11.390197
8.630100
8.957503
8.069056
8.240142
10.179412
11.704299
11.738456
10.388961
9.242326
8.717602
8.863349
8.660636
10.654897
10.978110
9.547791
8.300271
8.439610
8.687657
8.413277
10.136645
10.603156
9.434916
7.064357
6.348402
8.547853
8.725774
10.296382
11.059466
10.363738
8.248723
8.301085
8.986981
9.245778
9.878121
11.205655
10.804536
8.328707
8.523605
9.469213
9.263885
9.759166
10.818126
10.634313
8.513539
8.243540
7.465153
7.673542
9.157786
9.881806
10.227426
9.310567
8.594869
8.013687
6.670543
8.291187
8.950614
9.485793
8.570013
6.218119
5.729688
6.995096
7.886623
8.070004
9.443316
9.241786
7.811984
7.818946
8.220100
8.775670
8.640090
9.715100
9.780901
8.723894
7.996175
7.706509
7.158594
7.495182
8.685245
8.857428
7.443354
7.554136
7.658610
7.751952
7.310490
8.622771
9.191893
7.892257
7.493756
7.390862
6.625318
6.879577
6.353029
7.871098
7.395278
6.836833
7.486209
7.603160
6.839073
7.208997
7.455305
7.012972
5.069248
6.468790
6.276577
6.833932
6.213173
7.107125
7.366929
6.161785
6.515068
6.046623
5.656410
5.160352
6.248234
6.107317
5.507248
4.802591
4.932826
5.281029
4.528568
5.302088
4.624529
11.333207
10.482184
7.728090
7.295717
6.023676
6.972373
9.722495
10.994788
10.619119
8.473390
7.523974
7.264534
7.532537
8.603189
10.527392
10.404725
7.846122
7.452258
7.172333
6.268250
7.861898
9.938823
10.080327
8.627155
6.079856
6.651932
7.539402
7.943882
10.307055
10.994788
9.894984
7.781666
8.486820
7.959653
8.406343
10.745734
12.003245
11.390197
8.630100
8.957503
8.069056
8.240142
10.179412
11.704299
11.738456
10.388961
9.242326
8.717602
8.863349
8.660636
10.654897
10.978110
9.547791
8.300271
8.439610
8.687657
8.413277
10.136645
10.603156
9.434916
7.064357
6.348402
8.547853
8.725774
10.296382
11.059466
10.363738
8.248723
8.301085
8.986981
9.245778
9.878121
11.205655
10.804536
8.328707
8.523605
9.469213
9.263885
9.759166
10.818126
10.634313
8.513539
8.243540
7.465153
7.673542
9.157786
9.881806
10.227426
9.310567
8.594869
8.013687
6.670543
8.291187
8.950614
9.485793
8.570013
6.218119
5.729688
6.995096
7.886623
8.070004
9.443316
9.241786
7.811984
7.818946
8.220100
8.775670
8.640090
9.715100
9.780901
8.723894
7.996175
7.706509
7.158594
7.495182
8.685245
8.857428
7.443354
7.554136
7.658610
7.751952
7.310490
8.622771
9.191893
7.892257
7.493756
7.390862
6.625318
6.879577
6.353029
7.871098
7.395278
6.836833
7.486209
7.603160
6.839073
7.208997
7.455305
7.012972
5.069248
6.468790
6.276577
6.833932
6.213173
7.107125
7.366929
6.161785
6.515068
6.046623
5.656410
5.160352
6.248234
6.107317
5.507248
4.802591
4.932826
5.281029
4.528568
5.302088
4.624529
11.333207
10.482184
7.728090
7.295717
6.023676
6.972373
9.722495
10.994788
10.619119
8.473390
7.523974
7.264534
7.532537
8.603189
10.527392
10.404725
7.846122
7.452258
7.172333
6.268250
7.861898
9.938823
10.080327
8.627155
6.079856
6.651932
7.539402
7.943882
10.307055
10.994788
9.894984
7.781666
8.486820
7.959653
8.406343
10.745734
12.003245
11.390197
8.630100
8.957503
8.069056
8.240142
10.179412
11.704299
11.738456
10.388961
9.242326
8.717602
8.863349
8.660636
10.654897
10.978110
9.547791
8.300271
8.439610
8.687657
8.413277
10.136645
10.603156
9.434916
7.064357
6.348402
8.547853
8.725774
10.296382
11.059466
10.363738
8.248723
8.301085
8.986981
9.245778
9.878121
11.205655
10.804536
8.328707
8.523605
9.469213
9.263885
9.759166
10.818126
10.634313
8.513539
8.243540
7.465153
7.673542
9.157786
9.881806
10.227426
9.310567
8.594869
8.013687
6.670543
8.291187
8.950614
9.485793
8.570013
6.218119
5.729688
6.995096
7.886623
8.070004
9.443316
9.241786
7.811984
7.818946
8.220100
8.775670
8.640090
9.715100
9.780901
8.723894
7.996175
7.706509
7.158594
7.495182
8.685245
8.857428
7.443354
7.554136
7.658610
7.751952
7.310490
8.622771
9.191893
7.892257
7.493756
7.390862
6.625318
6.879577
6.353029
7.871098
7.395278
6.836833
7.486209
7.603160
6.839073
7.208997
7.455305
7.012972
5.069248
6.468790
6.276577
6.833932
6.213173
7.107125
7.366929
6.161785
6.515068
6.046623
5.656410
5.160352
6.248234
6.107317
5.507248
4.802591
4.932826
5.281029
4.528568
5.302088
4.624529
11.333207
10.482184
7.728090
7.295717
6.023676
6.972373
9.722495
10.994788
10.619119
8.473390
7.523974
7.264534
7.532537
8.603189
10.527392
10.404725
7.846122
7.452258
7.172333
6.268250
7.861898
9.938823
10.080327
8.627155
6.079856
6.651932
7.539402
7.943882
10.307055
10.994788
9.894984
7.781666
8.486820
7.959653
8.406343
10.745734
12.003245
11.390197
8.630100
8.957503
8.069056
8.240142
10.179412
11.704299
11.738456
10.388961
9.242326
8.717602
8.863349
8.660636
10.654897
10.978110
9.547791
8.300271
8.439610
8.687657
8.413277
10.136645
10.603156
9.434916
7.064357
6.348402
8.547853
8.725774
10.296382
11.059466
10.363738
8.248723
8.301085
8.986981
9.245778
9.878121
11.205655
10.804536
8.328707
8.523605
9.469213
9.263885
9.759166
10.818126
10.634313
8.513539
8.243540
7.465153
7.673542
9.157786
9.881806
10.227426
9.310567
8.594869
8.013687
6.670543
8.291187
8.950614
9.485793
8.570013
6.218119
5.729688
6.995096
7.886623
8.070004
9.443316
9.241786
7.811984
7.818946
8.220100
8.775670
8.640090
9.715100
9.780901
8.723894
7.996175
7.706509
7.158594
7.495182
8.685245
8.857428
7.443354
7.554136
7.658610
7.751952
7.310490
8.622771
9.191893
7.892257
7.493756
7.390862
6.625318
6.879577
6.353029
7.871098
7.395278
6.836833
7.486209
7.603160
6.839073
7.208997
7.455305
7.012972
5.069248
6.468790
6.276577
6.833932
6.213173
7.107125
7.366929
6.161785
6.515068
6.046623
5.656410
5.160352
6.248234
6.107317
5.507248
4.802591
4.932826
5.281029
4.528568
5.302088
4.624529
11.333207
10.482184
7.728090
7.295717
6.023676
6.972373
9.722495
10.994788
10.619119
8.473390
7.523974
7.264534
7.532537
8.603189
10.527392
10.404725
7.846122
7.452258
7.172333
6.268250
7.861898
9.938823
10.080327
8.627155
6.079856
6.651932
7.539402
7.943882
10.307055
10.994788
9.894984
7.781666
8.486820
7.959653
8.406343
10.745734
12.003245
11.390197
8.630100
8.957503
8.069056
8.240142
10.179412
11.704299
11.738456
10.388961
9.242326
8.717602
8.863349
8.660636
10.654897
10.978110
9.547791
8.300271
8.439610
8.687657
8.413277
10.136645
10.603156
9.434916
7.064357
6.348402
8.547853
8.725774
10.296382
11.059466
10.363738
8.248723
8.301085
8.986981
9.245778
9.878121
11.205655
10.804536
8.328707
8.523605
9.469213
9.263885
9.759166
10.818126
10.634313
8.513539
8.243540
7.465153
7.673542
9.157786
9.881806
10.227426
9.310567
8.594869
8.013687
6.670543
8.291187
8.950614
9.485793
8.570013
6.218119
5.729688
6.995096
7.886623
8.070004
9.443316
9.241786
7.811984
7.818946
8.220100
8.775670
8.640090
9.715100
9.780901
8.723894
7.996175
7.706509
7.158594
7.495182
8.685245
8.857428
7.443354
7.554136
7.658610
7.751952
7.310490
8.622771
9.191893
7.892257
7.493756
7.390862
6.625318
6.879577
6.353029
7.871098
7.395278
6.836833
7.486209
7.603160
6.839073
7.208997
7.455305
7.012972
5.069248
6.468790
6.276577
6.833932
6.213173
7.107125
7.366929
6.161785
6.515068
6.046623
5.656410
5.160352
6.248234
6.107317
5.507248
4.802591
4.932826
5.281029
4.528568
5.302088
4.624529
11.333207
10.482184
7.728090
7.295717
6.023676
6.972373
9.722495
10.994788
10.619119
8.473390
7.523974
7.264534
7.532537
8.603189
10.527392
10.404725
7.846122
7.452258
7.172333
6.268250
7.861898
9.938823
10.080327
8.627155
6.079856
6.651932
7.539402
7.943882
10.307055
10.994788
9.894984
7.781666
8.486820
7.959653
8.406343
10.745734
12.003245
11.390197
8.630100
8.957503
8.069056
8.240142
10.179412
11.704299
11.738456
10.388961
9.242326
8.717602
8.863349
8.660636
10.654897
10.978110
9.547791
8.300271
8.439610
8.687657
8.413277
10.136645
10.603156
9.434916
7.064357
6.348402
8.547853
8.725774
10.296382
11.059466
10.363738
8.248723
8.301085
8.986981
9.245778
9.878121
11.205655
10.804536
8.328707
8.523605
9.469213
9.263885
9.759166
10.818126
10.634313
8.513539
8.243540
7.465153
7.673542
9.157786
9.881806
10.227426
9.310567
8.594869
8.013687
6.670543
8.291187
8.950614
9.485793
8.570013
6.218119
5.729688
6.995096
7.886623
8.070004
9.443316
9.241786
7.811984
7.818946
8.220100
8.775670
8.640090
9.715100
9.780901
8.723894
7.996175
7.706509
7.158594
7.495182
8.685245
8.857428
7.443354
7.554136
7.658610
7.751952
7.310490
8.622771
9.191893
7.892257
7.493756
7.390862
6.625318
6.879577
6.353029
7.871098
7.395278
6.836833
7.486209
7.603160
6.839073
7.208997
7.455305
7.012972
5.069248
6.468790
6.276577
6.833932
6.213173
7.107125
7.366929
6.161785
6.515068
6.046623
5.656410
5.160352
6.248234
6.107317
5.507248
4.802591
4.932826
5.281029
4.528568
5.302088
4.624529
11.333207
10.482184
7.728090
7.295717
6.023676
6.972373
9.722495
10.994788
10.619119
8.473390
7.523974
7.264534
7.532537
8.603189
10.527392
10.404725
7.846122
7.452258
7.172333
6.268250
7.861898
9.938823
10.080327
8.627155
6.079856
6.651932
7.539402
7.943882
10.307055
10.994788
9.894984
7.781666
8.486820
7.959653
8.406343
10.745734
12.003245
11.390197
8.630100
8.957503
8.069056
8.240142
10.179412
11.704299
11.738456
10.388961
9.242326
8.717602
8.863349
8.660636
10.654897
10.978110
9.547791
8.300271
8.439610
8.687657
8.413277
10.136645
10.603156
9.434916
7.064357
6.348402
8.547853
8.725774
10.296382
11.059466
10.363738
8.248723
8.301085
8.986981
9.245778
9.878121
11.205655
10.804536
8.328707
8.523605
9.469213
9.263885
9.759166
10.818126
10.634313
8.513539
8.243540
7.465153
7.673542
9.157786
9.881806
10.227426
9.310567
8.594869
8.013687
6.670543
8.291187
8.950614
9.485793
8.570013
6.218119
5.729688
6.995096
7.886623
8.070004
9.443316
9.241786
7.811984
7.818946
8.220100
8.775670
8.640090
9.715100
9.780901
8.723894
7.996175
7.706509
7.158594
7.495182
8.685245
8.857428
7.443354
7.554136
7.658610
7.751952
7.310490
8.622771
9.191893
7.892257
7.493756
7.390862
6.625318
6.879577
6.353029
7.871098
7.395278
6.836833
7.486209
7.603160
6.839073
7.208997
7.455305
7.012972
5.069248
6.468790
6.276577
6.833932
6.213173
7.107125
7.366929
6.161785
6.515068
6.046623
5.656410
5.160352
6.248234
6.107317
5.507248
4.802591
4.932826
5.281029
4.528568
5.302088
4.624529
11.333207
10.482184
7.728090
7.295717
6.023676
6.972373
9.722495
10.994788
10.619119
8.473390
7.523974
7.264534
7.532537
8.603189
10.527392
10.404725
7.846122
7.452258
7.172333
6.268250
7.861898
9.938823
10.080327
8.627155
6.079856
6.651932
7.539402
7.943882
10.307055
10.994788
9.894984
7.781666
8.486820
7.959653
8.406343
10.745734
12.003245
11.390197
8.630100
8.957503
8.069056
8.240142
10.179412
11.704299
11.738456
10.388961
9.242326
8.717602
8.863349
8.660636
10.654897
10.978110
9.547791
8.300271
8.439610
8.687657
8.413277
10.136645
10.603156
9.434916
7.064357
6.348402
8.547853
8.725774
10.296382
11.059466
10.363738
8.248723
8.301085
8.986981
9.245778
9.878121
11.205655
10.804536
8.328707
8.523605
9.469213
9.263885
9.759166
10.818126
10.634313
8.513539
8.243540
7.465153
7.673542
9.157786
9.881806
10.227426
9.310567
8.594869
8.013687
6.670543
8.291187
8.950614
9.485793
8.570013
6.218119
5.729688
6.995096
7.886623
8.070004
9.443316
9.241786
7.811984
7.818946
8.220100
8.775670
8.640090
9.715100
9.780901
8.723894
7.996175
7.706509
7.158594
7.495182
8.685245
8.857428
7.443354
7.554136
7.658610
7.751952
7.310490
8.622771
9.191893
7.892257
7.493756
7.390862
6.625318
6.879577
6.353029
7.871098
7.395278
6.836833
7.486209
7.603160
6.839073
7.208997
7.455305
7.012972
5.069248
6.468790
6.276577
6.833932
6.213173
7.107125
7.366929
6.161785
6.515068
6.046623
5.656410
5.160352
6.248234
6.107317
5.507248
4.802591
4.932826
5.281029
4.528568
5.302088
4.624529
11.333207
10.482184
7.728090
7.295717
6.023676
6.972373
9.722495
10.994788
10.619119
8.473390
7.523974
7.264534
7.532537
8.603189
10.527392
10.404725
7.846122
7.452258
7.172333
6.268250
7.861898
9.938823
10.080327
8.627155
6.079856
6.651932
7.539402
7.943882
10.307055
10.994788
9.894984
7.781666
8.486820
7.959653
8.406343
10.745734
12.003245
11.390197
8.630100
8.957503
8.069056
8.240142
10.179412
11.704299
11.738456
10.388961
9.242326
8.717602
8.863349
8.660636
10.654897
10.978110
9.547791
8.300271
8.439610
8.687657
8.413277
10.136645
10.603156
9.434916
7.064357
6.348402
8.547853
8.725774
10.296382
11.059466
10.363738
8.248723
8.301085
8.986981
9.245778
9.878121
11.205655
10.804536
8.328707
8.523605
9.469213
9.263885
9.759166
10.818126
10.634313
8.513539
8.243540
7.465153
7.673542
9.157786
9.881806
10.227426
9.310567
8.594869
8.013687
6.670543
8.291187
8.950614
9.485793
8.570013
6.218119
5.729688
6.995096
7.886623
8.070004
9.443316
9.241786
7.811984
7.818946
8.220100
8.775670
8.640090
9.715100
9.780901
8.723894
7.996175
7.706509
7.158594
7.495182
8.685245
8.857428
7.443354
7.554136
7.658610
7.751952
7.310490
8.622771
9.191893
7.892257
7.493756
7.390862
6.625318
6.879577
6.353029
7.871098
7.395278
6.836833
7.486209
7.603160
6.839073
7.208997
7.455305
7.012972
5.069248
6.468790
6.276577
6.833932
6.213173
7.107125
7.366929
6.161785
6.515068
6.046623
5.656410
5.160352
6.248234
6.107317
5.507248
4.802591
4.932826
5.281029
4.528568
5.302088
4.624529
11.333207
10.482184
7.728090
7.295717
6.023676
6.972373
9.722495
10.994788
10.619119
8.473390
7.523974
7.264534
7.532537
8.603189
10.527392
10.404725
7.846122
7.452258
7.172333
6.268250
7.861898
9.938823
10.080327
8.627155
6.079856
6.651932
7.539402
7.943882
10.307055
10.994788
9.894984
7.781666
8.486820
7.959653
8.406343
10.745734
12.003245
11.390197
8.630100
8.957503
8.069056
8.240142
10.179412
11.704299
11.738456
10.388961
9.242326
8.717602
8.863349
8.660636
10.654897
10.978110
9.547791
8.300271
8.439610
8.687657
8.413277
10.136645
10.603156
9.434916
7.064357
6.348402
8.547853
8.725774
10.296382
11.059466
10.363738
8.248723
8.301085
8.986981
9.245778
9.878121
11.205655
10.804536
8.328707
8.523605
9.469213
9.263885
9.759166
10.818126
10.634313
8.513539
8.243540
7.465153
7.673542
9.157786
9.881806
10.227426
9.310567
8.594869
8.013687
6.670543
8.291187
8.950614
9.485793
8.570013
6.218119
5.729688
6.995096
7.886623
8.070004
9.443316
9.241786
7.811984
7.818946
8.220100
8.775670
8.640090
9.715100
9.780901
8.723894
7.996175
7.706509
7.158594
7.495182
8.685245
8.857428
7.443354
7.554136
7.658610
7.751952
7.310490
8.622771
9.191893
7.892257
7.493756
7.390862
6.625318
6.879577
6.353029
7.871098
7.395278
6.836833
7.486209
7.603160
6.839073
7.208997
7.455305
7.012972
5.069248
6.468790
6.276577
6.833932
6.213173
7.107125
7.366929
6.161785
6.515068
6.046623
5.656410
5.160352
6.248234
6.107317
5.507248
4.802591
4.932826
5.281029
4.528568
5.302088
4.624529
11.333207
10.482184
7.728090
7.295717
6.023676
6.972373
9.722495
10.994788
10.619119
8.473390
7.523974
7.264534
7.532537
8.603189
10.527392
10.404725
7.846122
7.452258
7.172333
6.268250
7.861898
9.938823
10.080327
8.627155
6.079856
6.651932
7.539402
7.943882
10.307055
10.994788
9.894984
7.781666
8.486820
7.959653
8.406343
10.745734
12.003245
11.390197
8.630100
8.957503
8.069056
8.240142
10.179412
11.704299
11.738456
10.388961
9.242326
8.717602
8.863349
8.660636
10.654897
10.978110
9.547791
8.300271
8.439610
8.687657
8.413277
10.136645
10.603156
9.434916
7.064357
6.348402
8.547853
8.725774
10.296382
11.059466
10.363738
8.248723
8.301085
8.986981
9.245778
9.878121
11.205655
10.804536
8.328707
8.523605
9.469213
9.263885
9.759166
10.818126
10.634313
8.513539
8.243540
7.465153
7.673542
9.157786
9.881806
10.227426
9.310567
8.594869
8.013687
6.670543
8.291187
8.950614
9.485793
8.570013
6.218119
5.729688
6.995096
7.886623
8.070004
9.443316
9.241786
7.811984
7.818946
8.220100
8.775670
8.640090
9.715100
9.780901
8.723894
7.996175
7.706509
7.158594
7.495182
8.685245
8.857428
7.443354
7.554136
7.658610
7.751952
7.310490
8.622771
9.191893
7.892257
7.493756
7.390862
6.625318
6.879577
6.353029
7.871098
7.395278
6.836833
7.486209
7.603160
6.839073
7.208997
7.455305
7.012972
5.069248
6.468790
6.276577
6.833932
6.213173
7.107125
7.366929
6.161785
6.515068
6.046623
5.656410
5.160352
6.248234
6.107317
5.507248
4.802591
4.932826
5.281029
4.528568
5.302088
4.624529
11.333207
10.482184
7.728090
7.295717
6.023676
6.972373
9.722495
10.994788
10.619119
8.473390
7.523974
7.264534
7.532537
8.603189
10.527392
10.404725
7.846122
7.452258
7.172333
6.268250
7.861898
9.938823
10.080327
8.627155
6.079856
6.651932
7.539402
7.943882
10.307055
10.994788
9.894984
7.781666
8.486820
7.959653
8.406343
10.745734
12.003245
11.390197
8.630100
8.957503
8.069056
8.240142
10.179412
11.704299
11.738456
10.388961
9.242326
8.717602
8.863349
8.660636
10.654897
10.978110
9.547791
8.300271
8.439610
8.687657
8.413277
10.136645
10.603156
9.434916
7.064357
6.348402
8.547853
8.725774
10.296382
11.059466
10.363738
8.248723
8.301085
8.986981
9.245778
9.878121
11.205655
10.804536
8.328707
8.523605
9.469213
9.263885
9.759166
10.818126
10.634313
8.513539
8.243540
7.465153
7.673542
9.157786
9.881806
10.227426
9.310567
8.594869
8.013687
6.670543
8.291187
8.950614
9.485793
8.570013
6.218119
5.729688
6.995096
7.886623
8.070004
9.443316
9.241786
7.811984
7.818946
8.220100
8.775670
8.640090
9.715100
9.780901
8.723894
7.996175
7.706509
7.158594
7.495182
8.685245
8.857428
7.443354
7.554136
7.658610
7.751952
7.310490
8.622771
9.191893
7.892257
7.493756
7.390862
6.625318
6.879577
6.353029
7.871098
7.395278
6.836833
7.486209
7.603160
6.839073
7.208997
7.455305
7.012972
5.069248
6.468790
6.276577
6.833932
6.213173
7.107125
7.366929
6.161785
6.515068
6.046623
5.656410
5.160352
6.248234
6.107317
5.507248
4.802591
4.932826
5.281029
4.528568
5.302088
4.624529
11.333207
10.482184
7.728090
7.295717
6.023676
6.972373
9.722495
10.994788
10.619119
8.473390
7.523974
7.264534
7.532537
8.603189
10.527392
10.404725
7.846122
7.452258
7.172333
6.268250
7.861898
9.938823
10.080327
8.627155
6.079856
6.651932
7.539402
7.943882
10.307055
10.994788
9.894984
7.781666
8.486820
7.959653
8.406343
10.745734
12.003245
11.390197
8.630100
8.957503
8.069056
8.240142
10.179412
11.704299
11.738456
10.388961
9.242326
8.717602
8.863349
8.660636
10.654897
10.978110
9.547791
8.300271
8.439610
8.687657
8.413277
10.136645
10.603156
9.434916
7.064357
6.348402
8.547853
8.725774
10.296382
11.059466
10.363738
8.248723
8.301085
8.986981
9.245778
9.878121
11.205655
10.804536
8.328707
8.523605
9.469213
9.263885
9.759166
10.818126
10.634313
8.513539
8.243540
7.465153
7.673542
9.157786
9.881806
10.227426
9.310567
8.594869
8.013687
6.670543
8.291187
8.950614
9.485793
8.570013
6.218119
5.729688
6.995096
7.886623
8.070004
9.443316
9.241786
7.811984
7.818946
8.220100
8.775670
8.640090
9.715100
9.780901
8.723894
7.996175
7.706509
7.158594
7.495182
8.685245
8.857428
7.443354
7.554136
7.658610
7.751952
7.310490
8.622771
9.191893
7.892257
7.493756
7.390862
6.625318
6.879577
6.353029
7.871098
7.395278
6.836833
7.486209
7.603160
6.839073
7.208997
7.455305
7.012972
5.069248
6.468790
6.276577
6.833932
6.213173
7.107125
7.366929
6.161785
6.515068
6.046623
5.656410
5.160352
6.248234
6.107317
5.507248
4.802591
4.932826
5.281029
4.528568
5.302088
4.624529
11.333207
10.482184
7.728090
7.295717
6.023676
6.972373
9.722495
10.994788
10.619119
8.473390
7.523974
7.264534
7.532537
8.603189
10.527392
10.404725
7.846122
7.452258
7.172333
6.268250
7.861898
9.938823
10.080327
8.627155
6.079856
6.651932
7.539402
7.943882
10.307055
10.994788
9.894984
7.781666
8.486820
7.959653
8.406343
10.745734
12.003245
11.390197
8.630100
8.957503
8.069056
8.240142
10.179412
11.704299
11.738456
10.388961
9.242326
8.717602
8.863349
8.660636
10.654897
10.978110
9.547791
8.300271
8.439610
8.687657
8.413277
10.136645
10.603156
9.434916
7.064357
6.348402
8.547853
8.725774
10.296382
11.059466
10.363738
8.248723
8.301085
8.986981
9.245778
9.878121
11.205655
10.804536
8.328707
8.523605
9.469213
9.263885
9.759166
10.818126
10.634313
8.513539
8.243540
7.465153
7.673542
9.157786
9.881806
10.227426
9.310567
8.594869
8.013687
6.670543
8.291187
8.950614
9.485793
8.570013
6.218119
5.729688
6.995096
7.886623
8.070004
9.443316
9.241786
7.811984
7.818946
8.220100
8.775670
8.640090
9.715100
9.780901
8.723894
7.996175
7.706509
7.158594
7.495182
8.685245
8.857428
7.443354
7.554136
7.658610
7.751952
7.310490
8.622771
9.191893
7.892257
7.493756
7.390862
6.625318
6.879577
6.353029
7.871098
7.395278
6.836833
7.486209
7.603160
6.839073
7.208997
7.455305
7.012972
5.069248
6.468790
6.276577
6.833932
6.213173
7.107125
7.366929
6.161785
6.515068
6.046623
5.656410
5.160352
6.248234
6.107317
5.507248
4.802591
4.932826
5.281029
4.528568
5.302088
4.624529
11.333207
10.482184
7.728090
7.295717
6.023676
6.972373
9.722495
10.994788
10.619119
8.473390
7.523974
7.264534
7.532537
8.603189
10.527392
10.404725
7.846122
7.452258
7.172333
6.268250
7.861898
9.938823
10.080327
8.627155
6.079856
6.651932
7.539402
7.943882
10.307055
10.994788
9.894984
7.781666
8.486820
7.959653
8.406343
10.745734
12.003245
11.390197
8.630100
8.957503
8.069056
8.240142
10.179412
11.704299
11.738456
10.388961
9.242326
8.717602
8.863349
8.660636
10.654897
10.978110
9.547791
8.300271
8.439610
8.687657
8.413277
10.136645
10.603156
9.434916
7.064357
6.348402
8.547853
8.725774
10.296382
11.059466
10.363738
8.248723
8.301085
8.986981
9.245778
9.878121
11.205655
10.804536
8.328707
8.523605
9.469213
9.263885
9.759166
10.818126
10.634313
8.513539
8.243540
7.465153
7.673542
9.157786
9.881806
10.227426
9.310567
8.594869
8.013687
6.670543
8.291187
8.950614
9.485793
8.570013
6.218119
5.729688
6.995096
7.886623
8.070004
9.443316
9.241786
7.811984
7.818946
8.220100
8.775670
8.640090
9.715100
9.780901
8.723894
7.996175
7.706509
7.158594
7.495182
8.685245
8.857428
7.443354
7.554136
7.658610
7.751952
7.310490
8.622771
9.191893
7.892257
7.493756
7.390862
6.625318
6.879577
6.353029
7.871098
7.395278
6.836833
7.486209
7.603160
6.839073
7.208997
7.455305
7.012972
5.069248
6.468790
6.276577
6.833932
6.213173
7.107125
7.366929
6.161785
6.515068
6.046623
5.656410
5.160352
6.248234
6.107317
5.507248
4.802591
4.932826
5.281029
4.528568
5.302088
4.624529
11.333207
10.482184
7.728090
7.295717
6.023676
6.972373
9.722495
10.994788
10.619119
8.473390
7.523974
7.264534
7.532537
8.603189
10.527392
10.404725
7.846122
7.452258
7.172333
6.268250
7.861898
9.938823
10.080327
8.627155
6.079856
6.651932
7.539402
7.943882
10.307055
10.994788
9.894984
7.781666
8.486820
7.959653
8.406343
10.745734
12.003245
11.390197
8.630100
8.957503
8.069056
8.240142
10.179412
11.704299
11.738456
10.388961
9.242326
8.717602
8.863349
8.660636
10.654897
10.978110
9.547791
8.300271
8.439610
8.687657
8.413277
10.136645
10.603156
9.434916
7.064357
6.348402
8.547853
8.725774
10.296382
11.059466
10.363738
8.248723
8.301085
8.986981
9.245778
9.878121
11.205655
10.804536
8.328707
8.523605
9.469213
9.263885
9.759166
10.818126
10.634313
8.513539
8.243540
7.465153
7.673542
9.157786
9.881806
10.227426
9.310567
8.594869
8.013687
6.670543
8.291187
8.950614
9.485793
8.570013
6.218119
5.729688
6.995096
7.886623
8.070004
9.443316
9.241786
7.811984
7.818946
8.220100
8.775670
8.640090
9.715100
9.780901
8.723894
7.996175
7.706509
7.158594
7.495182
8.685245
8.857428
7.443354
7.554136
7.658610
7.751952
7.310490
8.622771
9.191893
7.892257
7.493756
7.390862
6.625318
6.879577
6.353029
7.871098
7.395278
6.836833
7.486209
7.603160
6.839073
7.208997
7.455305
7.012972
5.069248
6.468790
6.276577
6.833932
6.213173
7.107125
7.366929
6.161785
6.515068
6.046623
5.656410
5.160352
6.248234
6.107317
5.507248
4.802591
4.932826
5.281029
4.528568
5.302088
4.624529
11.333207
10.482184
7.728090
7.295717
6.023676
6.972373
9.722495
10.994788
10.619119
8.473390
7.523974
7.264534
7.532537
8.603189
10.527392
10.404725
7.846122
7.452258
7.172333
6.268250
7.861898
9.938823
10.080327
8.627155
6.079856
6.651932
7.539402
7.943882
10.307055
10.994788
9.894984
7.781666
8.486820
7.959653
8.406343
10.745734
12.003245
11.390197
8.630100
8.957503
8.069056
8.240142
10.179412
11.704299
11.738456
10.388961
9.242326
8.717602
8.863349
8.660636
10.654897
10.978110
9.547791
8.300271
8.439610
8.687657
8.413277
10.136645
10.603156
9.434916
7.064357
6.348402
8.547853
8.725774
10.296382
11.059466
10.363738
8.248723
8.301085
8.986981
9.245778
9.878121
11.205655
10.804536
8.328707
8.523605
9.469213
9.263885
9.759166
10.818126
10.634313
8.513539
8.243540
7.465153
7.673542
9.157786
9.881806
10.227426
9.310567
8.594869
8.013687
6.670543
8.291187
8.950614
9.485793
8.570013
6.218119
5.729688
6.995096
7.886623
8.070004
9.443316
9.241786
7.811984
7.818946
8.220100
8.775670
8.640090
9.715100
9.780901
8.723894
7.996175
7.706509
7.158594
7.495182
8.685245
8.857428
7.443354
7.554136
7.658610
7.751952
7.310490
8.622771
9.191893
7.892257
7.493756
7.390862
6.625318
6.879577
6.353029
7.871098
7.395278
6.836833
7.486209
7.603160
6.839073
7.208997
7.455305
7.012972
5.069248
6.468790
6.276577
6.833932
6.213173
7.107125
7.366929
6.161785
6.515068
6.046623
5.656410
5.160352
6.248234
6.107317
5.507248
4.802591
4.932826
5.281029
4.528568
5.302088
4.624529
11.333207
10.482184
7.728090
7.295717
6.023676
6.972373
9.722495
10.994788
10.619119
8.473390
7.523974
7.264534
7.532537
8.603189
10.527392
10.404725
7.846122
7.452258
7.172333
6.268250
7.861898
9.938823
10.080327
8.627155
6.079856
6.651932
7.539402
7.943882
10.307055
10.994788
9.894984
7.781666
8.486820
7.959653
8.406343
10.745734
12.003245
11.390197
8.630100
8.957503
8.069056
8.240142
10.179412
11.704299
11.738456
10.388961
9.242326
8.717602
8.863349
8.660636
10.654897
10.978110
9.547791
8.300271
8.439610
8.687657
8.413277
10.136645
10.603156
9.434916
7.064357
6.348402
8.547853
8.725774
10.296382
11.059466
10.363738
8.248723
8.301085
8.986981
9.245778
9.878121
11.205655
10.804536
8.328707
8.523605
9.469213
9.263885
9.759166
10.818126
10.634313
8.513539
8.243540
7.465153
7.673542
9.157786
9.881806
10.227426
9.310567
8.594869
8.013687
6.670543
8.291187
8.950614
9.485793
8.570013
6.218119
5.729688
6.995096
7.886623
8.070004
9.443316
9.241786
7.811984
7.818946
8.220100
8.775670
8.640090
9.715100
9.780901
8.723894
7.996175
7.706509
7.158594
7.495182
8.685245
8.857428
7.443354
7.554136
7.658610
7.751952
7.310490
8.622771
9.191893
7.892257
7.493756
7.390862
6.625318
6.879577
6.353029
7.871098
7.395278
6.836833
7.486209
7.603160
6.839073
7.208997
7.455305
7.012972
5.069248
6.468790
6.276577
6.833932
6.213173
7.107125
7.366929
6.161785
6.515068
6.046623
5.656410
5.160352
6.248234
6.107317
5.507248
4.802591
4.932826
5.281029
4.528568
5.302088
4.624529
11.333207
10.482184
7.728090
7.295717
6.023676
6.972373
9.722495
10.994788
10.619119
8.473390
7.523974
7.264534
7.532537
8.603189
10.527392
10.404725
7.846122
7.452258
7.172333
6.268250
7.861898
9.938823
10.080327
8.627155
6.079856
6.651932
7.539402
7.943882
10.307055
10.994788
9.894984
7.781666
8.486820
7.959653
8.406343
10.745734
12.003245
11.390197
8.630100
8.957503
8.069056
8.240142
10.179412
11.704299
11.738456
10.388961
9.242326
8.717602
8.863349
8.660636
10.654897
10.978110
9.547791
8.300271
8.439610
8.687657
8.413277
10.136645
10.603156
9.434916
7.064357
6.348402
8.547853
8.725774
10.296382
11.059466
10.363738
8.248723
8.301085
8.986981
9.245778
9.878121
11.205655
10.804536
8.328707
8.523605
9.469213
9.263885
9.759166
10.818126
10.634313
8.513539
8.243540
7.465153
7.673542
9.157786
9.881806
10.227426
9.310567
8.594869
8.013687
6.670543
8.291187
8.950614
9.485793
8.570013
6.218119
5.729688
6.995096
7.886623
8.070004
9.443316
9.241786
7.811984
7.818946
8.220100
8.775670
8.640090
9.715100
9.780901
8.723894
7.996175
7.706509
7.158594
7.495182
8.685245
8.857428
7.443354
7.554136
7.658610
7.751952
7.310490
8.622771
9.191893
7.892257
7.493756
7.390862
6.625318
6.879577
6.353029
7.871098
7.395278
6.836833
7.486209
7.603160
6.839073
7.208997
7.455305
7.012972
5.069248
6.468790
6.276577
6.833932
6.213173
7.107125
7.366929
6.161785
6.515068
6.046623
5.656410
5.160352
6.248234
6.107317
5.507248
4.802591
4.932826
5.281029
4.528568
5.302088
4.624529
11.333207
10.482184
7.728090
7.295717
6.023676
6.972373
9.722495
10.994788
10.619119
8.473390
7.523974
7.264534
7.532537
8.603189
10.527392
10.404725
7.846122
7.452258
7.172333
6.268250
7.861898
9.938823
10.080327
8.627155
6.079856
6.651932
7.539402
7.943882
10.307055
10.994788
9.894984
7.781666
8.486820
7.959653
8.406343
10.745734
12.003245
11.390197
8.630100
8.957503
8.069056
8.240142
10.179412
11.704299
11.738456
10.388961
9.242326
8.717602
8.863349
8.660636
10.654897
10.978110
9.547791
8.300271
8.439610
8.687657
8.413277
10.136645
10.603156
9.434916
7.064357
6.348402
8.547853
8.725774
10.296382
11.059466
10.363738
8.248723
8.301085
8.986981
9.245778
9.878121
11.205655
10.804536
8.328707
8.523605
9.469213
9.263885
9.759166
10.818126
10.634313
8.513539
8.243540
7.465153
7.673542
9.157786
9.881806
10.227426
9.310567
8.594869
8.013687
6.670543
8.291187
8.950614
9.485793
8.570013
6.218119
5.729688
6.995096
7.886623
8.070004
9.443316
9.241786
7.811984
7.818946
8.220100
8.775670
8.640090
9.715100
9.780901
8.723894
7.996175
7.706509
7.158594
7.495182
8.685245
8.857428
7.443354
7.554136
7.658610
7.751952
7.310490
8.622771
9.191893
7.892257
7.493756
7.390862
6.625318
6.879577
6.353029
7.871098
7.395278
6.836833
7.486209
7.603160
6.839073
7.208997
7.455305
7.012972
5.069248
6.468790
6.276577
6.833932
6.213173
7.107125
7.366929
6.161785
6.515068
6.046623
5.656410
5.160352
6.248234
6.107317
5.507248
4.802591
4.932826
5.281029
4.528568
5.302088
4.624529
11.333207
10.482184
7.728090
7.295717
6.023676
6.972373
9.722495
10.994788
10.619119
8.473390
7.523974
7.264534
7.532537
8.603189
10.527392
10.404725
7.846122
7.452258
7.172333
6.268250
7.861898
9.938823
10.080327
8.627155
6.079856
6.651932
7.539402
7.943882
10.307055
10.994788
9.894984
7.781666
8.486820
7.959653
8.406343
10.745734
12.003245
11.390197
8.630100
8.957503
8.069056
8.240142
10.179412
11.704299
11.738456
10.388961
9.242326
8.717602
8.863349
8.660636
10.654897
10.978110
9.547791
8.300271
8.439610
8.687657
8.413277
10.136645
10.603156
9.434916
7.064357
6.348402
8.547853
8.725774
10.296382
11.059466
10.363738
8.248723
8.301085
8.986981
9.245778
9.878121
11.205655
10.804536
8.328707
8.523605
9.469213
9.263885
9.759166
10.818126
10.634313
8.513539
8.243540
7.465153
7.673542
9.157786
9.881806
10.227426
9.310567
8.594869
8.013687
6.670543
8.291187
8.950614
9.485793
8.570013
6.218119
5.729688
6.995096
7.886623
8.070004
9.443316
9.241786
7.811984
7.818946
8.220100
8.775670
8.640090
9.715100
9.780901
8.723894
7.996175
7.706509
7.158594
7.495182
8.685245
8.857428
7.443354
7.554136
7.658610
7.751952
7.310490
8.622771
9.191893
7.892257
7.493756
7.390862
6.625318
6.879577
6.353029
7.871098
7.395278
6.836833
7.486209
7.603160
6.839073
7.208997
7.455305
7.012972
5.069248
6.468790
6.276577
6.833932
6.213173
7.107125
7.366929
6.161785
6.515068
6.046623
5.656410
5.160352
6.248234
6.107317
5.507248
4.802591
4.932826
5.281029
4.528568
5.302088
4.624529
11.333207
10.482184
7.728090
7.295717
6.023676
6.972373
9.722495
10.994788
10.619119
8.473390
7.523974
7.264534
7.532537
8.603189
10.527392
10.404725
7.846122
7.452258
7.172333
6.268250
7.861898
9.938823
10.080327
8.627155
6.079856
6.651932
7.539402
7.943882
10.307055
10.994788
9.894984
7.781666
8.486820
7.959653
8.406343
10.745734
12.003245
11.390197
8.630100
8.957503
8.069056
8.240142
10.179412
11.704299
11.738456
10.388961
9.242326
8.717602
8.863349
8.660636
10.654897
10.978110
9.547791
8.300271
8.439610
8.687657
8.413277
10.136645
10.603156
9.434916
7.064357
6.348402
8.547853
8.725774
10.296382
11.059466
10.363738
8.248723
8.301085
8.986981
9.245778
9.878121
11.205655
10.804536
8.328707
8.523605
9.469213
9.263885
9.759166
10.818126
10.634313
8.513539
8.243540
7.465153
7.673542
9.157786
9.881806
10.227426
9.310567
8.594869
8.013687
6.670543
8.291187
8.950614
9.485793
8.570013
6.218119
5.729688
6.995096
7.886623
8.070004
9.443316
9.241786
7.811984
7.818946
8.220100
8.775670
8.640090
9.715100
9.780901
8.723894
7.996175
7.706509
7.158594
7.495182
8.685245
8.857428
7.443354
7.554136
7.658610
7.751952
7.310490
8.622771
9.191893
7.892257
7.493756
7.390862
6.625318
6.879577
6.353029
7.871098
7.395278
6.836833
7.486209
7.603160
6.839073
7.208997
7.455305
7.012972
5.069248
6.468790
6.276577
6.833932
6.213173
7.107125
7.366929
6.161785
6.515068
6.046623
5.656410
5.160352
6.248234
6.107317
5.507248
4.802591
4.932826
5.281029
4.528568
5.302088
4.624529
11.333207
10.482184
7.728090
7.295717
6.023676
6.972373
9.722495
10.994788
10.619119
8.473390
7.523974
7.264534
7.532537
8.603189
10.527392
10.404725
7.846122
7.452258
7.172333
6.268250
7.861898
9.938823
10.080327
8.627155
6.079856
6.651932
7.539402
7.943882
10.307055
10.994788
9.894984
7.781666
8.486820
7.959653
8.406343
10.745734
12.003245
11.390197
8.630100
8.957503
8.069056
8.240142
10.179412
11.704299
11.738456
10.388961
9.242326
8.717602
8.863349
8.660636
10.654897
10.978110
9.547791
8.300271
8.439610
8.687657
8.413277
10.136645
10.603156
9.434916
7.064357
6.348402
8.547853
8.725774
10.296382
11.059466
10.363738
8.248723
8.301085
8.986981
9.245778
9.878121
11.205655
10.804536
8.328707
8.523605
9.469213
9.263885
9.759166
10.818126
10.634313
8.513539
8.243540
7.465153
7.673542
9.157786
9.881806
10.227426
9.310567
8.594869
8.013687
6.670543
8.291187
8.950614
9.485793
8.570013
6.218119
5.729688
6.995096
7.886623
8.070004
9.443316
9.241786
7.811984
7.818946
8.220100
8.775670
8.640090
9.715100
9.780901
8.723894
7.996175
7.706509
7.158594
7.495182
8.685245
8.857428
7.443354
7.554136
7.658610
7.751952
7.310490
8.622771
9.191893
7.892257
7.493756
7.390862
6.625318
6.879577
6.353029
7.871098
7.395278
6.836833
7.486209
7.603160
6.839073
7.208997
7.455305
7.012972
5.069248
6.468790
6.276577
6.833932
6.213173
7.107125
7.366929
6.161785
6.515068
6.046623
5.656410
5.160352
6.248234
6.107317
5.507248
4.802591
4.932826
5.281029
4.528568
5.302088
4.624529
11.333207
10.482184
7.728090
7.295717
6.023676
6.972373
9.722495
10.994788
10.619119
8.473390
7.523974
7.264534
7.532537
8.603189
10.527392
10.404725
7.846122
7.452258
7.172333
6.268250
7.861898
9.938823
10.080327
8.627155
6.079856
6.651932
7.539402
7.943882
10.307055
10.994788
9.894984
7.781666
8.486820
7.959653
8.406343
10.745734
12.003245
11.390197
8.630100
8.957503
8.069056
8.240142
10.179412
11.704299
11.738456
10.388961
9.242326
8.717602
8.863349
8.660636
10.654897
10.978110
9.547791
8.300271
8.439610
8.687657
8.413277
10.136645
10.603156
9.434916
7.064357
6.348402
8.547853
8.725774
10.296382
11.059466
10.363738
8.248723
8.301085
8.986981
9.245778
9.878121
11.205655
10.804536
8.328707
8.523605
9.469213
9.263885
9.759166
10.818126
10.634313
8.513539
8.243540
7.465153
7.673542
9.157786
9.881806
10.227426
9.310567
8.594869
8.013687
6.670543
8.291187
8.950614
9.485793
8.570013
6.218119
5.729688
6.995096
7.886623
8.070004
9.443316
9.241786
7.811984
7.818946
8.220100
8.775670
8.640090
9.715100
9.780901
8.723894
7.996175
7.706509
7.158594
7.495182
8.685245
8.857428
7.443354
7.554136
7.658610
7.751952
7.310490
8.622771
9.191893
7.892257
7.493756
7.390862
6.625318
6.879577
6.353029
7.871098
7.395278
6.836833
7.486209
7.603160
6.839073
7.208997
7.455305
7.012972
5.069248
6.468790
6.276577
6.833932
6.213173
7.107125
7.366929
6.161785
6.515068
6.046623
5.656410
5.160352
6.248234
6.107317
5.507248
4.802591
4.932826
5.281029
4.528568
5.302088
4.624529
11.333207
10.482184
7.728090
7.295717
6.023676
6.972373
9.722495
10.994788
10.619119
8.473390
7.523974
7.264534
7.532537
8.603189
10.527392
10.404725
7.846122
7.452258
7.172333
6.268250
7.861898
9.938823
10.080327
8.627155
6.079856
6.651932
7.539402
7.943882
10.307055
10.994788
9.894984
7.781666
8.486820
7.959653
8.406343
10.745734
12.003245
11.390197
8.630100
8.957503
8.069056
8.240142
10.179412
11.704299
11.738456
10.388961
9.242326
8.717602
8.863349
8.660636
10.654897
10.978110
9.547791
8.300271
8.439610
8.687657
8.413277
10.136645
10.603156
9.434916
7.064357
6.348402
8.547853
8.725774
10.296382
11.059466
10.363738
8.248723
8.301085
8.986981
9.245778
9.878121
11.205655
10.804536
8.328707
8.523605
9.469213
9.263885
9.759166
10.818126
10.634313
8.513539
8.243540
7.465153
7.673542
9.157786
9.881806
10.227426
9.310567
8.594869
8.013687
6.670543
8.291187
8.950614
9.485793
8.570013
6.218119
5.729688
6.995096
7.886623
8.070004
9.443316
9.241786
7.811984
7.818946
8.220100
8.775670
8.640090
9.715100
9.780901
8.723894
7.996175
7.706509
7.158594
7.495182
8.685245
8.857428
7.443354
7.554136
7.658610
7.751952
7.310490
8.622771
9.191893
7.892257
7.493756
7.390862
6.625318
6.879577
6.353029
7.871098
7.395278
6.836833
7.486209
7.603160
6.839073
7.208997
7.455305
7.012972
5.069248
6.468790
6.276577
6.833932
6.213173
7.107125
7.366929
6.161785
6.515068
6.046623
5.656410
5.160352
6.248234
6.107317
5.507248
4.802591
4.932826
5.281029
4.528568
5.302088
4.624529
11.333207
10.482184
7.728090
7.295717
6.023676
6.972373
9.722495
10.994788
10.619119
8.473390
7.523974
7.264534
7.532537
8.603189
10.527392
10.404725
7.846122
7.452258
7.172333
6.268250
7.861898
9.938823
10.080327
8.627155
6.079856
6.651932
7.539402
7.943882
10.307055
10.994788
9.894984
7.781666
8.486820
7.959653
8.406343
10.745734
12.003245
11.390197
8.630100
8.957503
8.069056
8.240142
10.179412
11.704299
11.738456
10.388961
9.242326
8.717602
8.863349
8.660636
10.654897
10.978110
9.547791
8.300271
8.439610
8.687657
8.413277
10.136645
10.603156
9.434916
7.064357
6.348402
8.547853
8.725774
10.296382
11.059466
10.363738
8.248723
8.301085
8.986981
9.245778
9.878121
11.205655
10.804536
8.328707
8.523605
9.469213
9.263885
9.759166
10.818126
10.634313
8.513539
8.243540
7.465153
7.673542
9.157786
9.881806
10.227426
9.310567
8.594869
8.013687
6.670543
8.291187
8.950614
9.485793
8.570013
6.218119
5.729688
6.995096
7.886623
8.070004
9.443316
9.241786
7.811984
7.818946
8.220100
8.775670
8.640090
9.715100
9.780901
8.723894
7.996175
7.706509
7.158594
7.495182
8.685245
8.857428
7.443354
7.554136
7.658610
7.751952
7.310490
8.622771
9.191893
7.892257
7.493756
7.390862
6.625318
6.879577
6.353029
7.871098
7.395278
6.836833
7.486209
7.603160
6.839073
7.208997
7.455305
7.012972
5.069248
6.468790
6.276577
6.833932
6.213173
7.107125
7.366929
6.161785
6.515068
6.046623
5.656410
5.160352
6.248234
6.107317
5.507248
4.802591
4.932826
5.281029
4.528568
5.302088
4.624529
11.333207
10.482184
7.728090
7.295717
6.023676
6.972373
9.722495
10.994788
10.619119
8.473390
7.523974
7.264534
7.532537
8.603189
10.527392
10.404725
7.846122
7.452258
7.172333
6.268250
7.861898
9.938823
10.080327
8.627155
6.079856
6.651932
7.539402
7.943882
10.307055
10.994788
9.894984
7.781666
8.486820
7.959653
8.406343
10.745734
12.003245
11.390197
8.630100
8.957503
8.069056
8.240142
10.179412
11.704299
11.738456
10.388961
9.242326
8.717602
8.863349
8.660636
10.654897
10.978110
9.547791
8.300271
8.439610
8.687657
8.413277
10.136645
10.603156
9.434916
7.064357
6.348402
8.547853
8.725774
10.296382
11.059466
10.363738
8.248723
8.301085
8.986981
9.245778
9.878121
11.205655
10.804536
8.328707
8.523605
9.469213
9.263885
9.759166
10.818126
10.634313
8.513539
8.243540
7.465153
7.673542
9.157786
9.881806
10.227426
9.310567
8.594869
8.013687
6.670543
8.291187
8.950614
9.485793
8.570013
6.218119
5.729688
6.995096
7.886623
8.070004
9.443316
9.241786
7.811984
7.818946
8.220100
8.775670
8.640090
9.715100
9.780901
8.723894
7.996175
7.706509
7.158594
7.495182
8.685245
8.857428
7.443354
7.554136
7.658610
7.751952
7.310490
8.622771
9.191893
7.892257
7.493756
7.390862
6.625318
6.879577
6.353029
7.871098
7.395278
6.836833
7.486209
7.603160
6.839073
7.208997
7.455305
7.012972
5.069248
6.468790
6.276577
6.833932
6.213173
7.107125
7.366929
6.161785
6.515068
6.046623
5.656410
5.160352
6.248234
6.107317
5.507248
4.802591
4.932826
5.281029
4.528568
5.302088
4.624529
11.333207
10.482184
7.728090
7.295717
6.023676
6.972373
9.722495
10.994788
10.619119
8.473390
7.523974
7.264534
7.532537
8.603189
10.527392
10.404725
7.846122
7.452258
7.172333
6.268250
7.861898
9.938823
10.080327
8.627155
6.079856
6.651932
7.539402
7.943882
10.307055
10.994788
9.894984
7.781666
8.486820
7.959653
8.406343
10.745734
12.003245
11.390197
8.630100
8.957503
8.069056
8.240142
10.179412
11.704299
11.738456
10.388961
9.242326
8.717602
8.863349
8.660636
10.654897
10.978110
9.547791
8.300271
8.439610
8.687657
8.413277
10.136645
10.603156
9.434916
7.064357
6.348402
8.547853
8.725774
10.296382
11.059466
10.363738
8.248723
8.301085
8.986981
9.245778
9.878121
11.205655
10.804536
8.328707
8.523605
9.469213
9.263885
9.759166
10.818126
10.634313
8.513539
8.243540
7.465153
7.673542
9.157786
9.881806
10.227426
9.310567
8.594869
8.013687
6.670543
8.291187
8.950614
9.485793
8.570013
6.218119
5.729688
6.995096
7.886623
8.070004
9.443316
9.241786
7.811984
7.818946
8.220100
8.775670
8.640090
9.715100
9.780901
8.723894
7.996175
7.706509
7.158594
7.495182
8.685245
8.857428
7.443354
7.554136
7.658610
7.751952
7.310490
8.622771
9.191893
7.892257
7.493756
7.390862
6.625318
6.879577
6.353029
7.871098
7.395278
6.836833
7.486209
7.603160
6.839073
7.208997
7.455305
7.012972
5.069248
6.468790
6.276577
6.833932
6.213173
7.107125
7.366929
6.161785
6.515068
6.046623
5.656410
5.160352
6.248234
6.107317
5.507248
4.802591
4.932826
5.281029
4.528568
5.302088
4.624529
11.333207
10.482184
7.728090
7.295717
6.023676
6.972373
9.722495
10.994788
10.619119
8.473390
7.523974
7.264534
7.532537
8.603189
10.527392
10.404725
7.846122
7.452258
7.172333
6.268250
7.861898
9.938823
10.080327
8.627155
6.079856
6.651932
7.539402
7.943882
10.307055
10.994788
9.894984
7.781666
8.486820
7.959653
8.406343
10.745734
12.003245
11.390197
8.630100
8.957503
8.069056
8.240142
10.179412
11.704299
11.738456
10.388961
9.242326
8.717602
8.863349
8.660636
10.654897
10.978110
9.547791
8.300271
8.439610
8.687657
8.413277
10.136645
10.603156
9.434916
7.064357
6.348402
8.547853
8.725774
10.296382
11.059466
10.363738
8.248723
8.301085
8.986981
9.245778
9.878121
11.205655
10.804536
8.328707
8.523605
9.469213
9.263885
9.759166
10.818126
10.634313
8.513539
8.243540
7.465153
7.673542
9.157786
9.881806
10.227426
9.310567
8.594869
8.013687
6.670543
8.291187
8.950614
9.485793
8.570013
6.218119
5.729688
6.995096
7.886623
8.070004
9.443316
9.241786
7.811984
7.818946
8.220100
8.775670
8.640090
9.715100
9.780901
8.723894
7.996175
7.706509
7.158594
7.495182
8.685245
8.857428
7.443354
7.554136
7.658610
7.751952
7.310490
8.622771
9.191893
7.892257
7.493756
7.390862
6.625318
6.879577
6.353029
7.871098
7.395278
6.836833
7.486209
7.603160
6.839073
7.208997
7.455305
7.012972
5.069248
6.468790
6.276577
6.833932
6.213173
7.107125
7.366929
6.161785
6.515068
6.046623
5.656410
5.160352
6.248234
6.107317
5.507248
4.802591
4.932826
5.281029
4.528568
5.302088
4.624529
11.333207
10.482184
7.728090
7.295717
6.023676
6.972373
9.722495
10.994788
10.619119
8.473390
7.523974
7.264534
7.532537
8.603189
10.527392
10.404725
7.846122
7.452258
7.172333
6.268250
7.861898
9.938823
10.080327
8.627155
6.079856
6.651932
7.539402
7.943882
10.307055
10.994788
9.894984
7.781666
8.486820
7.959653
8.406343
10.745734
12.003245
11.390197
8.630100
8.957503
8.069056
8.240142
10.179412
11.704299
11.738456
10.388961
9.242326
8.717602
8.863349
8.660636
10.654897
10.978110
9.547791
8.300271
8.439610
8.687657
8.413277
10.136645
10.603156
9.434916
7.064357
6.348402
8.547853
8.725774
10.296382
11.059466
10.363738
8.248723
8.301085
8.986981
9.245778
9.878121
11.205655
10.804536
8.328707
8.523605
9.469213
9.263885
9.759166
10.818126
10.634313
8.513539
8.243540
7.465153
7.673542
9.157786
9.881806
10.227426
9.310567
8.594869
8.013687
6.670543
8.291187
8.950614
9.485793
8.570013
6.218119
5.729688
6.995096
7.886623
8.070004
9.443316
9.241786
7.811984
7.818946
8.220100
8.775670
8.640090
9.715100
9.780901
8.723894
7.996175
7.706509
7.158594
7.495182
8.685245
8.857428
7.443354
7.554136
7.658610
7.751952
7.310490
8.622771
9.191893
7.892257
7.493756
7.390862
6.625318
6.879577
6.353029
7.871098
7.395278
6.836833
7.486209
7.603160
6.839073
7.208997
7.455305
7.012972
5.069248
6.468790
6.276577
6.833932
6.213173
7.107125
7.366929
6.161785
6.515068
6.046623
5.656410
5.160352
6.248234
6.107317
5.507248
4.802591
4.932826
5.281029
4.528568
5.302088
4.624529
11.333207
10.482184
7.728090
7.295717
6.023676
6.972373
9.722495
10.994788
10.619119
8.473390
7.523974
7.264534
7.532537
8.603189
10.527392
10.404725
7.846122
7.452258
7.172333
6.268250
7.861898
9.938823
10.080327
8.627155
6.079856
6.651932
7.539402
7.943882
10.307055
10.994788
9.894984
7.781666
8.486820
7.959653
8.406343
10.745734
12.003245
11.390197
8.630100
8.957503
8.069056
8.240142
10.179412
11.704299
11.738456
10.388961
9.242326
8.717602
8.863349
8.660636
10.654897
10.978110
9.547791
8.300271
8.439610
8.687657
8.413277
10.136645
10.603156
9.434916
7.064357
6.348402
8.547853
8.725774
10.296382
11.059466
10.363738
8.248723
8.301085
8.986981
9.245778
9.878121
11.205655
10.804536
8.328707
8.523605
9.469213
9.263885
9.759166
10.818126
10.634313
8.513539
8.243540
7.465153
7.673542
9.157786
9.881806
10.227426
9.310567
8.594869
8.013687
6.670543
8.291187
8.950614
9.485793
8.570013
6.218119
5.729688
6.995096
7.886623
8.070004
9.443316
9.241786
7.811984
7.818946
8.220100
8.775670
8.640090
9.715100
9.780901
8.723894
7.996175
7.706509
7.158594
7.495182
8.685245
8.857428
7.443354
7.554136
7.658610
7.751952
7.310490
8.622771
9.191893
7.892257
7.493756
7.390862
6.625318
6.879577
6.353029
7.871098
7.395278
6.836833
7.486209
7.603160
6.839073
7.208997
7.455305
7.012972
5.069248
6.468790
6.276577
6.833932
6.213173
7.107125
7.366929
6.161785
6.515068
6.046623
5.656410
5.160352
6.248234
6.107317
5.507248
4.802591
4.932826
5.281029
4.528568
5.302088
4.624529
11.333207
10.482184
7.728090
7.295717
6.023676
6.972373
9.722495
10.994788
10.619119
8.473390
7.523974
7.264534
7.532537
8.603189
10.527392
10.404725
7.846122
7.452258
7.172333
6.268250
7.861898
9.938823
10.080327
8.627155
6.079856
6.651932
7.539402
7.943882
10.307055
10.994788
9.894984
7.781666
8.486820
7.959653
8.406343
10.745734
12.003245
11.390197
8.630100
8.957503
8.069056
8.240142
10.179412
11.704299
11.738456
10.388961
9.242326
8.717602
8.863349
8.660636
10.654897
10.978110
9.547791
8.300271
8.439610
8.687657
8.413277
10.136645
10.603156
9.434916
7.064357
6.348402
8.547853
8.725774
10.296382
11.059466
10.363738
8.248723
8.301085
8.986981
9.245778
9.878121
11.205655
10.804536
8.328707
8.523605
9.469213
9.263885
9.759166
10.818126
10.634313
8.513539
8.243540
7.465153
7.673542
9.157786
9.881806
10.227426
9.310567
8.594869
8.013687
6.670543
8.291187
8.950614
9.485793
8.570013
6.218119
5.729688
6.995096
7.886623
8.070004
9.443316
9.241786
7.811984
7.818946
8.220100
8.775670
8.640090
9.715100
9.780901
8.723894
7.996175
7.706509
7.158594
7.495182
8.685245
8.857428
7.443354
7.554136
7.658610
7.751952
7.310490
8.622771
9.191893
7.892257
7.493756
7.390862
6.625318
6.879577
6.353029
7.871098
7.395278
6.836833
7.486209
7.603160
6.839073
7.208997
7.455305
7.012972
5.069248
6.468790
6.276577
6.833932
6.213173
7.107125
7.366929
6.161785
6.515068
6.046623
5.656410
5.160352
6.248234
6.107317
5.507248
4.802591
4.932826
5.281029
4.528568
5.302088
4.624529
11.333207
10.482184
7.728090
7.295717
6.023676
6.972373
9.722495
10.994788
10.619119
8.473390
7.523974
7.264534
7.532537
8.603189
10.527392
10.404725
7.846122
7.452258
7.172333
6.268250
7.861898
9.938823
10.080327
8.627155
6.079856
6.651932
7.539402
7.943882
10.307055
10.994788
9.894984
7.781666
8.486820
7.959653
8.406343
10.745734
12.003245
11.390197
8.630100
8.957503
8.069056
8.240142
10.179412
11.704299
11.738456
10.388961
9.242326
8.717602
8.863349
8.660636
10.654897
10.978110
9.547791
8.300271
8.439610
8.687657
8.413277
10.136645
10.603156
9.434916
7.064357
6.348402
8.547853
8.725774
10.296382
11.059466
10.363738
8.248723
8.301085
8.986981
9.245778
9.878121
11.205655
10.804536
8.328707
8.523605
9.469213
9.263885
9.759166
10.818126
10.634313
8.513539
8.243540
7.465153
7.673542
9.157786
9.881806
10.227426
9.310567
8.594869
8.013687
6.670543
8.291187
8.950614
9.485793
8.570013
6.218119
5.729688
6.995096
7.886623
8.070004
9.443316
9.241786
7.811984
7.818946
8.220100
8.775670
8.640090
9.715100
9.780901
8.723894
7.996175
7.706509
7.158594
7.495182
8.685245
8.857428
7.443354
7.554136
7.658610
7.751952
7.310490
8.622771
9.191893
7.892257
7.493756
7.390862
6.625318
6.879577
6.353029
7.871098
7.395278
6.836833
7.486209
7.603160
6.839073
7.208997
7.455305
7.012972
5.069248
6.468790
6.276577
6.833932
6.213173
7.107125
7.366929
6.161785
6.515068
6.046623
5.656410
5.160352
6.248234
6.107317
5.507248
4.802591
4.932826
5.281029
4.528568
5.302088
4.624529
11.333207
10.482184
7.728090
7.295717
6.023676
6.972373
9.722495
10.994788
10.619119
8.473390
7.523974
7.264534
7.532537
8.603189
10.527392
10.404725
7.846122
7.452258
7.172333
6.268250
7.861898
9.938823
10.080327
8.627155
6.079856
6.651932
7.539402
7.943882
10.307055
10.994788
9.894984
7.781666
8.486820
7.959653
8.406343
10.745734
12.003245
11.390197
8.630100
8.957503
8.069056
8.240142
10.179412
11.704299
11.738456
10.388961
9.242326
8.717602
8.863349
8.660636
10.654897
10.978110
9.547791
8.300271
8.439610
8.687657
8.413277
10.136645
10.603156
9.434916
7.064357
6.348402
8.547853
8.725774
10.296382
11.059466
10.363738
8.248723
8.301085
8.986981
9.245778
9.878121
11.205655
10.804536
8.328707
8.523605
9.469213
9.263885
9.759166
10.818126
10.634313
8.513539
8.243540
7.465153
7.673542
9.157786
9.881806
10.227426
9.310567
8.594869
8.013687
6.670543
8.291187
8.950614
9.485793
8.570013
6.218119
5.729688
6.995096
7.886623
8.070004
9.443316
9.241786
7.811984
7.818946
8.220100
8.775670
8.640090
9.715100
9.780901
8.723894
7.996175
7.706509
7.158594
7.495182
8.685245
8.857428
7.443354
7.554136
7.658610
7.751952
7.310490
8.622771
9.191893
7.892257
7.493756
7.390862
6.625318
6.879577
6.353029
7.871098
7.395278
6.836833
7.486209
7.603160
6.839073
7.208997
7.455305
7.012972
5.069248
6.468790
6.276577
6.833932
6.213173
7.107125
7.366929
6.161785
6.515068
6.046623
5.656410
5.160352
6.248234
6.107317
5.507248
4.802591
4.932826
5.281029
4.528568
5.302088
4.624529
11.333207
10.482184
7.728090
7.295717
6.023676
6.972373
9.722495
10.994788
10.619119
8.473390
7.523974
7.264534
7.532537
8.603189
10.527392
10.404725
7.846122
7.452258
7.172333
6.268250
7.861898
9.938823
10.080327
8.627155
6.079856
6.651932
7.539402
7.943882
10.307055
10.994788
9.894984
7.781666
8.486820
7.959653
8.406343
10.745734
12.003245
11.390197
8.630100
8.957503
8.069056
8.240142
10.179412
11.704299
11.738456
10.388961
9.242326
8.717602
8.863349
8.660636
10.654897
10.978110
9.547791
8.300271
8.439610
8.687657
8.413277
10.136645
10.603156
9.434916
7.064357
6.348402
8.547853
8.725774
10.296382
11.059466
10.363738
8.248723
8.301085
8.986981
9.245778
9.878121
11.205655
10.804536
8.328707
8.523605
9.469213
9.263885
9.759166
10.818126
10.634313
8.513539
8.243540
7.465153
7.673542
9.157786
9.881806
10.227426
9.310567
8.594869
8.013687
6.670543
8.291187
8.950614
9.485793
8.570013
6.218119
5.729688
6.995096
7.886623
8.070004
9.443316
9.241786
7.811984
7.818946
8.220100
8.775670
8.640090
9.715100
9.780901
8.723894
7.996175
7.706509
7.158594
7.495182
8.685245
8.857428
7.443354
7.554136
7.658610
7.751952
7.310490
8.622771
9.191893
7.892257
7.493756
7.390862
6.625318
6.879577
6.353029
7.871098
7.395278
6.836833
7.486209
7.603160
6.839073
7.208997
7.455305
7.012972
5.069248
6.468790
6.276577
6.833932
6.213173
7.107125
7.366929
6.161785
6.515068
6.046623
5.656410
5.160352
6.248234
6.107317
5.507248
4.802591
4.932826
5.281029
4.528568
5.302088
4.624529
11.333207
10.482184
7.728090
7.295717
6.023676
6.972373
9.722495
10.994788
10.619119
8.473390
7.523974
7.264534
7.532537
8.603189
10.527392
10.404725
7.846122
7.452258
7.172333
6.268250
7.861898
9.938823
10.080327
8.627155
6.079856
6.651932
7.539402
7.943882
10.307055
10.994788
9.894984
7.781666
8.486820
7.959653
8.406343
10.745734
12.003245
11.390197
8.630100
8.957503
8.069056
8.240142
10.179412
11.704299
11.738456
10.388961
9.242326
8.717602
8.863349
8.660636
10.654897
10.978110
9.547791
8.300271
8.439610
8.687657
8.413277
10.136645
10.603156
9.434916
7.064357
6.348402
8.547853
8.725774
10.296382
11.059466
10.363738
8.248723
8.301085
8.986981
9.245778
9.878121
11.205655
10.804536
8.328707
8.523605
9.469213
9.263885
9.759166
10.818126
10.634313
8.513539
8.243540
7.465153
7.673542
9.157786
9.881806
10.227426
9.310567
8.594869
8.013687
6.670543
8.291187
8.950614
9.485793
8.570013
6.218119
5.729688
6.995096
7.886623
8.070004
9.443316
9.241786
7.811984
7.818946
8.220100
8.775670
8.640090
9.715100
9.780901
8.723894
7.996175
7.706509
7.158594
7.495182
8.685245
8.857428
7.443354
7.554136
7.658610
7.751952
7.310490
8.622771
9.191893
7.892257
7.493756
7.390862
6.625318
6.879577
6.353029
7.871098
7.395278
6.836833
7.486209
7.603160
6.839073
7.208997
7.455305
7.012972
5.069248
6.468790
6.276577
6.833932
6.213173
7.107125
7.366929
6.161785
6.515068
6.046623
5.656410
5.160352
6.248234
6.107317
5.507248
4.802591
4.932826
5.281029
4.528568
5.302088
4.624529
11.333207
10.482184
7.728090
7.295717
6.023676
6.972373
9.722495
10.994788
10.619119
8.473390
7.523974
7.264534
7.532537
8.603189
10.527392
10.404725
7.846122
7.452258
7.172333
6.268250
7.861898
9.938823
10.080327
8.627155
6.079856
6.651932
7.539402
7.943882
10.307055
10.994788
9.894984
7.781666
8.486820
7.959653
8.406343
10.745734
12.003245
11.390197
8.630100
8.957503
8.069056
8.240142
10.179412
11.704299
11.738456
10.388961
9.242326
8.717602
8.863349
8.660636
10.654897
10.978110
9.547791
8.300271
8.439610
8.687657
8.413277
10.136645
10.603156
9.434916
7.064357
6.348402
8.547853
8.725774
10.296382
11.059466
10.363738
8.248723
8.301085
8.986981
9.245778
9.878121
11.205655
10.804536
8.328707
8.523605
9.469213
9.263885
9.759166
10.818126
10.634313
8.513539
8.243540
7.465153
7.673542
9.157786
9.881806
10.227426
9.310567
8.594869
8.013687
6.670543
8.291187
8.950614
9.485793
8.570013
6.218119
5.729688
6.995096
7.886623
8.070004
9.443316
9.241786
7.811984
7.818946
8.220100
8.775670
8.640090
9.715100
9.780901
8.723894
7.996175
7.706509
7.158594
7.495182
8.685245
8.857428
7.443354
7.554136
7.658610
7.751952
7.310490
8.622771
9.191893
7.892257
7.493756
7.390862
6.625318
6.879577
6.353029
7.871098
7.395278
6.836833
7.486209
7.603160
6.839073
7.208997
7.455305
7.012972
5.069248
6.468790
6.276577
6.833932
6.213173
7.107125
7.366929
6.161785
6.515068
6.046623
5.656410
5.160352
6.248234
6.107317
5.507248
4.802591
4.932826
5.281029
4.528568
5.302088
4.624529
11.333207
10.482184
7.728090
7.295717
6.023676
6.972373
9.722495
10.994788
10.619119
8.473390
7.523974
7.264534
7.532537
8.603189
10.527392
10.404725
7.846122
7.452258
7.172333
6.268250
7.861898
9.938823
10.080327
8.627155
6.079856
6.651932
7.539402
7.943882
10.307055
10.994788
9.894984
7.781666
8.486820
7.959653
8.406343
10.745734
12.003245
11.390197
8.630100
8.957503
8.069056
8.240142
10.179412
11.704299
11.738456
10.388961
9.242326
8.717602
8.863349
8.660636
10.654897
10.978110
9.547791
8.300271
8.439610
8.687657
8.413277
10.136645
10.603156
9.434916
7.064357
6.348402
8.547853
8.725774
10.296382
11.059466
10.363738
8.248723
8.301085
8.986981
9.245778
9.878121
11.205655
10.804536
8.328707
8.523605
9.469213
9.263885
9.759166
10.818126
10.634313
8.513539
8.243540
7.465153
7.673542
9.157786
9.881806
10.227426
9.310567
8.594869
8.013687
6.670543
8.291187
8.950614
9.485793
8.570013
6.218119
5.729688
6.995096
7.886623
8.070004
9.443316
9.241786
7.811984
7.818946
8.220100
8.775670
8.640090
9.715100
9.780901
8.723894
7.996175
7.706509
7.158594
7.495182
8.685245
8.857428
7.443354
7.554136
7.658610
7.751952
7.310490
8.622771
9.191893
7.892257
7.493756
7.390862
6.625318
6.879577
6.353029
7.871098
7.395278
6.836833
7.486209
7.603160
6.839073
7.208997
7.455305
7.012972
5.069248
6.468790
6.276577
6.833932
6.213173
7.107125
7.366929
6.161785
6.515068
6.046623
5.656410
5.160352
6.248234
6.107317
5.507248
4.802591
4.932826
5.281029
4.528568
5.302088
4.624529
11.333207
10.482184
7.728090
7.295717
6.023676
6.972373
9.722495
10.994788
10.619119
8.473390
7.523974
7.264534
7.532537
8.603189
10.527392
10.404725
7.846122
7.452258
7.172333
6.268250
7.861898
9.938823
10.080327
8.627155
6.079856
6.651932
7.539402
7.943882
10.307055
10.994788
9.894984
7.781666
8.486820
7.959653
8.406343
10.745734
12.003245
11.390197
8.630100
8.957503
8.069056
8.240142
10.179412
11.704299
11.738456
10.388961
9.242326
8.717602
8.863349
8.660636
10.654897
10.978110
9.547791
8.300271
8.439610
8.687657
8.413277
10.136645
10.603156
9.434916
7.064357
6.348402
8.547853
8.725774
10.296382
11.059466
10.363738
8.248723
8.301085
8.986981
9.245778
9.878121
11.205655
10.804536
8.328707
8.523605
9.469213
9.263885
9.759166
10.818126
10.634313
8.513539
8.243540
7.465153
7.673542
9.157786
9.881806
10.227426
9.310567
8.594869
8.013687
6.670543
8.291187
8.950614
9.485793
8.570013
6.218119
5.729688
6.995096
7.886623
8.070004
9.443316
9.241786
7.811984
7.818946
8.220100
8.775670
8.640090
9.715100
9.780901
8.723894
7.996175
7.706509
7.158594
7.495182
8.685245
8.857428
7.443354
7.554136
7.658610
7.751952
7.310490
8.622771
9.191893
7.892257
7.493756
7.390862
6.625318
6.879577
6.353029
7.871098
7.395278
6.836833
7.486209
7.603160
6.839073
7.208997
7.455305
7.012972
5.069248
6.468790
6.276577
6.833932
6.213173
7.107125
7.366929
6.161785
6.515068
6.046623
5.656410
5.160352
6.248234
6.107317
5.507248
4.802591
4.932826
5.281029
4.528568
5.302088
4.624529
11.333207
10.482184
7.728090
7.295717
6.023676
6.972373
9.722495
10.994788
10.619119
8.473390
7.523974
7.264534
7.532537
8.603189
10.527392
10.404725
7.846122
7.452258
7.172333
6.268250
7.861898
9.938823
10.080327
8.627155
6.079856
6.651932
7.539402
7.943882
10.307055
10.994788
9.894984
7.781666
8.486820
7.959653
8.406343
10.745734
12.003245
11.390197
8.630100
8.957503
8.069056
8.240142
10.179412
11.704299
11.738456
10.388961
9.242326
8.717602
8.863349
8.660636
10.654897
10.978110
9.547791
8.300271
8.439610
8.687657
8.413277
10.136645
10.603156
9.434916
7.064357
6.348402
8.547853
8.725774
10.296382
11.059466
10.363738
8.248723
8.301085
8.986981
9.245778
9.878121
11.205655
10.804536
8.328707
8.523605
9.469213
9.263885
9.759166
10.818126
10.634313
8.513539
8.243540
7.465153
7.673542
9.157786
9.881806
10.227426
9.310567
8.594869
8.013687
6.670543
8.291187
8.950614
9.485793
8.570013
6.218119
5.729688
6.995096
7.886623
8.070004
9.443316
9.241786
7.811984
7.818946
8.220100
8.775670
8.640090
9.715100
9.780901
8.723894
7.996175
7.706509
7.158594
7.495182
8.685245
8.857428
7.443354
7.554136
7.658610
7.751952
7.310490
8.622771
9.191893
7.892257
7.493756
7.390862
6.625318
6.879577
6.353029
7.871098
7.395278
6.836833
7.486209
7.603160
6.839073
7.208997
7.455305
7.012972
5.069248
6.468790
6.276577
6.833932
6.213173
7.107125
7.366929
6.161785
6.515068
6.046623
5.656410
5.160352
6.248234
6.107317
5.507248
4.802591
4.932826
5.281029
4.528568
5.302088
4.624529
11.333207
10.482184
7.728090
7.295717
6.023676
6.972373
9.722495
10.994788
10.619119
8.473390
7.523974
7.264534
7.532537
8.603189
10.527392
10.404725
7.846122
7.452258
7.172333
6.268250
7.861898
9.938823
10.080327
8.627155
6.079856
6.651932
7.539402
7.943882
10.307055
10.994788
9.894984
7.781666
8.486820
7.959653
8.406343
10.745734
12.003245
11.390197
8.630100
8.957503
8.069056
8.240142
10.179412
11.704299
11.738456
10.388961
9.242326
8.717602
8.863349
8.660636
10.654897
10.978110
9.547791
8.300271
8.439610
8.687657
8.413277
10.136645
10.603156
9.434916
7.064357
6.348402
8.547853
8.725774
10.296382
11.059466
10.363738
8.248723
8.301085
8.986981
9.245778
9.878121
11.205655
10.804536
8.328707
8.523605
9.469213
9.263885
9.759166
10.818126
10.634313
8.513539
8.243540
7.465153
7.673542
9.157786
9.881806
10.227426
9.310567
8.594869
8.013687
6.670543
8.291187
8.950614
9.485793
8.570013
6.218119
5.729688
6.995096
7.886623
8.070004
9.443316
9.241786
7.811984
7.818946
8.220100
8.775670
8.640090
9.715100
9.780901
8.723894
7.996175
7.706509
7.158594
7.495182
8.685245
8.857428
7.443354
7.554136
7.658610
7.751952
7.310490
8.622771
9.191893
7.892257
7.493756
7.390862
6.625318
6.879577
6.353029
7.871098
7.395278
6.836833
7.486209
7.603160
6.839073
7.208997
7.455305
7.012972
5.069248
6.468790
6.276577
6.833932
6.213173
7.107125
7.366929
6.161785
6.515068
6.046623
5.656410
5.160352
6.248234
6.107317
5.507248
4.802591
4.932826
5.281029
4.528568
5.302088
4.624529
11.333207
10.482184
7.728090
7.295717
6.023676
6.972373
9.722495
10.994788
10.619119
8.473390
7.523974
7.264534
7.532537
8.603189
10.527392
10.404725
7.846122
7.452258
7.172333
6.268250
7.861898
9.938823
10.080327
8.627155
6.079856
6.651932
7.539402
7.943882
10.307055
10.994788
9.894984
7.781666
8.486820
7.959653
8.406343
10.745734
12.003245
11.390197
8.630100
8.957503
8.069056
8.240142
10.179412
11.704299
11.738456
10.388961
9.242326
8.717602
8.863349
8.660636
10.654897
10.978110
9.547791
8.300271
8.439610
8.687657
8.413277
10.136645
10.603156
9.434916
7.064357
6.348402
8.547853
8.725774
10.296382
11.059466
10.363738
8.248723
8.301085
8.986981
9.245778
9.878121
11.205655
10.804536
8.328707
8.523605
9.469213
9.263885
9.759166
10.818126
10.634313
8.513539
8.243540
7.465153
7.673542
9.157786
9.881806
10.227426
9.310567
8.594869
8.013687
6.670543
8.291187
8.950614
9.485793
8.570013
6.218119
5.729688
6.995096
7.886623
8.070004
9.443316
9.241786
7.811984
7.818946
8.220100
8.775670
8.640090
9.715100
9.780901
8.723894
7.996175
7.706509
7.158594
7.495182
8.685245
8.857428
7.443354
7.554136
7.658610
7.751952
7.310490
8.622771
9.191893
7.892257
7.493756
7.390862
6.625318
6.879577
6.353029
7.871098
7.395278
6.836833
7.486209
7.603160
6.839073
7.208997
7.455305
7.012972
5.069248
6.468790
6.276577
6.833932
6.213173
7.107125
7.366929
6.161785
6.515068
6.046623
5.656410
5.160352
6.248234
6.107317
5.507248
4.802591
4.932826
5.281029
4.528568
5.302088
4.624529
11.333207
10.482184
7.728090
7.295717
6.023676
6.972373
9.722495
10.994788
10.619119
8.473390
7.523974
7.264534
7.532537
8.603189
10.527392
10.404725
7.846122
7.452258
7.172333
6.268250
7.861898
9.938823
10.080327
8.627155
6.079856
6.651932
7.539402
7.943882
10.307055
10.994788
9.894984
7.781666
8.486820
7.959653
8.406343
10.745734
12.003245
11.390197
8.630100
8.957503
8.069056
8.240142
10.179412
11.704299
11.738456
10.388961
9.242326
8.717602
8.863349
8.660636
10.654897
10.978110
9.547791
8.300271
8.439610
8.687657
8.413277
10.136645
10.603156
9.434916
7.064357
6.348402
8.547853
8.725774
10.296382
11.059466
10.363738
8.248723
8.301085
8.986981
9.245778
9.878121
11.205655
10.804536
8.328707
8.523605
9.469213
9.263885
9.759166
10.818126
10.634313
8.513539
8.243540
7.465153
7.673542
9.157786
9.881806
10.227426
9.310567
8.594869
8.013687
6.670543
8.291187
8.950614
9.485793
8.570013
6.218119
5.729688
6.995096
7.886623
8.070004
9.443316
9.241786
7.811984
7.818946
8.220100
8.775670
8.640090
9.715100
9.780901
8.723894
7.996175
7.706509
7.158594
7.495182
8.685245
8.857428
7.443354
7.554136
7.658610
7.751952
7.310490
8.622771
9.191893
7.892257
7.493756
7.390862
6.625318
6.879577
6.353029
7.871098
7.395278
6.836833
7.486209
7.603160
6.839073
7.208997
7.455305
7.012972
5.069248
6.468790
6.276577
6.833932
6.213173
7.107125
7.366929
6.161785
6.515068
6.046623
5.656410
5.160352
6.248234
6.107317
5.507248
4.802591
4.932826
5.281029
4.528568
5.302088
4.624529
11.333207
10.482184
7.728090
7.295717
6.023676
6.972373
9.722495
10.994788
10.619119
8.473390
7.523974
7.264534
7.532537
8.603189
10.527392
10.404725
7.846122
7.452258
7.172333
6.268250
7.861898
9.938823
10.080327
8.627155
6.079856
6.651932
7.539402
7.943882
10.307055
10.994788
9.894984
7.781666
8.486820
7.959653
8.406343
10.745734
12.003245
11.390197
8.630100
8.957503
8.069056
8.240142
10.179412
11.704299
11.738456
10.388961
9.242326
8.717602
8.863349
8.660636
10.654897
10.978110
9.547791
8.300271
8.439610
8.687657
8.413277
10.136645
10.603156
9.434916
7.064357
6.348402
8.547853
8.725774
10.296382
11.059466
10.363738
8.248723
8.301085
8.986981
9.245778
9.878121
11.205655
10.804536
8.328707
8.523605
9.469213
9.263885
9.759166
10.818126
10.634313
8.513539
8.243540
7.465153
7.673542
9.157786
9.881806
10.227426
9.310567
8.594869
8.013687
6.670543
8.291187
8.950614
9.485793
8.570013
6.218119
5.729688
6.995096
7.886623
8.070004
9.443316
9.241786
7.811984
7.818946
8.220100
8.775670
8.640090
9.715100
9.780901
8.723894
7.996175
7.706509
7.158594
7.495182
8.685245
8.857428
7.443354
7.554136
7.658610
7.751952
7.310490
8.622771
9.191893
7.892257
7.493756
7.390862
6.625318
6.879577
6.353029
7.871098
7.395278
6.836833
7.486209
7.603160
6.839073
7.208997
7.455305
7.012972
5.069248
6.468790
6.276577
6.833932
6.213173
7.107125
7.366929
6.161785
6.515068
6.046623
5.656410
5.160352
6.248234
6.107317
5.507248
4.802591
4.932826
5.281029
4.528568
5.302088
4.624529
11.333207
10.482184
7.728090
7.295717
6.023676
6.972373
9.722495
10.994788
10.619119
8.473390
7.523974
7.264534
7.532537
8.603189
10.527392
10.404725
7.846122
7.452258
7.172333
6.268250
7.861898
9.938823
10.080327
8.627155
6.079856
6.651932
7.539402
7.943882
10.307055
10.994788
9.894984
7.781666
8.486820
7.959653
8.406343
10.745734
12.003245
11.390197
8.630100
8.957503
8.069056
8.240142
10.179412
11.704299
11.738456
10.388961
9.242326
8.717602
8.863349
8.660636
10.654897
10.978110
9.547791
8.300271
8.439610
8.687657
8.413277
10.136645
10.603156
9.434916
7.064357
6.348402
8.547853
8.725774
10.296382
11.059466
10.363738
8.248723
8.301085
8.986981
9.245778
9.878121
11.205655
10.804536
8.328707
8.523605
9.469213
9.263885
9.759166
10.818126
10.634313
8.513539
8.243540
7.465153
7.673542
9.157786
9.881806
10.227426
9.310567
8.594869
8.013687
6.670543
8.291187
8.950614
9.485793
8.570013
6.218119
5.729688
6.995096
7.886623
8.070004
9.443316
9.241786
7.811984
7.818946
8.220100
8.775670
8.640090
9.715100
9.780901
8.723894
7.996175
7.706509
7.158594
7.495182
8.685245
8.857428
7.443354
7.554136
7.658610
7.751952
7.310490
8.622771
9.191893
7.892257
7.493756
7.390862
6.625318
6.879577
6.353029
7.871098
7.395278
6.836833
7.486209
7.603160
6.839073
7.208997
7.455305
7.012972
5.069248
6.468790
6.276577
6.833932
6.213173
7.107125
7.366929
6.161785
6.515068
6.046623
5.656410
5.160352
6.248234
6.107317
5.507248
4.802591
4.932826
5.281029
4.528568
5.302088
4.624529
11.333207
10.482184
7.728090
7.295717
6.023676
6.972373
9.722495
10.994788
10.619119
8.473390
7.523974
7.264534
7.532537
8.603189
10.527392
10.404725
7.846122
7.452258
7.172333
6.268250
7.861898
9.938823
10.080327
8.627155
6.079856
6.651932
7.539402
7.943882
10.307055
10.994788
9.894984
7.781666
8.486820
7.959653
8.406343
10.745734
12.003245
11.390197
8.630100
8.957503
8.069056
8.240142
10.179412
11.704299
11.738456
10.388961
9.242326
8.717602
8.863349
8.660636
10.654897
10.978110
9.547791
8.300271
8.439610
8.687657
8.413277
10.136645
10.603156
9.434916
7.064357
6.348402
8.547853
8.725774
10.296382
11.059466
10.363738
8.248723
8.301085
8.986981
9.245778
9.878121
11.205655
10.804536
8.328707
8.523605
9.469213
9.263885
9.759166
10.818126
10.634313
8.513539
8.243540
7.465153
7.673542
9.157786
9.881806
10.227426
9.310567
8.594869
8.013687
6.670543
8.291187
8.950614
9.485793
8.570013
6.218119
5.729688
6.995096
7.886623
8.070004
9.443316
9.241786
7.811984
7.818946
8.220100
8.775670
8.640090
9.715100
9.780901
8.723894
7.996175
7.706509
7.158594
7.495182
8.685245
8.857428
7.443354
7.554136
7.658610
7.751952
7.310490
8.622771
9.191893
7.892257
7.493756
7.390862
6.625318
6.879577
6.353029
7.871098
7.395278
6.836833
7.486209
7.603160
6.839073
7.208997
7.455305
7.012972
5.069248
6.468790
6.276577
6.833932
6.213173
7.107125
7.366929
6.161785
6.515068
6.046623
5.656410
5.160352
6.248234
6.107317
5.507248
4.802591
4.932826
5.281029
4.528568
5.302088
4.624529
11.333207
10.482184
7.728090
7.295717
6.023676
6.972373
9.722495
10.994788
10.619119
8.473390
7.523974
7.264534
7.532537
8.603189
10.527392
10.404725
7.846122
7.452258
7.172333
6.268250
7.861898
9.938823
10.080327
8.627155
6.079856
6.651932
7.539402
7.943882
10.307055
10.994788
9.894984
7.781666
8.486820
7.959653
8.406343
10.745734
12.003245
11.390197
8.630100
8.957503
8.069056
8.240142
10.179412
11.704299
11.738456
10.388961
9.242326
8.717602
8.863349
8.660636
10.654897
10.978110
9.547791
8.300271
8.439610
8.687657
8.413277
10.136645
10.603156
9.434916
7.064357
6.348402
8.547853
8.725774
10.296382
11.059466
10.363738
8.248723
8.301085
8.986981
9.245778
9.878121
11.205655
10.804536
8.328707
8.523605
9.469213
9.263885
9.759166
10.818126
10.634313
8.513539
8.243540
7.465153
7.673542
9.157786
9.881806
10.227426
9.310567
8.594869
8.013687
6.670543
8.291187
8.950614
9.485793
8.570013
6.218119
5.729688
6.995096
7.886623
8.070004
9.443316
9.241786
7.811984
7.818946
8.220100
8.775670
8.640090
9.715100
9.780901
8.723894
7.996175
7.706509
7.158594
7.495182
8.685245
8.857428
7.443354
7.554136
7.658610
7.751952
7.310490
8.622771
9.191893
7.892257
7.493756
7.390862
6.625318
6.879577
6.353029
7.871098
7.395278
6.836833
7.486209
7.603160
6.839073
7.208997
7.455305
7.012972
5.069248
6.468790
6.276577
6.833932
6.213173
7.107125
7.366929
6.161785
6.515068
6.046623
5.656410
5.160352
6.248234
6.107317
5.507248
4.802591
4.932826
5.281029
4.528568
5.302088
4.624529
11.333207
10.482184
7.728090
7.295717
6.023676
6.972373
9.722495
10.994788
10.619119
8.473390
7.523974
7.264534
7.532537
8.603189
10.527392
10.404725
7.846122
7.452258
7.172333
6.268250
7.861898
9.938823
10.080327
8.627155
6.079856
6.651932
7.539402
7.943882
10.307055
10.994788
9.894984
7.781666
8.486820
7.959653
8.406343
10.745734
12.003245
11.390197
8.630100
8.957503
8.069056
8.240142
10.179412
11.704299
11.738456
10.388961
9.242326
8.717602
8.863349
8.660636
10.654897
10.978110
9.547791
8.300271
8.439610
8.687657
8.413277
10.136645
10.603156
9.434916
7.064357
6.348402
8.547853
8.725774
10.296382
11.059466
10.363738
8.248723
8.301085
8.986981
9.245778
9.878121
11.205655
10.804536
8.328707
8.523605
9.469213
9.263885
9.759166
10.818126
10.634313
8.513539
8.243540
7.465153
7.673542
9.157786
9.881806
10.227426
9.310567
8.594869
8.013687
6.670543
8.291187
8.950614
9.485793
8.570013
6.218119
5.729688
6.995096
7.886623
8.070004
9.443316
9.241786
7.811984
7.818946
8.220100
8.775670
8.640090
9.715100
9.780901
8.723894
7.996175
7.706509
7.158594
7.495182
8.685245
8.857428
7.443354
7.554136
7.658610
7.751952
7.310490
8.622771
9.191893
7.892257
7.493756
7.390862
6.625318
6.879577
6.353029
7.871098
7.395278
6.836833
7.486209
7.603160
6.839073
7.208997
7.455305
7.012972
5.069248
6.468790
6.276577
6.833932
6.213173
7.107125
7.366929
6.161785
6.515068
6.046623
5.656410
5.160352
6.248234
6.107317
5.507248
4.802591
4.932826
5.281029
4.528568
5.302088
4.624529
11.333207
10.482184
7.728090
7.295717
6.023676
6.972373
9.722495
10.994788
10.619119
8.473390
7.523974
7.264534
7.532537
8.603189
10.527392
10.404725
7.846122
7.452258
7.172333
6.268250
7.861898
9.938823
10.080327
8.627155
6.079856
6.651932
7.539402
7.943882
10.307055
10.994788
9.894984
7.781666
8.486820
7.959653
8.406343
10.745734
12.003245
11.390197
8.630100
8.957503
8.069056
8.240142
10.179412
11.704299
11.738456
10.388961
9.242326
8.717602
8.863349
8.660636
10.654897
10.978110
9.547791
8.300271
8.439610
8.687657
8.413277
10.136645
10.603156
9.434916
7.064357
6.348402
8.547853
8.725774
10.296382
11.059466
10.363738
8.248723
8.301085
8.986981
9.245778
9.878121
11.205655
10.804536
8.328707
8.523605
9.469213
9.263885
9.759166
10.818126
10.634313
8.513539
8.243540
7.465153
7.673542
9.157786
9.881806
10.227426
9.310567
8.594869
8.013687
6.670543
8.291187
8.950614
9.485793
8.570013
6.218119
5.729688
6.995096
7.886623
8.070004
9.443316
9.241786
7.811984
7.818946
8.220100
8.775670
8.640090
9.715100
9.780901
8.723894
7.996175
7.706509
7.158594
7.495182
8.685245
8.857428
7.443354
7.554136
7.658610
7.751952
7.310490
8.622771
9.191893
7.892257
7.493756
7.390862
6.625318
6.879577
6.353029
7.871098
7.395278
6.836833
7.486209
7.603160
6.839073
7.208997
7.455305
7.012972
5.069248
6.468790
6.276577
6.833932
6.213173
7.107125
7.366929
6.161785
6.515068
6.046623
5.656410
5.160352
6.248234
6.107317
5.507248
4.802591
4.932826
5.281029
4.528568
5.302088
4.624529
11.333207
10.482184
7.728090
7.295717
6.023676
6.972373
9.722495
10.994788
10.619119
8.473390
7.523974
7.264534
7.532537
8.603189
10.527392
10.404725
7.846122
7.452258
7.172333
6.268250
7.861898
9.938823
10.080327
8.627155
6.079856
6.651932
7.539402
7.943882
10.307055
10.994788
9.894984
7.781666
8.486820
7.959653
8.406343
10.745734
12.003245
11.390197
8.630100
8.957503
8.069056
8.240142
10.179412
11.704299
11.738456
10.388961
9.242326
8.717602
8.863349
8.660636
10.654897
10.978110
9.547791
8.300271
8.439610
8.687657
8.413277
10.136645
10.603156
9.434916
7.064357
6.348402
8.547853
8.725774
10.296382
11.059466
10.363738
8.248723
8.301085
8.986981
9.245778
9.878121
11.205655
10.804536
8.328707
8.523605
9.469213
9.263885
9.759166
10.818126
10.634313
8.513539
8.243540
7.465153
7.673542
9.157786
9.881806
10.227426
9.310567
8.594869
8.013687
6.670543
8.291187
8.950614
9.485793
8.570013
6.218119
5.729688
6.995096
7.886623
8.070004
9.443316
9.241786
7.811984
7.818946
8.220100
8.775670
8.640090
9.715100
9.780901
8.723894
7.996175
7.706509
7.158594
7.495182
8.685245
8.857428
7.443354
7.554136
7.658610
7.751952
7.310490
8.622771
9.191893
7.892257
7.493756
7.390862
6.625318
6.879577
6.353029
7.871098
7.395278
6.836833
7.486209
7.603160
6.839073
7.208997
7.455305
7.012972
5.069248
6.468790
6.276577
6.833932
6.213173
7.107125
7.366929
6.161785
6.515068
6.046623
5.656410
5.160352
6.248234
6.107317
5.507248
4.802591
4.932826
5.281029
4.528568
5.302088
4.624529
11.333207
10.482184
7.728090
7.295717
6.023676
6.972373
9.722495
10.994788
10.619119
8.473390
7.523974
7.264534
7.532537
8.603189
10.527392
10.404725
7.846122
7.452258
7.172333
6.268250
7.861898
9.938823
10.080327
8.627155
6.079856
6.651932
7.539402
7.943882
10.307055
10.994788
9.894984
7.781666
8.486820
7.959653
8.406343
10.745734
12.003245
11.390197
8.630100
8.957503
8.069056
8.240142
10.179412
11.704299
11.738456
10.388961
9.242326
8.717602
8.863349
8.660636
10.654897
10.978110
9.547791
8.300271
8.439610
8.687657
8.413277
10.136645
10.603156
9.434916
7.064357
6.348402
8.547853
8.725774
10.296382
11.059466
10.363738
8.248723
8.301085
8.986981
9.245778
9.878121
11.205655
10.804536
8.328707
8.523605
9.469213
9.263885
9.759166
10.818126
10.634313
8.513539
8.243540
7.465153
7.673542
9.157786
9.881806
10.227426
9.310567
8.594869
8.013687
6.670543
8.291187
8.950614
9.485793
8.570013
6.218119
5.729688
6.995096
7.886623
8.070004
9.443316
9.241786
7.811984
7.818946
8.220100
8.775670
8.640090
9.715100
9.780901
8.723894
7.996175
7.706509
7.158594
7.495182
8.685245
8.857428
7.443354
7.554136
7.658610
7.751952
7.310490
8.622771
9.191893
7.892257
7.493756
7.390862
6.625318
6.879577
6.353029
7.871098
7.395278
6.836833
7.486209
7.603160
6.839073
7.208997
7.455305
7.012972
5.069248
6.468790
6.276577
6.833932
6.213173
7.107125
7.366929
6.161785
6.515068
6.046623
5.656410
5.160352
6.248234
6.107317
5.507248
4.802591
4.932826
5.281029
4.528568
5.302088
4.624529
11.333207
10.482184
7.728090
7.295717
6.023676
6.972373
9.722495
10.994788
10.619119
8.473390
7.523974
7.264534
7.532537
8.603189
10.527392
10.404725
7.846122
7.452258
7.172333
6.268250
7.861898
9.938823
10.080327
8.627155
6.079856
6.651932
7.539402
7.943882
10.307055
10.994788
9.894984
7.781666
8.486820
7.959653
8.406343
10.745734
12.003245
11.390197
8.630100
8.957503
8.069056
8.240142
10.179412
11.704299
11.738456
10.388961
9.242326
8.717602
8.863349
8.660636
10.654897
10.978110
9.547791
8.300271
8.439610
8.687657
8.413277
10.136645
10.603156
9.434916
7.064357
6.348402
8.547853
8.725774
10.296382
11.059466
10.363738
8.248723
8.301085
8.986981
9.245778
9.878121
11.205655
10.804536
8.328707
8.523605
9.469213
9.263885
9.759166
10.818126
10.634313
8.513539
8.243540
7.465153
7.673542
9.157786
9.881806
10.227426
9.310567
8.594869
8.013687
6.670543
8.291187
8.950614
9.485793
8.570013
6.218119
5.729688
6.995096
7.886623
8.070004
9.443316
9.241786
7.811984
7.818946
8.220100
8.775670
8.640090
9.715100
9.780901
8.723894
7.996175
7.706509
7.158594
7.495182
8.685245
8.857428
7.443354
7.554136
7.658610
7.751952
7.310490
8.622771
9.191893
7.892257
7.493756
7.390862
6.625318
6.879577
6.353029
7.871098
7.395278
6.836833
7.486209
7.603160
6.839073
7.208997
7.455305
7.012972
5.069248
6.468790
6.276577
6.833932
6.213173
7.107125
7.366929
6.161785
6.515068
6.046623
5.656410
5.160352
6.248234
6.107317
5.507248
4.802591
4.932826
5.281029
4.528568
5.302088
4.624529
11.333207
10.482184
7.728090
7.295717
6.023676
6.972373
9.722495
10.994788
10.619119
8.473390
7.523974
7.264534
7.532537
8.603189
10.527392
10.404725
7.846122
7.452258
7.172333
6.268250
7.861898
9.938823
10.080327
8.627155
6.079856
6.651932
7.539402
7.943882
10.307055
10.994788
9.894984
7.781666
8.486820
7.959653
8.406343
10.745734
12.003245
11.390197
8.630100
8.957503
8.069056
8.240142
10.179412
11.704299
11.738456
10.388961
9.242326
8.717602
8.863349
8.660636
10.654897
10.978110
9.547791
8.300271
8.439610
8.687657
8.413277
10.136645
10.603156
9.434916
7.064357
6.348402
8.547853
8.725774
10.296382
11.059466
10.363738
8.248723
8.301085
8.986981
9.245778
9.878121
11.205655
10.804536
8.328707
8.523605
9.469213
9.263885
9.759166
10.818126
10.634313
8.513539
8.243540
7.465153
7.673542
9.157786
9.881806
10.227426
9.310567
8.594869
8.013687
6.670543
8.291187
8.950614
9.485793
8.570013
6.218119
5.729688
6.995096
7.886623
8.070004
9.443316
9.241786
7.811984
7.818946
8.220100
8.775670
8.640090
9.715100
9.780901
8.723894
7.996175
7.706509
7.158594
7.495182
8.685245
8.857428
7.443354
7.554136
7.658610
7.751952
7.310490
8.622771
9.191893
7.892257
7.493756
7.390862
6.625318
6.879577
6.353029
7.871098
7.395278
6.836833
7.486209
7.603160
6.839073
7.208997
7.455305
7.012972
5.069248
6.468790
6.276577
6.833932
6.213173
7.107125
7.366929
6.161785
6.515068
6.046623
5.656410
5.160352
6.248234
6.107317
5.507248
4.802591
4.932826
5.281029
4.528568
5.302088
4.624529
11.333207
10.482184
7.728090
7.295717
6.023676
6.972373
9.722495
10.994788
10.619119
8.473390
7.523974
7.264534
7.532537
8.603189
10.527392
10.404725
7.846122
7.452258
7.172333
6.268250
7.861898
9.938823
10.080327
8.627155
6.079856
6.651932
7.539402
7.943882
10.307055
10.994788
9.894984
7.781666
8.486820
7.959653
8.406343
10.745734
12.003245
11.390197
8.630100
8.957503
8.069056
8.240142
10.179412
11.704299
11.738456
10.388961
9.242326
8.717602
8.863349
8.660636
10.654897
10.978110
9.547791
8.300271
8.439610
8.687657
8.413277
10.136645
10.603156
9.434916
7.064357
6.348402
8.547853
8.725774
10.296382
11.059466
10.363738
8.248723
8.301085
8.986981
9.245778
9.878121
11.205655
10.804536
8.328707
8.523605
9.469213
9.263885
9.759166
10.818126
10.634313
8.513539
8.243540
7.465153
7.673542
9.157786
9.881806
10.227426
9.310567
8.594869
8.013687
6.670543
8.291187
8.950614
9.485793
8.570013
6.218119
5.729688
6.995096
7.886623
8.070004
9.443316
9.241786
7.811984
7.818946
8.220100
8.775670
8.640090
9.715100
9.780901
8.723894
7.996175
7.706509
7.158594
7.495182
8.685245
8.857428
7.443354
7.554136
7.658610
7.751952
7.310490
8.622771
9.191893
7.892257
7.493756
7.390862
6.625318
6.879577
6.353029
7.871098
7.395278
6.836833
7.486209
7.603160
6.839073
7.208997
7.455305
7.012972
5.069248
6.468790
6.276577
6.833932
6.213173
7.107125
7.366929
6.161785
6.515068
6.046623
5.656410
5.160352
6.248234
6.107317
5.507248
4.802591
4.932826
5.281029
4.528568
5.302088
4.624529
11.333207
10.482184
7.728090
7.295717
6.023676
6.972373
9.722495
10.994788
10.619119
8.473390
7.523974
7.264534
7.532537
8.603189
10.527392
10.404725
7.846122
7.452258
7.172333
6.268250
7.861898
9.938823
10.080327
8.627155
6.079856
6.651932
7.539402
7.943882
10.307055
10.994788
9.894984
7.781666
8.486820
7.959653
8.406343
10.745734
12.003245
11.390197
8.630100
8.957503
8.069056
8.240142
10.179412
11.704299
11.738456
10.388961
9.242326
8.717602
8.863349
8.660636
10.654897
10.978110
9.547791
8.300271
8.439610
8.687657
8.413277
10.136645
10.603156
9.434916
7.064357
6.348402
8.547853
8.725774
10.296382
11.059466
10.363738
8.248723
8.301085
8.986981
9.245778
9.878121
11.205655
10.804536
8.328707
8.523605
9.469213
9.263885
9.759166
10.818126
10.634313
8.513539
8.243540
7.465153
7.673542
9.157786
9.881806
10.227426
9.310567
8.594869
8.013687
6.670543
8.291187
8.950614
9.485793
8.570013
6.218119
5.729688
6.995096
7.886623
8.070004
9.443316
9.241786
7.811984
7.818946
8.220100
8.775670
8.640090
9.715100
9.780901
8.723894
7.996175
7.706509
7.158594
7.495182
8.685245
8.857428
7.443354
7.554136
7.658610
7.751952
7.310490
8.622771
9.191893
7.892257
7.493756
7.390862
6.625318
6.879577
6.353029
7.871098
7.395278
6.836833
7.486209
7.603160
6.839073
7.208997
7.455305
7.012972
5.069248
6.468790
6.276577
6.833932
6.213173
7.107125
7.366929
6.161785
6.515068
6.046623
5.656410
5.160352
6.248234
6.107317
5.507248
4.802591
4.932826
5.281029
4.528568
5.302088
4.624529
11.333207
10.482184
7.728090
7.295717
6.023676
6.972373
9.722495
10.994788
10.619119
8.473390
7.523974
7.264534
7.532537
8.603189
10.527392
10.404725
7.846122
7.452258
7.172333
6.268250
7.861898
9.938823
10.080327
8.627155
6.079856
6.651932
7.539402
7.943882
10.307055
10.994788
9.894984
7.781666
8.486820
7.959653
8.406343
10.745734
12.003245
11.390197
8.630100
8.957503
8.069056
8.240142
10.179412
11.704299
11.738456
10.388961
9.242326
8.717602
8.863349
8.660636
10.654897
10.978110
9.547791
8.300271
8.439610
8.687657
8.413277
10.136645
10.603156
9.434916
7.064357
6.348402
8.547853
8.725774
10.296382
11.059466
10.363738
8.248723
8.301085
8.986981
9.245778
9.878121
11.205655
10.804536
8.328707
8.523605
9.469213
9.263885
9.759166
10.818126
10.634313
8.513539
8.243540
7.465153
7.673542
9.157786
9.881806
10.227426
9.310567
8.594869
8.013687
6.670543
8.291187
8.950614
9.485793
8.570013
6.218119
5.729688
6.995096
7.886623
8.070004
9.443316
9.241786
7.811984
7.818946
8.220100
8.775670
8.640090
9.715100
9.780901
8.723894
7.996175
7.706509
7.158594
7.495182
8.685245
8.857428
7.443354
7.554136
7.658610
7.751952
7.310490
8.622771
9.191893
7.892257
7.493756
7.390862
6.625318
6.879577
6.353029
7.871098
7.395278
6.836833
7.486209
7.603160
6.839073
7.208997
7.455305
7.012972
5.069248
6.468790
6.276577
6.833932
6.213173
7.107125
7.366929
6.161785
6.515068
6.046623
5.656410
5.160352
6.248234
6.107317
5.507248
4.802591
4.932826
5.281029
4.528568
5.302088
4.624529
11.333207
10.482184
7.728090
7.295717
6.023676
6.972373
9.722495
10.994788
10.619119
8.473390
7.523974
7.264534
7.532537
8.603189
10.527392
10.404725
7.846122
7.452258
7.172333
6.268250
7.861898
9.938823
10.080327
8.627155
6.079856
6.651932
7.539402
7.943882
10.307055
10.994788
9.894984
7.781666
8.486820
7.959653
8.406343
10.745734
12.003245
11.390197
8.630100
8.957503
8.069056
8.240142
10.179412
11.704299
11.738456
10.388961
9.242326
8.717602
8.863349
8.660636
10.654897
10.978110
9.547791
8.300271
8.439610
8.687657
8.413277
10.136645
10.603156
9.434916
7.064357
6.348402
8.547853
8.725774
10.296382
11.059466
10.363738
8.248723
8.301085
8.986981
9.245778
9.878121
11.205655
10.804536
8.328707
8.523605
9.469213
9.263885
9.759166
10.818126
10.634313
8.513539
8.243540
7.465153
7.673542
9.157786
9.881806
10.227426
9.310567
8.594869
8.013687
6.670543
8.291187
8.950614
9.485793
8.570013
6.218119
5.729688
6.995096
7.886623
8.070004
9.443316
9.241786
7.811984
7.818946
8.220100
8.775670
8.640090
9.715100
9.780901
8.723894
7.996175
7.706509
7.158594
7.495182
8.685245
8.857428
7.443354
7.554136
7.658610
7.751952
7.310490
8.622771
9.191893
7.892257
7.493756
7.390862
6.625318
6.879577
6.353029
7.871098
7.395278
6.836833
7.486209
7.603160
6.839073
7.208997
7.455305
7.012972
5.069248
6.468790
6.276577
6.833932
6.213173
7.107125
7.366929
6.161785
6.515068
6.046623
5.656410
5.160352
6.248234
6.107317
5.507248
4.802591
4.932826
5.281029
4.528568
5.302088
4.624529
11.333207
10.482184
7.728090
7.295717
6.023676
6.972373
9.722495
10.994788
10.619119
8.473390
7.523974
7.264534
7.532537
8.603189
10.527392
10.404725
7.846122
7.452258
7.172333
6.268250
7.861898
9.938823
10.080327
8.627155
6.079856
6.651932
7.539402
7.943882
10.307055
10.994788
9.894984
7.781666
8.486820
7.959653
8.406343
10.745734
12.003245
11.390197
8.630100
8.957503
8.069056
8.240142
10.179412
11.704299
11.738456
10.388961
9.242326
8.717602
8.863349
8.660636
10.654897
10.978110
9.547791
8.300271
8.439610
8.687657
8.413277
10.136645
10.603156
9.434916
7.064357
6.348402
8.547853
8.725774
10.296382
11.059466
10.363738
8.248723
8.301085
8.986981
9.245778
9.878121
11.205655
10.804536
8.328707
8.523605
9.469213
9.263885
9.759166
10.818126
10.634313
8.513539
8.243540
7.465153
7.673542
9.157786
9.881806
10.227426
9.310567
8.594869
8.013687
6.670543
8.291187
8.950614
9.485793
8.570013
6.218119
5.729688
6.995096
7.886623
8.070004
9.443316
9.241786
7.811984
7.818946
8.220100
8.775670
8.640090
9.715100
9.780901
8.723894
7.996175
7.706509
7.158594
7.495182
8.685245
8.857428
7.443354
7.554136
7.658610
7.751952
7.310490
8.622771
9.191893
7.892257
7.493756
7.390862
6.625318
6.879577
6.353029
7.871098
7.395278
6.836833
7.486209
7.603160
6.839073
7.208997
7.455305
7.012972
5.069248
6.468790
6.276577
6.833932
6.213173
7.107125
7.366929
6.161785
6.515068
6.046623
5.656410
5.160352
6.248234
6.107317
5.507248
4.802591
4.932826
5.281029
4.528568
5.302088
4.624529
11.333207
10.482184
7.728090
7.295717
6.023676
6.972373
9.722495
10.994788
10.619119
8.473390
7.523974
7.264534
7.532537
8.603189
10.527392
10.404725
7.846122
7.452258
7.172333
6.268250
7.861898
9.938823
10.080327
8.627155
6.079856
6.651932
7.539402
7.943882
10.307055
10.994788
9.894984
7.781666
8.486820
7.959653
8.406343
10.745734
12.003245
11.390197
8.630100
8.957503
8.069056
8.240142
10.179412
11.704299
11.738456
10.388961
9.242326
8.717602
8.863349
8.660636
10.654897
10.978110
9.547791
8.300271
8.439610
8.687657
8.413277
10.136645
10.603156
9.434916
7.064357
6.348402
8.547853
8.725774
10.296382
11.059466
10.363738
8.248723
8.301085
8.986981
9.245778
9.878121
11.205655
10.804536
8.328707
8.523605
9.469213
9.263885
9.759166
10.818126
10.634313
8.513539
8.243540
7.465153
7.673542
9.157786
9.881806
10.227426
9.310567
8.594869
8.013687
6.670543
8.291187
8.950614
9.485793
8.570013
6.218119
5.729688
6.995096
7.886623
8.070004
9.443316
9.241786
7.811984
7.818946
8.220100
8.775670
8.640090
9.715100
9.780901
8.723894
7.996175
7.706509
7.158594
7.495182
8.685245
8.857428
7.443354
7.554136
7.658610
7.751952
7.310490
8.622771
9.191893
7.892257
7.493756
7.390862
6.625318
6.879577
6.353029
7.871098
7.395278
6.836833
7.486209
7.603160
6.839073
7.208997
7.455305
7.012972
5.069248
6.468790
6.276577
6.833932
6.213173
7.107125
7.366929
6.161785
6.515068
6.046623
5.656410
5.160352
6.248234
6.107317
5.507248
4.802591
4.932826
5.281029
4.528568
5.302088
4.624529
11.333207
10.482184
7.728090
7.295717
6.023676
6.972373
9.722495
10.994788
10.619119
8.473390
7.523974
7.264534
7.532537
8.603189
10.527392
10.404725
7.846122
7.452258
7.172333
6.268250
7.861898
9.938823
10.080327
8.627155
6.079856
6.651932
7.539402
7.943882
10.307055
10.994788
9.894984
7.781666
8.486820
7.959653
8.406343
10.745734
12.003245
11.390197
8.630100
8.957503
8.069056
8.240142
10.179412
11.704299
11.738456
10.388961
9.242326
8.717602
8.863349
8.660636
10.654897
10.978110
9.547791
8.300271
8.439610
8.687657
8.413277
10.136645
10.603156
9.434916
7.064357
6.348402
8.547853
8.725774
10.296382
11.059466
10.363738
8.248723
8.301085
8.986981
9.245778
9.878121
11.205655
10.804536
8.328707
8.523605
9.469213
9.263885
9.759166
10.818126
10.634313
8.513539
8.243540
7.465153
7.673542
9.157786
9.881806
10.227426
9.310567
8.594869
8.013687
6.670543
8.291187
8.950614
9.485793
8.570013
6.218119
5.729688
6.995096
7.886623
8.070004
9.443316
9.241786
7.811984
7.818946
8.220100
8.775670
8.640090
9.715100
9.780901
8.723894
7.996175
7.706509
7.158594
7.495182
8.685245
8.857428
7.443354
7.554136
7.658610
7.751952
7.310490
8.622771
9.191893
7.892257
7.493756
7.390862
6.625318
6.879577
6.353029
7.871098
7.395278
6.836833
7.486209
7.603160
6.839073
7.208997
7.455305
7.012972
5.069248
6.468790
6.276577
6.833932
6.213173
7.107125
7.366929
6.161785
6.515068
6.046623
5.656410
5.160352
6.248234
6.107317
5.507248
4.802591
4.932826
5.281029
4.528568
5.302088
4.624529
11.333207
10.482184
7.728090
7.295717
6.023676
6.972373
9.722495
10.994788
10.619119
8.473390
7.523974
7.264534
7.532537
8.603189
10.527392
10.404725
7.846122
7.452258
7.172333
6.268250
7.861898
9.938823
10.080327
8.627155
6.079856
6.651932
7.539402
7.943882
10.307055
10.994788
9.894984
7.781666
8.486820
7.959653
8.406343
10.745734
12.003245
11.390197
8.630100
8.957503
8.069056
8.240142
10.179412
11.704299
11.738456
10.388961
9.242326
8.717602
8.863349
8.660636
10.654897
10.978110
9.547791
8.300271
8.439610
8.687657
8.413277
10.136645
10.603156
9.434916
7.064357
6.348402
8.547853
8.725774
10.296382
11.059466
10.363738
8.248723
8.301085
8.986981
9.245778
9.878121
11.205655
10.804536
8.328707
8.523605
9.469213
9.263885
9.759166
10.818126
10.634313
8.513539
8.243540
7.465153
7.673542
9.157786
9.881806
10.227426
9.310567
8.594869
8.013687
6.670543
8.291187
8.950614
9.485793
8.570013
6.218119
5.729688
6.995096
7.886623
8.070004
9.443316
9.241786
7.811984
7.818946
8.220100
8.775670
8.640090
9.715100
9.780901
8.723894
7.996175
7.706509
7.158594
7.495182
8.685245
8.857428
7.443354
7.554136
7.658610
7.751952
7.310490
8.622771
9.191893
7.892257
7.493756
7.390862
6.625318
6.879577
6.353029
7.871098
7.395278
6.836833
7.486209
7.603160
6.839073
7.208997
7.455305
7.012972
5.069248
6.468790
6.276577
6.833932
6.213173
7.107125
7.366929
6.161785
6.515068
6.046623
5.656410
5.160352
6.248234
6.107317
5.507248
4.802591
4.932826
5.281029
4.528568
5.302088
4.624529
11.333207
10.482184
7.728090
7.295717
6.023676
6.972373
9.722495
10.994788
10.619119
8.473390
7.523974
7.264534
7.532537
8.603189
10.527392
10.404725
7.846122
7.452258
7.172333
6.268250
7.861898
9.938823
10.080327
8.627155
6.079856
6.651932
7.539402
7.943882
10.307055
10.994788
9.894984
7.781666
8.486820
7.959653
8.406343
10.745734
12.003245
11.390197
8.630100
8.957503
8.069056
8.240142
10.179412
11.704299
11.738456
10.388961
9.242326
8.717602
8.863349
8.660636
10.654897
10.978110
9.547791
8.300271
8.439610
8.687657
8.413277
10.136645
10.603156
9.434916
7.064357
6.348402
8.547853
8.725774
10.296382
11.059466
10.363738
8.248723
8.301085
8.986981
9.245778
9.878121
11.205655
10.804536
8.328707
8.523605
9.469213
9.263885
9.759166
10.818126
10.634313
8.513539
8.243540
7.465153
7.673542
9.157786
9.881806
10.227426
9.310567
8.594869
8.013687
6.670543
8.291187
8.950614
9.485793
8.570013
6.218119
5.729688
6.995096
7.886623
8.070004
9.443316
9.241786
7.811984
7.818946
8.220100
8.775670
8.640090
9.715100
9.780901
8.723894
7.996175
7.706509
7.158594
7.495182
8.685245
8.857428
7.443354
7.554136
7.658610
7.751952
7.310490
8.622771
9.191893
7.892257
7.493756
7.390862
6.625318
6.879577
6.353029
7.871098
7.395278
6.836833
7.486209
7.603160
6.839073
7.208997
7.455305
7.012972
5.069248
6.468790
6.276577
6.833932
6.213173
7.107125
7.366929
6.161785
6.515068
6.046623
5.656410
5.160352
6.248234
6.107317
5.507248
4.802591
4.932826
5.281029
4.528568
5.302088
4.624529
11.333207
10.482184
7.728090
7.295717
6.023676
6.972373
9.722495
10.994788
10.619119
8.473390
7.523974
7.264534
7.532537
8.603189
10.527392
10.404725
7.846122
7.452258
7.172333
6.268250
7.861898
9.938823
10.080327
8.627155
6.079856
6.651932
7.539402
7.943882
10.307055
10.994788
9.894984
7.781666
8.486820
7.959653
8.406343
10.745734
12.003245
11.390197
8.630100
8.957503
8.069056
8.240142
10.179412
11.704299
11.738456
10.388961
9.242326
8.717602
8.863349
8.660636
10.654897
10.978110
9.547791
8.300271
8.439610
8.687657
8.413277
10.136645
10.603156
9.434916
7.064357
6.348402
8.547853
8.725774
10.296382
11.059466
10.363738
8.248723
8.301085
8.986981
9.245778
9.878121
11.205655
10.804536
8.328707
8.523605
9.469213
9.263885
9.759166
10.818126
10.634313
8.513539
8.243540
7.465153
7.673542
9.157786
9.881806
10.227426
9.310567
8.594869
8.013687
6.670543
8.291187
8.950614
9.485793
8.570013
6.218119
5.729688
6.995096
7.886623
8.070004
9.443316
9.241786
7.811984
7.818946
8.220100
8.775670
8.640090
9.715100
9.780901
8.723894
7.996175
7.706509
7.158594
7.495182
8.685245
8.857428
7.443354
7.554136
7.658610
7.751952
7.310490
8.622771
9.191893
7.892257
7.493756
7.390862
6.625318
6.879577
6.353029
7.871098
7.395278
6.836833
7.486209
7.603160
6.839073
7.208997
7.455305
7.012972
5.069248
6.468790
6.276577
6.833932
6.213173
7.107125
7.366929
6.161785
6.515068
6.046623
5.656410
5.160352
6.248234
6.107317
5.507248
4.802591
4.932826
5.281029
4.528568
5.302088
4.624529
11.333207
10.482184
7.728090
7.295717
6.023676
6.972373
9.722495
10.994788
10.619119
8.473390
7.523974
7.264534
7.532537
8.603189
10.527392
10.404725
7.846122
7.452258
7.172333
6.268250
7.861898
9.938823
10.080327
8.627155
6.079856
6.651932
7.539402
7.943882
10.307055
10.994788
9.894984
7.781666
8.486820
7.959653
8.406343
10.745734
12.003245
11.390197
8.630100
8.957503
8.069056
8.240142
10.179412
11.704299
11.738456
10.388961
9.242326
8.717602
8.863349
8.660636
10.654897
10.978110
9.547791
8.300271
8.439610
8.687657
8.413277
10.136645
10.603156
9.434916
7.064357
6.348402
8.547853
8.725774
10.296382
11.059466
10.363738
8.248723
8.301085
8.986981
9.245778
9.878121
11.205655
10.804536
8.328707
8.523605
9.469213
9.263885
9.759166
10.818126
10.634313
8.513539
8.243540
7.465153
7.673542
9.157786
9.881806
10.227426
9.310567
8.594869
8.013687
6.670543
8.291187
8.950614
9.485793
8.570013
6.218119
5.729688
6.995096
7.886623
8.070004
9.443316
9.241786
7.811984
7.818946
8.220100
8.775670
8.640090
9.715100
9.780901
8.723894
7.996175
7.706509
7.158594
7.495182
8.685245
8.857428
7.443354
7.554136
7.658610
7.751952
7.310490
8.622771
9.191893
7.892257
7.493756
7.390862
6.625318
6.879577
6.353029
7.871098
7.395278
6.836833
7.486209
7.603160
6.839073
7.208997
7.455305
7.012972
5.069248
6.468790
6.276577
6.833932
6.213173
7.107125
7.366929
6.161785
6.515068
6.046623
5.656410
5.160352
6.248234
6.107317
5.507248
4.802591
4.932826
5.281029
4.528568
5.302088
4.624529
11.333207
10.482184
7.728090
7.295717
6.023676
6.972373
9.722495
10.994788
10.619119
8.473390
7.523974
7.264534
7.532537
8.603189
10.527392
10.404725
7.846122
7.452258
7.172333
6.268250
7.861898
9.938823
10.080327
8.627155
6.079856
6.651932
7.539402
7.943882
10.307055
10.994788
9.894984
7.781666
8.486820
7.959653
8.406343
10.745734
12.003245
11.390197
8.630100
8.957503
8.069056
8.240142
10.179412
11.704299
11.738456
10.388961
9.242326
8.717602
8.863349
8.660636
10.654897
10.978110
9.547791
8.300271
8.439610
8.687657
8.413277
10.136645
10.603156
9.434916
7.064357
6.348402
8.547853
8.725774
10.296382
11.059466
10.363738
8.248723
8.301085
8.986981
9.245778
9.878121
11.205655
10.804536
8.328707
8.523605
9.469213
9.263885
9.759166
10.818126
10.634313
8.513539
8.243540
7.465153
7.673542
9.157786
9.881806
10.227426
9.310567
8.594869
8.013687
6.670543
8.291187
8.950614
9.485793
8.570013
6.218119
5.729688
6.995096
7.886623
8.070004
9.443316
9.241786
7.811984
7.818946
8.220100
8.775670
8.640090
9.715100
9.780901
8.723894
7.996175
7.706509
7.158594
7.495182
8.685245
8.857428
7.443354
7.554136
7.658610
7.751952
7.310490
8.622771
9.191893
7.892257
7.493756
7.390862
6.625318
6.879577
6.353029
7.871098
7.395278
6.836833
7.486209
7.603160
6.839073
7.208997
7.455305
7.012972
5.069248
6.468790
6.276577
6.833932
6.213173
7.107125
7.366929
6.161785
6.515068
6.046623
5.656410
5.160352
6.248234
6.107317
5.507248
4.802591
4.932826
5.281029
4.528568
5.302088
4.624529
11.333207
10.482184
7.728090
7.295717
6.023676
6.972373
9.722495
10.994788
10.619119
8.473390
7.523974
7.264534
7.532537
8.603189
10.527392
10.404725
7.846122
7.452258
7.172333
6.268250
7.861898
9.938823
10.080327
8.627155
6.079856
6.651932
7.539402
7.943882
10.307055
10.994788
9.894984
7.781666
8.486820
7.959653
8.406343
10.745734
12.003245
11.390197
8.630100
8.957503
8.069056
8.240142
10.179412
11.704299
11.738456
10.388961
9.242326
8.717602
8.863349
8.660636
10.654897
10.978110
9.547791
8.300271
8.439610
8.687657
8.413277
10.136645
10.603156
9.434916
7.064357
6.348402
8.547853
8.725774
10.296382
11.059466
10.363738
8.248723
8.301085
8.986981
9.245778
9.878121
11.205655
10.804536
8.328707
8.523605
9.469213
9.263885
9.759166
10.818126
10.634313
8.513539
8.243540
7.465153
7.673542
9.157786
9.881806
10.227426
9.310567
8.594869
8.013687
6.670543
8.291187
8.950614
9.485793
8.570013
6.218119
5.729688
6.995096
7.886623
8.070004
9.443316
9.241786
7.811984
7.818946
8.220100
8.775670
8.640090
9.715100
9.780901
8.723894
7.996175
7.706509
7.158594
7.495182
8.685245
8.857428
7.443354
7.554136
7.658610
7.751952
7.310490
8.622771
9.191893
7.892257
7.493756
7.390862
6.625318
6.879577
6.353029
7.871098
7.395278
6.836833
7.486209
7.603160
6.839073
7.208997
7.455305
7.012972
5.069248
6.468790
6.276577
6.833932
6.213173
7.107125
7.366929
6.161785
6.515068
6.046623
5.656410
5.160352
6.248234
6.107317
5.507248
4.802591
4.932826
5.281029
4.528568
5.302088
4.624529
11.333207
10.482184
7.728090
7.295717
6.023676
6.972373
9.722495
10.994788
10.619119
8.473390
7.523974
7.264534
7.532537
8.603189
10.527392
10.404725
7.846122
7.452258
7.172333
6.268250
7.861898
9.938823
10.080327
8.627155
6.079856
6.651932
7.539402
7.943882
10.307055
10.994788
9.894984
7.781666
8.486820
7.959653
8.406343
10.745734
12.003245
11.390197
8.630100
8.957503
8.069056
8.240142
10.179412
11.704299
11.738456
10.388961
9.242326
8.717602
8.863349
8.660636
10.654897
10.978110
9.547791
8.300271
8.439610
8.687657
8.413277
10.136645
10.603156
9.434916
7.064357
6.348402
8.547853
8.725774
10.296382
11.059466
10.363738
8.248723
8.301085
8.986981
9.245778
9.878121
11.205655
10.804536
8.328707
8.523605
9.469213
9.263885
9.759166
10.818126
10.634313
8.513539
8.243540
7.465153
7.673542
9.157786
9.881806
10.227426
9.310567
8.594869
8.013687
6.670543
8.291187
8.950614
9.485793
8.570013
6.218119
5.729688
6.995096
7.886623
8.070004
9.443316
9.241786
7.811984
7.818946
8.220100
8.775670
8.640090
9.715100
9.780901
8.723894
7.996175
7.706509
7.158594
7.495182
8.685245
8.857428
7.443354
7.554136
7.658610
7.751952
7.310490
8.622771
9.191893
7.892257
7.493756
7.390862
6.625318
6.879577
6.353029
7.871098
7.395278
6.836833
7.486209
7.603160
6.839073
7.208997
7.455305
7.012972
5.069248
6.468790
6.276577
6.833932
6.213173
7.107125
7.366929
6.161785
6.515068
6.046623
5.656410
5.160352
6.248234
6.107317
5.507248
4.802591
4.932826
5.281029
4.528568
5.302088
4.624529
11.333207
10.482184
7.728090
7.295717
6.023676
6.972373
9.722495
10.994788
10.619119
8.473390
7.523974
7.264534
7.532537
8.603189
10.527392
10.404725
7.846122
7.452258
7.172333
6.268250
7.861898
9.938823
10.080327
8.627155
6.079856
6.651932
7.539402
7.943882
10.307055
10.994788
9.894984
7.781666
8.486820
7.959653
8.406343
10.745734
12.003245
11.390197
8.630100
8.957503
8.069056
8.240142
10.179412
11.704299
11.738456
10.388961
9.242326
8.717602
8.863349
8.660636
10.654897
10.978110
9.547791
8.300271
8.439610
8.687657
8.413277
10.136645
10.603156
9.434916
7.064357
6.348402
8.547853
8.725774
10.296382
11.059466
10.363738
8.248723
8.301085
8.986981
9.245778
9.878121
11.205655
10.804536
8.328707
8.523605
9.469213
9.263885
9.759166
10.818126
10.634313
8.513539
8.243540
7.465153
7.673542
9.157786
9.881806
10.227426
9.310567
8.594869
8.013687
6.670543
8.291187
8.950614
9.485793
8.570013
6.218119
5.729688
6.995096
7.886623
8.070004
9.443316
9.241786
7.811984
7.818946
8.220100
8.775670
8.640090
9.715100
9.780901
8.723894
7.996175
7.706509
7.158594
7.495182
8.685245
8.857428
7.443354
7.554136
7.658610
7.751952
7.310490
8.622771
9.191893
7.892257
7.493756
7.390862
6.625318
6.879577
6.353029
7.871098
7.395278
6.836833
7.486209
7.603160
6.839073
7.208997
7.455305
7.012972
5.069248
6.468790
6.276577
6.833932
6.213173
7.107125
7.366929
6.161785
6.515068
6.046623
5.656410
5.160352
6.248234
6.107317
5.507248
4.802591
4.932826
5.281029
4.528568
5.302088
4.624529
11.333207
10.482184
7.728090
7.295717
6.023676
6.972373
9.722495
10.994788
10.619119
8.473390
7.523974
7.264534
7.532537
8.603189
10.527392
10.404725
7.846122
7.452258
7.172333
6.268250
7.861898
9.938823
10.080327
8.627155
6.079856
6.651932
7.539402
7.943882
10.307055
10.994788
9.894984
7.781666
8.486820
7.959653
8.406343
10.745734
12.003245
11.390197
8.630100
8.957503
8.069056
8.240142
10.179412
11.704299
11.738456
10.388961
9.242326
8.717602
8.863349
8.660636
10.654897
10.978110
9.547791
8.300271
8.439610
8.687657
8.413277
10.136645
10.603156
9.434916
7.064357
6.348402
8.547853
8.725774
10.296382
11.059466
10.363738
8.248723
8.301085
8.986981
9.245778
9.878121
11.205655
10.804536
8.328707
8.523605
9.469213
9.263885
9.759166
10.818126
10.634313
8.513539
8.243540
7.465153
7.673542
9.157786
9.881806
10.227426
9.310567
8.594869
8.013687
6.670543
8.291187
8.950614
9.485793
8.570013
6.218119
5.729688
6.995096
7.886623
8.070004
9.443316
9.241786
7.811984
7.818946
8.220100
8.775670
8.640090
9.715100
9.780901
8.723894
7.996175
7.706509
7.158594
7.495182
8.685245
8.857428
7.443354
7.554136
7.658610
7.751952
7.310490
8.622771
9.191893
7.892257
7.493756
7.390862
6.625318
6.879577
6.353029
7.871098
7.395278
6.836833
7.486209
7.603160
6.839073
7.208997
7.455305
7.012972
5.069248
6.468790
6.276577
6.833932
6.213173
7.107125
7.366929
6.161785
6.515068
6.046623
5.656410
5.160352
6.248234
6.107317
5.507248
4.802591
4.932826
5.281029
4.528568
5.302088
4.624529
11.333207
10.482184
7.728090
7.295717
6.023676
6.972373
9.722495
10.994788
10.619119
8.473390
7.523974
7.264534
7.532537
8.603189
10.527392
10.404725
7.846122
7.452258
7.172333
6.268250
7.861898
9.938823
10.080327
8.627155
6.079856
6.651932
7.539402
7.943882
10.307055
10.994788
9.894984
7.781666
8.486820
7.959653
8.406343
10.745734
12.003245
11.390197
8.630100
8.957503
8.069056
8.240142
10.179412
11.704299
11.738456
10.388961
9.242326
8.717602
8.863349
8.660636
10.654897
10.978110
9.547791
8.300271
8.439610
8.687657
8.413277
10.136645
10.603156
9.434916
7.064357
6.348402
8.547853
8.725774
10.296382
11.059466
10.363738
8.248723
8.301085
8.986981
9.245778
9.878121
11.205655
10.804536
8.328707
8.523605
9.469213
9.263885
9.759166
10.818126
10.634313
8.513539
8.243540
7.465153
7.673542
9.157786
9.881806
10.227426
9.310567
8.594869
8.013687
6.670543
8.291187
8.950614
9.485793
8.570013
6.218119
5.729688
6.995096
7.886623
8.070004
9.443316
9.241786
7.811984
7.818946
8.220100
8.775670
8.640090
9.715100
9.780901
8.723894
7.996175
7.706509
7.158594
7.495182
8.685245
8.857428
7.443354
7.554136
7.658610
7.751952
7.310490
8.622771
9.191893
7.892257
7.493756
7.390862
6.625318
6.879577
6.353029
7.871098
7.395278
6.836833
7.486209
7.603160
6.839073
7.208997
7.455305
7.012972
5.069248
6.468790
6.276577
6.833932
6.213173
7.107125
7.366929
6.161785
6.515068
6.046623
5.656410
5.160352
6.248234
6.107317
5.507248
4.802591
4.932826
5.281029
4.528568
5.302088
4.624529
11.333207
10.482184
7.728090
7.295717
6.023676
6.972373
9.722495
10.994788
10.619119
8.473390
7.523974
7.264534
7.532537
8.603189
10.527392
10.404725
7.846122
7.452258
7.172333
6.268250
7.861898
9.938823
10.080327
8.627155
6.079856
6.651932
7.539402
7.943882
10.307055
10.994788
9.894984
7.781666
8.486820
7.959653
8.406343
10.745734
12.003245
11.390197
8.630100
8.957503
8.069056
8.240142
10.179412
11.704299
11.738456
10.388961
9.242326
8.717602
8.863349
8.660636
10.654897
10.978110
9.547791
8.300271
8.439610
8.687657
8.413277
10.136645
10.603156
9.434916
7.064357
6.348402
8.547853
8.725774
10.296382
11.059466
10.363738
8.248723
8.301085
8.986981
9.245778
9.878121
11.205655
10.804536
8.328707
8.523605
9.469213
9.263885
9.759166
10.818126
10.634313
8.513539
8.243540
7.465153
7.673542
9.157786
9.881806
10.227426
9.310567
8.594869
8.013687
6.670543
8.291187
8.950614
9.485793
8.570013
6.218119
5.729688
6.995096
7.886623
8.070004
9.443316
9.241786
7.811984
7.818946
8.220100
8.775670
8.640090
9.715100
9.780901
8.723894
7.996175
7.706509
7.158594
7.495182
8.685245
8.857428
7.443354
7.554136
7.658610
7.751952
7.310490
8.622771
9.191893
7.892257
7.493756
7.390862
6.625318
6.879577
6.353029
7.871098
7.395278
6.836833
7.486209
7.603160
6.839073
7.208997
7.455305
7.012972
5.069248
6.468790
6.276577
6.833932
6.213173
7.107125
7.366929
6.161785
6.515068
6.046623
5.656410
5.160352
6.248234
6.107317
5.507248
4.802591
4.932826
5.281029
4.528568
5.302088
4.624529
11.333207
10.482184
7.728090
7.295717
6.023676
6.972373
9.722495
10.994788
10.619119
8.473390
7.523974
7.264534
7.532537
8.603189
10.527392
10.404725
7.846122
7.452258
7.172333
6.268250
7.861898
9.938823
10.080327
8.627155
6.079856
6.651932
7.539402
7.943882
10.307055
10.994788
9.894984
7.781666
8.486820
7.959653
8.406343
10.745734
12.003245
11.390197
8.630100
8.957503
8.069056
8.240142
10.179412
11.704299
11.738456
10.388961
9.242326
8.717602
8.863349
8.660636
10.654897
10.978110
9.547791
8.300271
8.439610
8.687657
8.413277
10.136645
10.603156
9.434916
7.064357
6.348402
8.547853
8.725774
10.296382
11.059466
10.363738
8.248723
8.301085
8.986981
9.245778
9.878121
11.205655
10.804536
8.328707
8.523605
9.469213
9.263885
9.759166
10.818126
10.634313
8.513539
8.243540
7.465153
7.673542
9.157786
9.881806
10.227426
9.310567
8.594869
8.013687
6.670543
8.291187
8.950614
9.485793
8.570013
6.218119
5.729688
6.995096
7.886623
8.070004
9.443316
9.241786
7.811984
7.818946
8.220100
8.775670
8.640090
9.715100
9.780901
8.723894
7.996175
7.706509
7.158594
7.495182
8.685245
8.857428
7.443354
7.554136
7.658610
7.751952
7.310490
8.622771
9.191893
7.892257
7.493756
7.390862
6.625318
6.879577
6.353029
7.871098
7.395278
6.836833
7.486209
7.603160
6.839073
7.208997
7.455305
7.012972
5.069248
6.468790
6.276577
6.833932
6.213173
7.107125
7.366929
6.161785
6.515068
6.046623
5.656410
5.160352
6.248234
6.107317
5.507248
4.802591
4.932826
5.281029
4.528568
5.302088
4.624529
11.333207
10.482184
7.728090
7.295717
6.023676
6.972373
9.722495
10.994788
10.619119
8.473390
7.523974
7.264534
7.532537
8.603189
10.527392
10.404725
7.846122
7.452258
7.172333
6.268250
7.861898
9.938823
10.080327
8.627155
6.079856
6.651932
7.539402
7.943882
10.307055
10.994788
9.894984
7.781666
8.486820
7.959653
8.406343
10.745734
12.003245
11.390197
8.630100
8.957503
8.069056
8.240142
10.179412
11.704299
11.738456
10.388961
9.242326
8.717602
8.863349
8.660636
10.654897
10.978110
9.547791
8.300271
8.439610
8.687657
8.413277
10.136645
10.603156
9.434916
7.064357
6.348402
8.547853
8.725774
10.296382
11.059466
10.363738
8.248723
8.301085
8.986981
9.245778
9.878121
11.205655
10.804536
8.328707
8.523605
9.469213
9.263885
9.759166
10.818126
10.634313
8.513539
8.243540
7.465153
7.673542
9.157786
9.881806
10.227426
9.310567
8.594869
8.013687
6.670543
8.291187
8.950614
9.485793
8.570013
6.218119
5.729688
6.995096
7.886623
8.070004
9.443316
9.241786
7.811984
7.818946
8.220100
8.775670
8.640090
9.715100
9.780901
8.723894
7.996175
7.706509
7.158594
7.495182
8.685245
8.857428
7.443354
7.554136
7.658610
7.751952
7.310490
8.622771
9.191893
7.892257
7.493756
7.390862
6.625318
6.879577
6.353029
7.871098
7.395278
6.836833
7.486209
7.603160
6.839073
7.208997
7.455305
7.012972
5.069248
6.468790
6.276577
6.833932
6.213173
7.107125
7.366929
6.161785
6.515068
6.046623
5.656410
5.160352
6.248234
6.107317
5.507248
4.802591
4.932826
5.281029
4.528568
5.302088
4.624529
11.333207
10.482184
7.728090
7.295717
6.023676
6.972373
9.722495
10.994788
10.619119
8.473390
7.523974
7.264534
7.532537
8.603189
10.527392
10.404725
7.846122
7.452258
7.172333
6.268250
7.861898
9.938823
10.080327
8.627155
6.079856
6.651932
7.539402
7.943882
10.307055
10.994788
9.894984
7.781666
8.486820
7.959653
8.406343
10.745734
12.003245
11.390197
8.630100
8.957503
8.069056
8.240142
10.179412
11.704299
11.738456
10.388961
9.242326
8.717602
8.863349
8.660636
10.654897
10.978110
9.547791
8.300271
8.439610
8.687657
8.413277
10.136645
10.603156
9.434916
7.064357
6.348402
8.547853
8.725774
10.296382
11.059466
10.363738
8.248723
8.301085
8.986981
9.245778
9.878121
11.205655
10.804536
8.328707
8.523605
9.469213
9.263885
9.759166
10.818126
10.634313
8.513539
8.243540
7.465153
7.673542
9.157786
9.881806
10.227426
9.310567
8.594869
8.013687
6.670543
8.291187
8.950614
9.485793
8.570013
6.218119
5.729688
6.995096
7.886623
8.070004
9.443316
9.241786
7.811984
7.818946
8.220100
8.775670
8.640090
9.715100
9.780901
8.723894
7.996175
7.706509
7.158594
7.495182
8.685245
8.857428
7.443354
7.554136
7.658610
7.751952
7.310490
8.622771
9.191893
7.892257
7.493756
7.390862
6.625318
6.879577
6.353029
7.871098
7.395278
6.836833
7.486209
7.603160
6.839073
7.208997
7.455305
7.012972
5.069248
6.468790
6.276577
6.833932
6.213173
7.107125
7.366929
6.161785
6.515068
6.046623
5.656410
5.160352
6.248234
6.107317
5.507248
4.802591
4.932826
5.281029
4.528568
5.302088
4.624529
11.333207
10.482184
7.728090
7.295717
6.023676
6.972373
9.722495
10.994788
10.619119
8.473390
7.523974
7.264534
7.532537
8.603189
10.527392
10.404725
7.846122
7.452258
7.172333
6.268250
7.861898
9.938823
10.080327
8.627155
6.079856
6.651932
7.539402
7.943882
10.307055
10.994788
9.894984
7.781666
8.486820
7.959653
8.406343
10.745734
12.003245
11.390197
8.630100
8.957503
8.069056
8.240142
10.179412
11.704299
11.738456
10.388961
9.242326
8.717602
8.863349
8.660636
10.654897
10.978110
9.547791
8.300271
8.439610
8.687657
8.413277
10.136645
10.603156
9.434916
7.064357
6.348402
8.547853
8.725774
10.296382
11.059466
10.363738
8.248723
8.301085
8.986981
9.245778
9.878121
11.205655
10.804536
8.328707
8.523605
9.469213
9.263885
9.759166
10.818126
10.634313
8.513539
8.243540
7.465153
7.673542
9.157786
9.881806
10.227426
9.310567
8.594869
8.013687
6.670543
8.291187
8.950614
9.485793
8.570013
6.218119
5.729688
6.995096
7.886623
8.070004
9.443316
9.241786
7.811984
7.818946
8.220100
8.775670
8.640090
9.715100
9.780901
8.723894
7.996175
7.706509
7.158594
7.495182
8.685245
8.857428
7.443354
7.554136
7.658610
7.751952
7.310490
8.622771
9.191893
7.892257
7.493756
7.390862
6.625318
6.879577
6.353029
7.871098
7.395278
6.836833
7.486209
7.603160
6.839073
7.208997
7.455305
7.012972
5.069248
6.468790
6.276577
6.833932
6.213173
7.107125
7.366929
6.161785
6.515068
6.046623
5.656410
5.160352
6.248234
6.107317
5.507248
4.802591
4.932826
5.281029
4.528568
5.302088
4.624529
11.333207
10.482184
7.728090
7.295717
6.023676
6.972373
9.722495
10.994788
10.619119
8.473390
7.523974
7.264534
7.532537
8.603189
10.527392
10.404725
7.846122
7.452258
7.172333
6.268250
7.861898
9.938823
10.080327
8.627155
6.079856
6.651932
7.539402
7.943882
10.307055
10.994788
9.894984
7.781666
8.486820
7.959653
8.406343
10.745734
12.003245
11.390197
8.630100
8.957503
8.069056
8.240142
10.179412
11.704299
11.738456
10.388961
9.242326
8.717602
8.863349
8.660636
10.654897
10.978110
9.547791
8.300271
8.439610
8.687657
8.413277
10.136645
10.603156
9.434916
7.064357
6.348402
8.547853
8.725774
10.296382
11.059466
10.363738
8.248723
8.301085
8.986981
9.245778
9.878121
11.205655
10.804536
8.328707
8.523605
9.469213
9.263885
9.759166
10.818126
10.634313
8.513539
8.243540
7.465153
7.673542
9.157786
9.881806
10.227426
9.310567
8.594869
8.013687
6.670543
8.291187
8.950614
9.485793
8.570013
6.218119
5.729688
6.995096
7.886623
8.070004
9.443316
9.241786
7.811984
7.818946
8.220100
8.775670
8.640090
9.715100
9.780901
8.723894
7.996175
7.706509
7.158594
7.495182
8.685245
8.857428
7.443354
7.554136
7.658610
7.751952
7.310490
8.622771
9.191893
7.892257
7.493756
7.390862
6.625318
6.879577
6.353029
7.871098
7.395278
6.836833
7.486209
7.603160
6.839073
7.208997
7.455305
7.012972
5.069248
6.468790
6.276577
6.833932
6.213173
7.107125
7.366929
6.161785
6.515068
6.046623
5.656410
5.160352
6.248234
6.107317
5.507248
4.802591
4.932826
5.281029
4.528568
5.302088
4.624529
11.333207
10.482184
7.728090
7.295717
6.023676
6.972373
9.722495
10.994788
10.619119
8.473390
7.523974
7.264534
7.532537
8.603189
10.527392
10.404725
7.846122
7.452258
7.172333
6.268250
7.861898
9.938823
10.080327
8.627155
6.079856
6.651932
7.539402
7.943882
10.307055
10.994788
9.894984
7.781666
8.486820
7.959653
8.406343
10.745734
12.003245
11.390197
8.630100
8.957503
8.069056
8.240142
10.179412
11.704299
11.738456
10.388961
9.242326
8.717602
8.863349
8.660636
10.654897
10.978110
9.547791
8.300271
8.439610
8.687657
8.413277
10.136645
10.603156
9.434916
7.064357
6.348402
8.547853
8.725774
10.296382
11.059466
10.363738
8.248723
8.301085
8.986981
9.245778
9.878121
11.205655
10.804536
8.328707
8.523605
9.469213
9.263885
9.759166
10.818126
10.634313
8.513539
8.243540
7.465153
7.673542
9.157786
9.881806
10.227426
9.310567
8.594869
8.013687
6.670543
8.291187
8.950614
9.485793
8.570013
6.218119
5.729688
6.995096
7.886623
8.070004
9.443316
9.241786
7.811984
7.818946
8.220100
8.775670
8.640090
9.715100
9.780901
8.723894
7.996175
7.706509
7.158594
7.495182
8.685245
8.857428
7.443354
7.554136
7.658610
7.751952
7.310490
8.622771
9.191893
7.892257
7.493756
7.390862
6.625318
6.879577
6.353029
7.871098
7.395278
6.836833
7.486209
7.603160
6.839073
7.208997
7.455305
7.012972
5.069248
6.468790
6.276577
6.833932
6.213173
7.107125
7.366929
6.161785
6.515068
6.046623
5.656410
5.160352
6.248234
6.107317
5.507248
4.802591
4.932826
5.281029
4.528568
5.302088
4.624529
11.333207
10.482184
7.728090
7.295717
6.023676
6.972373
9.722495
10.994788
10.619119
8.473390
7.523974
7.264534
7.532537
8.603189
10.527392
10.404725
7.846122
7.452258
7.172333
6.268250
7.861898
9.938823
10.080327
8.627155
6.079856
6.651932
7.539402
7.943882
10.307055
10.994788
9.894984
7.781666
8.486820
7.959653
8.406343
10.745734
12.003245
11.390197
8.630100
8.957503
8.069056
8.240142
10.179412
11.704299
11.738456
10.388961
9.242326
8.717602
8.863349
8.660636
10.654897
10.978110
9.547791
8.300271
8.439610
8.687657
8.413277
10.136645
10.603156
9.434916
7.064357
6.348402
8.547853
8.725774
10.296382
11.059466
10.363738
8.248723
8.301085
8.986981
9.245778
9.878121
11.205655
10.804536
8.328707
8.523605
9.469213
9.263885
9.759166
10.818126
10.634313
8.513539
8.243540
7.465153
7.673542
9.157786
9.881806
10.227426
9.310567
8.594869
8.013687
6.670543
8.291187
8.950614
9.485793
8.570013
6.218119
5.729688
6.995096
7.886623
8.070004
9.443316
9.241786
7.811984
7.818946
8.220100
8.775670
8.640090
9.715100
9.780901
8.723894
7.996175
7.706509
7.158594
7.495182
8.685245
8.857428
7.443354
7.554136
7.658610
7.751952
7.310490
8.622771
9.191893
7.892257
7.493756
7.390862
6.625318
6.879577
6.353029
7.871098
7.395278
6.836833
7.486209
7.603160
6.839073
7.208997
7.455305
7.012972
5.069248
6.468790
6.276577
6.833932
6.213173
7.107125
7.366929
6.161785
6.515068
6.046623
5.656410
5.160352
6.248234
6.107317
5.507248
4.802591
4.932826
5.281029
4.528568
5.302088
4.624529
11.333207
10.482184
7.728090
7.295717
6.023676
6.972373
9.722495
10.994788
10.619119
8.473390
7.523974
7.264534
7.532537
8.603189
10.527392
10.404725
7.846122
7.452258
7.172333
6.268250
7.861898
9.938823
10.080327
8.627155
6.079856
6.651932
7.539402
7.943882
10.307055
10.994788
9.894984
7.781666
8.486820
7.959653
8.406343
10.745734
12.003245
11.390197
8.630100
8.957503
8.069056
8.240142
10.179412
11.704299
11.738456
10.388961
9.242326
8.717602
8.863349
8.660636
10.654897
10.978110
9.547791
8.300271
8.439610
8.687657
8.413277
10.136645
10.603156
9.434916
7.064357
6.348402
8.547853
8.725774
10.296382
11.059466
10.363738
8.248723
8.301085
8.986981
9.245778
9.878121
11.205655
10.804536
8.328707
8.523605
9.469213
9.263885
9.759166
10.818126
10.634313
8.513539
8.243540
7.465153
7.673542
9.157786
9.881806
10.227426
9.310567
8.594869
8.013687
6.670543
8.291187
8.950614
9.485793
8.570013
6.218119
5.729688
6.995096
7.886623
8.070004
9.443316
9.241786
7.811984
7.818946
8.220100
8.775670
8.640090
9.715100
9.780901
8.723894
7.996175
7.706509
7.158594
7.495182
8.685245
8.857428
7.443354
7.554136
7.658610
7.751952
7.310490
8.622771
9.191893
7.892257
7.493756
7.390862
6.625318
6.879577
6.353029
7.871098
7.395278
6.836833
7.486209
7.603160
6.839073
7.208997
7.455305
7.012972
5.069248
6.468790
6.276577
6.833932
6.213173
7.107125
7.366929
6.161785
6.515068
6.046623
5.656410
5.160352
6.248234
6.107317
5.507248
4.802591
4.932826
5.281029
4.528568
5.302088
4.624529
11.333207
10.482184
7.728090
7.295717
6.023676
6.972373
9.722495
10.994788
10.619119
8.473390
7.523974
7.264534
7.532537
8.603189
10.527392
10.404725
7.846122
7.452258
7.172333
6.268250
7.861898
9.938823
10.080327
8.627155
6.079856
6.651932
7.539402
7.943882
10.307055
10.994788
9.894984
7.781666
8.486820
7.959653
8.406343
10.745734
12.003245
11.390197
8.630100
8.957503
8.069056
8.240142
10.179412
11.704299
11.738456
10.388961
9.242326
8.717602
8.863349
8.660636
10.654897
10.978110
9.547791
8.300271
8.439610
8.687657
8.413277
10.136645
10.603156
9.434916
7.064357
6.348402
8.547853
8.725774
10.296382
11.059466
10.363738
8.248723
8.301085
8.986981
9.245778
9.878121
11.205655
10.804536
8.328707
8.523605
9.469213
9.263885
9.759166
10.818126
10.634313
8.513539
8.243540
7.465153
7.673542
9.157786
9.881806
10.227426
9.310567
8.594869
8.013687
6.670543
8.291187
8.950614
9.485793
8.570013
6.218119
5.729688
6.995096
7.886623
8.070004
9.443316
9.241786
7.811984
7.818946
8.220100
8.775670
8.640090
9.715100
9.780901
8.723894
7.996175
7.706509
7.158594
7.495182
8.685245
8.857428
7.443354
7.554136
7.658610
7.751952
7.310490
8.622771
9.191893
7.892257
7.493756
7.390862
6.625318
6.879577
6.353029
7.871098
7.395278
6.836833
7.486209
7.603160
6.839073
7.208997
7.455305
7.012972
5.069248
6.468790
6.276577
6.833932
6.213173
7.107125
7.366929
6.161785
6.515068
6.046623
5.656410
5.160352
6.248234
6.107317
5.507248
4.802591
4.932826
5.281029
4.528568
5.302088
4.624529
11.333207
10.482184
7.728090
7.295717
6.023676
6.972373
9.722495
10.994788
10.619119
8.473390
7.523974
7.264534
7.532537
8.603189
10.527392
10.404725
7.846122
7.452258
7.172333
6.268250
7.861898
9.938823
10.080327
8.627155
6.079856
6.651932
7.539402
7.943882
10.307055
10.994788
9.894984
7.781666
8.486820
7.959653
8.406343
10.745734
12.003245
11.390197
8.630100
8.957503
8.069056
8.240142
10.179412
11.704299
11.738456
10.388961
9.242326
8.717602
8.863349
8.660636
10.654897
10.978110
9.547791
8.300271
8.439610
8.687657
8.413277
10.136645
10.603156
9.434916
7.064357
6.348402
8.547853
8.725774
10.296382
11.059466
10.363738
8.248723
8.301085
8.986981
9.245778
9.878121
11.205655
10.804536
8.328707
8.523605
9.469213
9.263885
9.759166
10.818126
10.634313
8.513539
8.243540
7.465153
7.673542
9.157786
9.881806
10.227426
9.310567
8.594869
8.013687
6.670543
8.291187
8.950614
9.485793
8.570013
6.218119
5.729688
6.995096
7.886623
8.070004
9.443316
9.241786
7.811984
7.818946
8.220100
8.775670
8.640090
9.715100
9.780901
8.723894
7.996175
7.706509
7.158594
7.495182
8.685245
8.857428
7.443354
7.554136
7.658610
7.751952
7.310490
8.622771
9.191893
7.892257
7.493756
7.390862
6.625318
6.879577
6.353029
7.871098
7.395278
6.836833
7.486209
7.603160
6.839073
7.208997
7.455305
7.012972
5.069248
6.468790
6.276577
6.833932
6.213173
7.107125
7.366929
6.161785
6.515068
6.046623
5.656410
5.160352
6.248234
6.107317
5.507248
4.802591
4.932826
5.281029
4.528568
5.302088
4.624529
11.333207
10.482184
7.728090
7.295717
6.023676
6.972373
9.722495
10.994788
10.619119
8.473390
7.523974
7.264534
7.532537
8.603189
10.527392
10.404725
7.846122
7.452258
7.172333
6.268250
7.861898
9.938823
10.080327
8.627155
6.079856
6.651932
7.539402
7.943882
10.307055
10.994788
9.894984
7.781666
8.486820
7.959653
8.406343
10.745734
12.003245
11.390197
8.630100
8.957503
8.069056
8.240142
10.179412
11.704299
11.738456
10.388961
9.242326
8.717602
8.863349
8.660636
10.654897
10.978110
9.547791
8.300271
8.439610
8.687657
8.413277
10.136645
10.603156
9.434916
7.064357
6.348402
8.547853
8.725774
10.296382
11.059466
10.363738
8.248723
8.301085
8.986981
9.245778
9.878121
11.205655
10.804536
8.328707
8.523605
9.469213
9.263885
9.759166
10.818126
10.634313
8.513539
8.243540
7.465153
7.673542
9.157786
9.881806
10.227426
9.310567
8.594869
8.013687
6.670543
8.291187
8.950614
9.485793
8.570013
6.218119
5.729688
6.995096
7.886623
8.070004
9.443316
9.241786
7.811984
7.818946
8.220100
8.775670
8.640090
9.715100
9.780901
8.723894
7.996175
7.706509
7.158594
7.495182
8.685245
8.857428
7.443354
7.554136
7.658610
7.751952
7.310490
8.622771
9.191893
7.892257
7.493756
7.390862
6.625318
6.879577
6.353029
7.871098
7.395278
6.836833
7.486209
7.603160
6.839073
7.208997
7.455305
7.012972
5.069248
6.468790
6.276577
6.833932
6.213173
7.107125
7.366929
6.161785
6.515068
6.046623
5.656410
5.160352
6.248234
6.107317
5.507248
4.802591
4.932826
5.281029
4.528568
5.302088
4.624529
11.333207
10.482184
7.728090
7.295717
6.023676
6.972373
9.722495
10.994788
10.619119
8.473390
7.523974
7.264534
7.532537
8.603189
10.527392
10.404725
7.846122
7.452258
7.172333
6.268250
7.861898
9.938823
10.080327
8.627155
6.079856
6.651932
7.539402
7.943882
10.307055
10.994788
9.894984
7.781666
8.486820
7.959653
8.406343
10.745734
12.003245
11.390197
8.630100
8.957503
8.069056
8.240142
10.179412
11.704299
11.738456
10.388961
9.242326
8.717602
8.863349
8.660636
10.654897
10.978110
9.547791
8.300271
8.439610
8.687657
8.413277
10.136645
10.603156
9.434916
7.064357
6.348402
8.547853
8.725774
10.296382
11.059466
10.363738
8.248723
8.301085
8.986981
9.245778
9.878121
11.205655
10.804536
8.328707
8.523605
9.469213
9.263885
9.759166
10.818126
10.634313
8.513539
8.243540
7.465153
7.673542
9.157786
9.881806
10.227426
9.310567
8.594869
8.013687
6.670543
8.291187
8.950614
9.485793
8.570013
6.218119
5.729688
6.995096
7.886623
8.070004
9.443316
9.241786
7.811984
7.818946
8.220100
8.775670
8.640090
9.715100
9.780901
8.723894
7.996175
7.706509
7.158594
7.495182
8.685245
8.857428
7.443354
7.554136
7.658610
7.751952
7.310490
8.622771
9.191893
7.892257
7.493756
7.390862
6.625318
6.879577
6.353029
7.871098
7.395278
6.836833
7.486209
7.603160
6.839073
7.208997
7.455305
7.012972
5.069248
6.468790
6.276577
6.833932
6.213173
7.107125
7.366929
6.161785
6.515068
6.046623
5.656410
5.160352
6.248234
6.107317
5.507248
4.802591
4.932826
5.281029
4.528568
5.302088
4.624529
11.333207
10.482184
7.728090
7.295717
6.023676
6.972373
9.722495
10.994788
10.619119
8.473390
7.523974
7.264534
7.532537
8.603189
10.527392
10.404725
7.846122
7.452258
7.172333
6.268250
7.861898
9.938823
10.080327
8.627155
6.079856
6.651932
7.539402
7.943882
10.307055
10.994788
9.894984
7.781666
8.486820
7.959653
8.406343
10.745734
12.003245
11.390197
8.630100
8.957503
8.069056
8.240142
10.179412
11.704299
11.738456
10.388961
9.242326
8.717602
8.863349
8.660636
10.654897
10.978110
9.547791
8.300271
8.439610
8.687657
8.413277
10.136645
10.603156
9.434916
7.064357
6.348402
8.547853
8.725774
10.296382
11.059466
10.363738
8.248723
8.301085
8.986981
9.245778
9.878121
11.205655
10.804536
8.328707
8.523605
9.469213
9.263885
9.759166
10.818126
10.634313
8.513539
8.243540
7.465153
7.673542
9.157786
9.881806
10.227426
9.310567
8.594869
8.013687
6.670543
8.291187
8.950614
9.485793
8.570013
6.218119
5.729688
6.995096
7.886623
8.070004
9.443316
9.241786
7.811984
7.818946
8.220100
8.775670
8.640090
9.715100
9.780901
8.723894
7.996175
7.706509
7.158594
7.495182
8.685245
8.857428
7.443354
7.554136
7.658610
7.751952
7.310490
8.622771
9.191893
7.892257
7.493756
7.390862
6.625318
6.879577
6.353029
7.871098
7.395278
6.836833
7.486209
7.603160
6.839073
7.208997
7.455305
7.012972
5.069248
6.468790
6.276577
6.833932
6.213173
7.107125
7.366929
6.161785
6.515068
6.046623
5.656410
5.160352
6.248234
6.107317
5.507248
4.802591
4.932826
5.281029
4.528568
5.302088
4.624529
11.333207
10.482184
7.728090
7.295717
6.023676
6.972373
9.722495
10.994788
10.619119
8.473390
7.523974
7.264534
7.532537
8.603189
10.527392
10.404725
7.846122
7.452258
7.172333
6.268250
7.861898
9.938823
10.080327
8.627155
6.079856
6.651932
7.539402
7.943882
10.307055
10.994788
9.894984
7.781666
8.486820
7.959653
8.406343
10.745734
12.003245
11.390197
8.630100
8.957503
8.069056
8.240142
10.179412
11.704299
11.738456
10.388961
9.242326
8.717602
8.863349
8.660636
10.654897
10.978110
9.547791
8.300271
8.439610
8.687657
8.413277
10.136645
10.603156
9.434916
7.064357
6.348402
8.547853
8.725774
10.296382
11.059466
10.363738
8.248723
8.301085
8.986981
9.245778
9.878121
11.205655
10.804536
8.328707
8.523605
9.469213
9.263885
9.759166
10.818126
10.634313
8.513539
8.243540
7.465153
7.673542
9.157786
9.881806
10.227426
9.310567
8.594869
8.013687
6.670543
8.291187
8.950614
9.485793
8.570013
6.218119
5.729688
6.995096
7.886623
8.070004
9.443316
9.241786
7.811984
7.818946
8.220100
8.775670
8.640090
9.715100
9.780901
8.723894
7.996175
7.706509
7.158594
7.495182
8.685245
8.857428
7.443354
7.554136
7.658610
7.751952
7.310490
8.622771
9.191893
7.892257
7.493756
7.390862
6.625318
6.879577
6.353029
7.871098
7.395278
6.836833
7.486209
7.603160
6.839073
7.208997
7.455305
7.012972
5.069248
6.468790
6.276577
6.833932
6.213173
7.107125
7.366929
6.161785
6.515068
6.046623
5.656410
5.160352
6.248234
6.107317
5.507248
4.802591
4.932826
5.281029
4.528568
5.302088
4.624529
11.333207
10.482184
7.728090
7.295717
6.023676
6.972373
9.722495
10.994788
10.619119
8.473390
7.523974
7.264534
7.532537
8.603189
10.527392
10.404725
7.846122
7.452258
7.172333
6.268250
7.861898
9.938823
10.080327
8.627155
6.079856
6.651932
7.539402
7.943882
10.307055
10.994788
9.894984
7.781666
8.486820
7.959653
8.406343
10.745734
12.003245
11.390197
8.630100
8.957503
8.069056
8.240142
10.179412
11.704299
11.738456
10.388961
9.242326
8.717602
8.863349
8.660636
10.654897
10.978110
9.547791
8.300271
8.439610
8.687657
8.413277
10.136645
10.603156
9.434916
7.064357
6.348402
8.547853
8.725774
10.296382
11.059466
10.363738
8.248723
8.301085
8.986981
9.245778
9.878121
11.205655
10.804536
8.328707
8.523605
9.469213
9.263885
9.759166
10.818126
10.634313
8.513539
8.243540
7.465153
7.673542
9.157786
9.881806
10.227426
9.310567
8.594869
8.013687
6.670543
8.291187
8.950614
9.485793
8.570013
6.218119
5.729688
6.995096
7.886623
8.070004
9.443316
9.241786
7.811984
7.818946
8.220100
8.775670
8.640090
9.715100
9.780901
8.723894
7.996175
7.706509
7.158594
7.495182
8.685245
8.857428
7.443354
7.554136
7.658610
7.751952
7.310490
8.622771
9.191893
7.892257
7.493756
7.390862
6.625318
6.879577
6.353029
7.871098
7.395278
6.836833
7.486209
7.603160
6.839073
7.208997
7.455305
7.012972
5.069248
6.468790
6.276577
6.833932
6.213173
7.107125
7.366929
6.161785
6.515068
6.046623
5.656410
5.160352
6.248234
6.107317
5.507248
4.802591
4.932826
5.281029
4.528568
5.302088
4.624529
11.333207
10.482184
7.728090
7.295717
6.023676
6.972373
9.722495
10.994788
10.619119
8.473390
7.523974
7.264534
7.532537
8.603189
10.527392
10.404725
7.846122
7.452258
7.172333
6.268250
7.861898
9.938823
10.080327
8.627155
6.079856
6.651932
7.539402
7.943882
10.307055
10.994788
9.894984
7.781666
8.486820
7.959653
8.406343
10.745734
12.003245
11.390197
8.630100
8.957503
8.069056
8.240142
10.179412
11.704299
11.738456
10.388961
9.242326
8.717602
8.863349
8.660636
10.654897
10.978110
9.547791
8.300271
8.439610
8.687657
8.413277
10.136645
10.603156
9.434916
7.064357
6.348402
8.547853
8.725774
10.296382
11.059466
10.363738
8.248723
8.301085
8.986981
9.245778
9.878121
11.205655
10.804536
8.328707
8.523605
9.469213
9.263885
9.759166
10.818126
10.634313
8.513539
8.243540
7.465153
7.673542
9.157786
9.881806
10.227426
9.310567
8.594869
8.013687
6.670543
8.291187
8.950614
9.485793
8.570013
6.218119
5.729688
6.995096
7.886623
8.070004
9.443316
9.241786
7.811984
7.818946
8.220100
8.775670
8.640090
9.715100
9.780901
8.723894
7.996175
7.706509
7.158594
7.495182
8.685245
8.857428
7.443354
7.554136
7.658610
7.751952
7.310490
8.622771
9.191893
7.892257
7.493756
7.390862
6.625318
6.879577
6.353029
7.871098
7.395278
6.836833
7.486209
7.603160
6.839073
7.208997
7.455305
7.012972
5.069248
6.468790
6.276577
6.833932
6.213173
7.107125
7.366929
6.161785
6.515068
6.046623
5.656410
5.160352
6.248234
6.107317
5.507248
4.802591
4.932826
5.281029
4.528568
5.302088
4.624529
11.333207
10.482184
7.728090
7.295717
6.023676
6.972373
9.722495
10.994788
10.619119
8.473390
7.523974
7.264534
7.532537
8.603189
10.527392
10.404725
7.846122
7.452258
7.172333
6.268250
7.861898
9.938823
10.080327
8.627155
6.079856
6.651932
7.539402
7.943882
10.307055
10.994788
9.894984
7.781666
8.486820
7.959653
8.406343
10.745734
12.003245
11.390197
8.630100
8.957503
8.069056
8.240142
10.179412
11.704299
11.738456
10.388961
9.242326
8.717602
8.863349
8.660636
10.654897
10.978110
9.547791
8.300271
8.439610
8.687657
8.413277
10.136645
10.603156
9.434916
7.064357
6.348402
8.547853
8.725774
10.296382
11.059466
10.363738
8.248723
8.301085
8.986981
9.245778
9.878121
11.205655
10.804536
8.328707
8.523605
9.469213
9.263885
9.759166
10.818126
10.634313
8.513539
8.243540
7.465153
7.673542
9.157786
9.881806
10.227426
9.310567
8.594869
8.013687
6.670543
8.291187
8.950614
9.485793
8.570013
6.218119
5.729688
6.995096
7.886623
8.070004
9.443316
9.241786
7.811984
7.818946
8.220100
8.775670
8.640090
9.715100
9.780901
8.723894
7.996175
7.706509
7.158594
7.495182
8.685245
8.857428
7.443354
7.554136
7.658610
7.751952
7.310490
8.622771
9.191893
7.892257
7.493756
7.390862
6.625318
6.879577
6.353029
7.871098
7.395278
6.836833
7.486209
7.603160
6.839073
7.208997
7.455305
7.012972
5.069248
6.468790
6.276577
6.833932
6.213173
7.107125
7.366929
6.161785
6.515068
6.046623
5.656410
5.160352
6.248234
6.107317
5.507248
4.802591
4.932826
5.281029
4.528568
5.302088
4.624529
11.333207
10.482184
7.728090
7.295717
6.023676
6.972373
9.722495
10.994788
10.619119
8.473390
7.523974
7.264534
7.532537
8.603189
10.527392
10.404725
7.846122
7.452258
7.172333
6.268250
7.861898
9.938823
10.080327
8.627155
6.079856
6.651932
7.539402
7.943882
10.307055
10.994788
9.894984
7.781666
8.486820
7.959653
8.406343
10.745734
12.003245
11.390197
8.630100
8.957503
8.069056
8.240142
10.179412
11.704299
11.738456
10.388961
9.242326
8.717602
8.863349
8.660636
10.654897
10.978110
9.547791
8.300271
8.439610
8.687657
8.413277
10.136645
10.603156
9.434916
7.064357
6.348402
8.547853
8.725774
10.296382
11.059466
10.363738
8.248723
8.301085
8.986981
9.245778
9.878121
11.205655
10.804536
8.328707
8.523605
9.469213
9.263885
9.759166
10.818126
10.634313
8.513539
8.243540
7.465153
7.673542
9.157786
9.881806
10.227426
9.310567
8.594869
8.013687
6.670543
8.291187
8.950614
9.485793
8.570013
6.218119
5.729688
6.995096
7.886623
8.070004
9.443316
9.241786
7.811984
7.818946
8.220100
8.775670
8.640090
9.715100
9.780901
8.723894
7.996175
7.706509
7.158594
7.495182
8.685245
8.857428
7.443354
7.554136
7.658610
7.751952
7.310490
8.622771
9.191893
7.892257
7.493756
7.390862
6.625318
6.879577
6.353029
7.871098
7.395278
6.836833
7.486209
7.603160
6.839073
7.208997
7.455305
7.012972
5.069248
6.468790
6.276577
6.833932
6.213173
7.107125
7.366929
6.161785
6.515068
6.046623
5.656410
5.160352
6.248234
6.107317
5.507248
4.802591
4.932826
5.281029
4.528568
5.302088
4.624529
11.333207
10.482184
7.728090
7.295717
6.023676
6.972373
9.722495
10.994788
10.619119
8.473390
7.523974
7.264534
7.532537
8.603189
10.527392
10.404725
7.846122
7.452258
7.172333
6.268250
7.861898
9.938823
10.080327
8.627155
6.079856
6.651932
7.539402
7.943882
10.307055
10.994788
9.894984
7.781666
8.486820
7.959653
8.406343
10.745734
12.003245
11.390197
8.630100
8.957503
8.069056
8.240142
10.179412
11.704299
11.738456
10.388961
9.242326
8.717602
8.863349
8.660636
10.654897
10.978110
9.547791
8.300271
8.439610
8.687657
8.413277
10.136645
10.603156
9.434916
7.064357
6.348402
8.547853
8.725774
10.296382
11.059466
10.363738
8.248723
8.301085
8.986981
9.245778
9.878121
11.205655
10.804536
8.328707
8.523605
9.469213
9.263885
9.759166
10.818126
10.634313
8.513539
8.243540
7.465153
7.673542
9.157786
9.881806
10.227426
9.310567
8.594869
8.013687
6.670543
8.291187
8.950614
9.485793
8.570013
6.218119
5.729688
6.995096
7.886623
8.070004
9.443316
9.241786
7.811984
7.818946
8.220100
8.775670
8.640090
9.715100
9.780901
8.723894
7.996175
7.706509
7.158594
7.495182
8.685245
8.857428
7.443354
7.554136
7.658610
7.751952
7.310490
8.622771
9.191893
7.892257
7.493756
7.390862
6.625318
6.879577
6.353029
7.871098
7.395278
6.836833
7.486209
7.603160
6.839073
7.208997
7.455305
7.012972
5.069248
6.468790
6.276577
6.833932
6.213173
7.107125
7.366929
6.161785
6.515068
6.046623
5.656410
5.160352
6.248234
6.107317
5.507248
4.802591
4.932826
5.281029
4.528568
5.302088
4.624529
11.333207
10.482184
7.728090
7.295717
6.023676
6.972373
9.722495
10.994788
10.619119
8.473390
7.523974
7.264534
7.532537
8.603189
10.527392
10.404725
7.846122
7.452258
7.172333
6.268250
7.861898
9.938823
10.080327
8.627155
6.079856
6.651932
7.539402
7.943882
10.307055
10.994788
9.894984
7.781666
8.486820
7.959653
8.406343
10.745734
12.003245
11.390197
8.630100
8.957503
8.069056
8.240142
10.179412
11.704299
11.738456
10.388961
9.242326
8.717602
8.863349
8.660636
10.654897
10.978110
9.547791
8.300271
8.439610
8.687657
8.413277
10.136645
10.603156
9.434916
7.064357
6.348402
8.547853
8.725774
10.296382
11.059466
10.363738
8.248723
8.301085
8.986981
9.245778
9.878121
11.205655
10.804536
8.328707
8.523605
9.469213
9.263885
9.759166
10.818126
10.634313
8.513539
8.243540
7.465153
7.673542
9.157786
9.881806
10.227426
9.310567
8.594869
8.013687
6.670543
8.291187
8.950614
9.485793
8.570013
6.218119
5.729688
6.995096
7.886623
8.070004
9.443316
9.241786
7.811984
7.818946
8.220100
8.775670
8.640090
9.715100
9.780901
8.723894
7.996175
7.706509
7.158594
7.495182
8.685245
8.857428
7.443354
7.554136
7.658610
7.751952
7.310490
8.622771
9.191893
7.892257
7.493756
7.390862
6.625318
6.879577
6.353029
7.871098
7.395278
6.836833
7.486209
7.603160
6.839073
7.208997
7.455305
7.012972
5.069248
6.468790
6.276577
6.833932
6.213173
7.107125
7.366929
6.161785
6.515068
6.046623
5.656410
5.160352
6.248234
6.107317
5.507248
4.802591
4.932826
5.281029
4.528568
5.302088
4.624529
11.333207
10.482184
7.728090
7.295717
6.023676
6.972373
9.722495
10.994788
10.619119
8.473390
7.523974
7.264534
7.532537
8.603189
10.527392
10.404725
7.846122
7.452258
7.172333
6.268250
7.861898
9.938823
10.080327
8.627155
6.079856
6.651932
7.539402
7.943882
10.307055
10.994788
9.894984
7.781666
8.486820
7.959653
8.406343
10.745734
12.003245
11.390197
8.630100
8.957503
8.069056
8.240142
10.179412
11.704299
11.738456
10.388961
9.242326
8.717602
8.863349
8.660636
10.654897
10.978110
9.547791
8.300271
8.439610
8.687657
8.413277
10.136645
10.603156
9.434916
7.064357
6.348402
8.547853
8.725774
10.296382
11.059466
10.363738
8.248723
8.301085
8.986981
9.245778
9.878121
11.205655
10.804536
8.328707
8.523605
9.469213
9.263885
9.759166
10.818126
10.634313
8.513539
8.243540
7.465153
7.673542
9.157786
9.881806
10.227426
9.310567
8.594869
8.013687
6.670543
8.291187
8.950614
9.485793
8.570013
6.218119
5.729688
6.995096
7.886623
8.070004
9.443316
9.241786
7.811984
7.818946
8.220100
8.775670
8.640090
9.715100
9.780901
8.723894
7.996175
7.706509
7.158594
7.495182
8.685245
8.857428
7.443354
7.554136
7.658610
7.751952
7.310490
8.622771
9.191893
7.892257
7.493756
7.390862
6.625318
6.879577
6.353029
7.871098
7.395278
6.836833
7.486209
7.603160
6.839073
7.208997
7.455305
7.012972
5.069248
6.468790
6.276577
6.833932
6.213173
7.107125
7.366929
6.161785
6.515068
6.046623
5.656410
5.160352
6.248234
6.107317
5.507248
4.802591
4.932826
5.281029
4.528568
5.302088
4.624529
11.333207
10.482184
7.728090
7.295717
6.023676
6.972373
9.722495
10.994788
10.619119
8.473390
7.523974
7.264534
7.532537
8.603189
10.527392
10.404725
7.846122
7.452258
7.172333
6.268250
7.861898
9.938823
10.080327
8.627155
6.079856
6.651932
7.539402
7.943882
10.307055
10.994788
9.894984
7.781666
8.486820
7.959653
8.406343
10.745734
12.003245
11.390197
8.630100
8.957503
8.069056
8.240142
10.179412
11.704299
11.738456
10.388961
9.242326
8.717602
8.863349
8.660636
10.654897
10.978110
9.547791
8.300271
8.439610
8.687657
8.413277
10.136645
10.603156
9.434916
7.064357
6.348402
8.547853
8.725774
10.296382
11.059466
10.363738
8.248723
8.301085
8.986981
9.245778
9.878121
11.205655
10.804536
8.328707
8.523605
9.469213
9.263885
9.759166
10.818126
10.634313
8.513539
8.243540
7.465153
7.673542
9.157786
9.881806
10.227426
9.310567
8.594869
8.013687
6.670543
8.291187
8.950614
9.485793
8.570013
6.218119
5.729688
6.995096
7.886623
8.070004
9.443316
9.241786
7.811984
7.818946
8.220100
8.775670
8.640090
9.715100
9.780901
8.723894
7.996175
7.706509
7.158594
7.495182
8.685245
8.857428
7.443354
7.554136
7.658610
7.751952
7.310490
8.622771
9.191893
7.892257
7.493756
7.390862
6.625318
6.879577
6.353029
7.871098
7.395278
6.836833
7.486209
7.603160
6.839073
7.208997
7.455305
7.012972
5.069248
6.468790
6.276577
6.833932
6.213173
7.107125
7.366929
6.161785
6.515068
6.046623
5.656410
5.160352
6.248234
6.107317
5.507248
4.802591
4.932826
5.281029
4.528568
5.302088
4.624529
11.333207
10.482184
7.728090
7.295717
6.023676
6.972373
9.722495
10.994788
10.619119
8.473390
7.523974
7.264534
7.532537
8.603189
10.527392
10.404725
7.846122
7.452258
7.172333
6.268250
7.861898
9.938823
10.080327
8.627155
6.079856
6.651932
7.539402
7.943882
10.307055
10.994788
9.894984
7.781666
8.486820
7.959653
8.406343
10.745734
12.003245
11.390197
8.630100
8.957503
8.069056
8.240142
10.179412
11.704299
11.738456
10.388961
9.242326
8.717602
8.863349
8.660636
10.654897
10.978110
9.547791
8.300271
8.439610
8.687657
8.413277
10.136645
10.603156
9.434916
7.064357
6.348402
8.547853
8.725774
10.296382
11.059466
10.363738
8.248723
8.301085
8.986981
9.245778
9.878121
11.205655
10.804536
8.328707
8.523605
9.469213
9.263885
9.759166
10.818126
10.634313
8.513539
8.243540
7.465153
7.673542
9.157786
9.881806
10.227426
9.310567
8.594869
8.013687
6.670543
8.291187
8.950614
9.485793
8.570013
6.218119
5.729688
6.995096
7.886623
8.070004
9.443316
9.241786
7.811984
7.818946
8.220100
8.775670
8.640090
9.715100
9.780901
8.723894
7.996175
7.706509
7.158594
7.495182
8.685245
8.857428
7.443354
7.554136
7.658610
7.751952
7.310490
8.622771
9.191893
7.892257
7.493756
7.390862
6.625318
6.879577
6.353029
7.871098
7.395278
6.836833
7.486209
7.603160
6.839073
7.208997
7.455305
7.012972
5.069248
6.468790
6.276577
6.833932
6.213173
7.107125
7.366929
6.161785
6.515068
6.046623
5.656410
5.160352
6.248234
6.107317
5.507248
4.802591
4.932826
5.281029
4.528568
5.302088
4.624529
11.333207
10.482184
7.728090
7.295717
6.023676
6.972373
9.722495
10.994788
10.619119
8.473390
7.523974
7.264534
7.532537
8.603189
10.527392
10.404725
7.846122
7.452258
7.172333
6.268250
7.861898
9.938823
10.080327
8.627155
6.079856
6.651932
7.539402
7.943882
10.307055
10.994788
9.894984
7.781666
8.486820
7.959653
8.406343
10.745734
12.003245
11.390197
8.630100
8.957503
8.069056
8.240142
10.179412
11.704299
11.738456
10.388961
9.242326
8.717602
8.863349
8.660636
10.654897
10.978110
9.547791
8.300271
8.439610
8.687657
8.413277
10.136645
10.603156
9.434916
7.064357
6.348402
8.547853
8.725774
10.296382
11.059466
10.363738
8.248723
8.301085
8.986981
9.245778
9.878121
11.205655
10.804536
8.328707
8.523605
9.469213
9.263885
9.759166
10.818126
10.634313
8.513539
8.243540
7.465153
7.673542
9.157786
9.881806
10.227426
9.310567
8.594869
8.013687
6.670543
8.291187
8.950614
9.485793
8.570013
6.218119
5.729688
6.995096
7.886623
8.070004
9.443316
9.241786
7.811984
7.818946
8.220100
8.775670
8.640090
9.715100
9.780901
8.723894
7.996175
7.706509
7.158594
7.495182
8.685245
8.857428
7.443354
7.554136
7.658610
7.751952
7.310490
8.622771
9.191893
7.892257
7.493756
7.390862
6.625318
6.879577
6.353029
7.871098
7.395278
6.836833
7.486209
7.603160
6.839073
7.208997
7.455305
7.012972
5.069248
6.468790
6.276577
6.833932
6.213173
7.107125
7.366929
6.161785
6.515068
6.046623
5.656410
5.160352
6.248234
6.107317
5.507248
4.802591
4.932826
5.281029
4.528568
5.302088
4.624529
11.333207
10.482184
7.728090
7.295717
6.023676
6.972373
9.722495
10.994788
10.619119
8.473390
7.523974
7.264534
7.532537
8.603189
10.527392
10.404725
7.846122
7.452258
7.172333
6.268250
7.861898
9.938823
10.080327
8.627155
6.079856
6.651932
7.539402
7.943882
10.307055
10.994788
9.894984
7.781666
8.486820
7.959653
8.406343
10.745734
12.003245
11.390197
8.630100
8.957503
8.069056
8.240142
10.179412
11.704299
11.738456
10.388961
9.242326
8.717602
8.863349
8.660636
10.654897
10.978110
9.547791
8.300271
8.439610
8.687657
8.413277
10.136645
10.603156
9.434916
7.064357
6.348402
8.547853
8.725774
10.296382
11.059466
10.363738
8.248723
8.301085
8.986981
9.245778
9.878121
11.205655
10.804536
8.328707
8.523605
9.469213
9.263885
9.759166
10.818126
10.634313
8.513539
8.243540
7.465153
7.673542
9.157786
9.881806
10.227426
9.310567
8.594869
8.013687
6.670543
8.291187
8.950614
9.485793
8.570013
6.218119
5.729688
6.995096
7.886623
8.070004
9.443316
9.241786
7.811984
7.818946
8.220100
8.775670
8.640090
9.715100
9.780901
8.723894
7.996175
7.706509
7.158594
7.495182
8.685245
8.857428
7.443354
7.554136
7.658610
7.751952
7.310490
8.622771
9.191893
7.892257
7.493756
7.390862
6.625318
6.879577
6.353029
7.871098
7.395278
6.836833
7.486209
7.603160
6.839073
7.208997
7.455305
7.012972
5.069248
6.468790
6.276577
6.833932
6.213173
7.107125
7.366929
6.161785
6.515068
6.046623
5.656410
5.160352
6.248234
6.107317
5.507248
4.802591
4.932826
5.281029
4.528568
5.302088
4.624529
11.333207
10.482184
7.728090
7.295717
6.023676
6.972373
9.722495
10.994788
10.619119
8.473390
7.523974
7.264534
7.532537
8.603189
10.527392
10.404725
7.846122
7.452258
7.172333
6.268250
7.861898
9.938823
10.080327
8.627155
6.079856
6.651932
7.539402
7.943882
10.307055
10.994788
9.894984
7.781666
8.486820
7.959653
8.406343
10.745734
12.003245
11.390197
8.630100
8.957503
8.069056
8.240142
10.179412
11.704299
11.738456
10.388961
9.242326
8.717602
8.863349
8.660636
10.654897
10.978110
9.547791
8.300271
8.439610
8.687657
8.413277
10.136645
10.603156
9.434916
7.064357
6.348402
8.547853
8.725774
10.296382
11.059466
10.363738
8.248723
8.301085
8.986981
9.245778
9.878121
11.205655
10.804536
8.328707
8.523605
9.469213
9.263885
9.759166
10.818126
10.634313
8.513539
8.243540
7.465153
7.673542
9.157786
9.881806
10.227426
9.310567
8.594869
8.013687
6.670543
8.291187
8.950614
9.485793
8.570013
6.218119
5.729688
6.995096
7.886623
8.070004
9.443316
9.241786
7.811984
7.818946
8.220100
8.775670
8.640090
9.715100
9.780901
8.723894
7.996175
7.706509
7.158594
7.495182
8.685245
8.857428
7.443354
7.554136
7.658610
7.751952
7.310490
8.622771
9.191893
7.892257
7.493756
7.390862
6.625318
6.879577
6.353029
7.871098
7.395278
6.836833
7.486209
7.603160
6.839073
7.208997
7.455305
7.012972
5.069248
6.468790
6.276577
6.833932
6.213173
7.107125
7.366929
6.161785
6.515068
6.046623
5.656410
5.160352
6.248234
6.107317
5.507248
4.802591
4.932826
5.281029
4.528568
5.302088
4.624529
11.333207
10.482184
7.728090
7.295717
6.023676
6.972373
9.722495
10.994788
10.619119
8.473390
7.523974
7.264534
7.532537
8.603189
10.527392
10.404725
7.846122
7.452258
7.172333
6.268250
7.861898
9.938823
10.080327
8.627155
6.079856
6.651932
7.539402
7.943882
10.307055
10.994788
9.894984
7.781666
8.486820
7.959653
8.406343
10.745734
12.003245
11.390197
8.630100
8.957503
8.069056
8.240142
10.179412
11.704299
11.738456
10.388961
9.242326
8.717602
8.863349
8.660636
10.654897
10.978110
9.547791
8.300271
8.439610
8.687657
8.413277
10.136645
10.603156
9.434916
7.064357
6.348402
8.547853
8.725774
10.296382
11.059466
10.363738
8.248723
8.301085
8.986981
9.245778
9.878121
11.205655
10.804536
8.328707
8.523605
9.469213
9.263885
9.759166
10.818126
10.634313
8.513539
8.243540
7.465153
7.673542
9.157786
9.881806
10.227426
9.310567
8.594869
8.013687
6.670543
8.291187
8.950614
9.485793
8.570013
6.218119
5.729688
6.995096
7.886623
8.070004
9.443316
9.241786
7.811984
7.818946
8.220100
8.775670
8.640090
9.715100
9.780901
8.723894
7.996175
7.706509
7.158594
7.495182
8.685245
8.857428
7.443354
7.554136
7.658610
7.751952
7.310490
8.622771
9.191893
7.892257
7.493756
7.390862
6.625318
6.879577
6.353029
7.871098
7.395278
6.836833
7.486209
7.603160
6.839073
7.208997
7.455305
7.012972
5.069248
6.468790
6.276577
6.833932
6.213173
7.107125
7.366929
6.161785
6.515068
6.046623
5.656410
5.160352
6.248234
6.107317
5.507248
4.802591
4.932826
5.281029
4.528568
5.302088
4.624529
11.333207
10.482184
7.728090
7.295717
6.023676
6.972373
9.722495
10.994788
10.619119
8.473390
7.523974
7.264534
7.532537
8.603189
10.527392
10.404725
7.846122
7.452258
7.172333
6.268250
7.861898
9.938823
10.080327
8.627155
6.079856
6.651932
7.539402
7.943882
10.307055
10.994788
9.894984
7.781666
8.486820
7.959653
8.406343
10.745734
12.003245
11.390197
8.630100
8.957503
8.069056
8.240142
10.179412
11.704299
11.738456
10.388961
9.242326
8.717602
8.863349
8.660636
10.654897
10.978110
9.547791
8.300271
8.439610
8.687657
8.413277
10.136645
10.603156
9.434916
7.064357
6.348402
8.547853
8.725774
10.296382
11.059466
10.363738
8.248723
8.301085
8.986981
9.245778
9.878121
11.205655
10.804536
8.328707
8.523605
9.469213
9.263885
9.759166
10.818126
10.634313
8.513539
8.243540
7.465153
7.673542
9.157786
9.881806
10.227426
9.310567
8.594869
8.013687
6.670543
8.291187
8.950614
9.485793
8.570013
6.218119
5.729688
6.995096
7.886623
8.070004
9.443316
9.241786
7.811984
7.818946
8.220100
8.775670
8.640090
9.715100
9.780901
8.723894
7.996175
7.706509
7.158594
7.495182
8.685245
8.857428
7.443354
7.554136
7.658610
7.751952
7.310490
8.622771
9.191893
7.892257
7.493756
7.390862
6.625318
6.879577
6.353029
7.871098
7.395278
6.836833
7.486209
7.603160
6.839073
7.208997
7.455305
7.012972
5.069248
6.468790
6.276577
6.833932
6.213173
7.107125
7.366929
6.161785
6.515068
6.046623
5.656410
5.160352
6.248234
6.107317
5.507248
4.802591
4.932826
5.281029
4.528568
5.302088
4.624529
11.333207
10.482184
7.728090
7.295717
6.023676
6.972373
9.722495
10.994788
10.619119
8.473390
7.523974
7.264534
7.532537
8.603189
10.527392
10.404725
7.846122
7.452258
7.172333
6.268250
7.861898
9.938823
10.080327
8.627155
6.079856
6.651932
7.539402
7.943882
10.307055
10.994788
9.894984
7.781666
8.486820
7.959653
8.406343
10.745734
12.003245
11.390197
8.630100
8.957503
8.069056
8.240142
10.179412
11.704299
11.738456
10.388961
9.242326
8.717602
8.863349
8.660636
10.654897
10.978110
9.547791
8.300271
8.439610
8.687657
8.413277
10.136645
10.603156
9.434916
7.064357
6.348402
8.547853
8.725774
10.296382
11.059466
10.363738
8.248723
8.301085
8.986981
9.245778
9.878121
11.205655
10.804536
8.328707
8.523605
9.469213
9.263885
9.759166
10.818126
10.634313
8.513539
8.243540
7.465153
7.673542
9.157786
9.881806
10.227426
9.310567
8.594869
8.013687
6.670543
8.291187
8.950614
9.485793
8.570013
6.218119
5.729688
6.995096
7.886623
8.070004
9.443316
9.241786
7.811984
7.818946
8.220100
8.775670
8.640090
9.715100
9.780901
8.723894
7.996175
7.706509
7.158594
7.495182
8.685245
8.857428
7.443354
7.554136
7.658610
7.751952
7.310490
8.622771
9.191893
7.892257
7.493756
7.390862
6.625318
6.879577
6.353029
7.871098
7.395278
6.836833
7.486209
7.603160
6.839073
7.208997
7.455305
7.012972
5.069248
6.468790
6.276577
6.833932
6.213173
7.107125
7.366929
6.161785
6.515068
6.046623
5.656410
5.160352
6.248234
6.107317
5.507248
4.802591
4.932826
5.281029
4.528568
5.302088
4.624529
11.333207
10.482184
7.728090
7.295717
6.023676
6.972373
9.722495
10.994788
10.619119
8.473390
7.523974
7.264534
7.532537
8.603189
10.527392
10.404725
7.846122
7.452258
7.172333
6.268250
7.861898
9.938823
10.080327
8.627155
6.079856
6.651932
7.539402
7.943882
10.307055
10.994788
9.894984
7.781666
8.486820
7.959653
8.406343
10.745734
12.003245
11.390197
8.630100
8.957503
8.069056
8.240142
10.179412
11.704299
11.738456
10.388961
9.242326
8.717602
8.863349
8.660636
10.654897
10.978110
9.547791
8.300271
8.439610
8.687657
8.413277
10.136645
10.603156
9.434916
7.064357
6.348402
8.547853
8.725774
10.296382
11.059466
10.363738
8.248723
8.301085
8.986981
9.245778
9.878121
11.205655
10.804536
8.328707
8.523605
9.469213
9.263885
9.759166
10.818126
10.634313
8.513539
8.243540
7.465153
7.673542
9.157786
9.881806
10.227426
9.310567
8.594869
8.013687
6.670543
8.291187
8.950614
9.485793
8.570013
6.218119
5.729688
6.995096
7.886623
8.070004
9.443316
9.241786
7.811984
7.818946
8.220100
8.775670
8.640090
9.715100
9.780901
8.723894
7.996175
7.706509
7.158594
7.495182
8.685245
8.857428
7.443354
7.554136
7.658610
7.751952
7.310490
8.622771
9.191893
7.892257
7.493756
7.390862
6.625318
6.879577
6.353029
7.871098
7.395278
6.836833
7.486209
7.603160
6.839073
7.208997
7.455305
7.012972
5.069248
6.468790
6.276577
6.833932
6.213173
7.107125
7.366929
6.161785
6.515068
6.046623
5.656410
5.160352
6.248234
6.107317
5.507248
4.802591
4.932826
5.281029
4.528568
5.302088
4.624529
11.333207
10.482184
7.728090
7.295717
6.023676
6.972373
9.722495
10.994788
10.619119
8.473390
7.523974
7.264534
7.532537
8.603189
10.527392
10.404725
7.846122
7.452258
7.172333
6.268250
7.861898
9.938823
10.080327
8.627155
6.079856
6.651932
7.539402
7.943882
10.307055
10.994788
9.894984
7.781666
8.486820
7.959653
8.406343
10.745734
12.003245
11.390197
8.630100
8.957503
8.069056
8.240142
10.179412
11.704299
11.738456
10.388961
9.242326
8.717602
8.863349
8.660636
10.654897
10.978110
9.547791
8.300271
8.439610
8.687657
8.413277
10.136645
10.603156
9.434916
7.064357
6.348402
8.547853
8.725774
10.296382
11.059466
10.363738
8.248723
8.301085
8.986981
9.245778
9.878121
11.205655
10.804536
8.328707
8.523605
9.469213
9.263885
9.759166
10.818126
10.634313
8.513539
8.243540
7.465153
7.673542
9.157786
9.881806
10.227426
9.310567
8.594869
8.013687
6.670543
8.291187
8.950614
9.485793
8.570013
6.218119
5.729688
6.995096
7.886623
8.070004
9.443316
9.241786
7.811984
7.818946
8.220100
8.775670
8.640090
9.715100
9.780901
8.723894
7.996175
7.706509
7.158594
7.495182
8.685245
8.857428
7.443354
7.554136
7.658610
7.751952
7.310490
8.622771
9.191893
7.892257
7.493756
7.390862
6.625318
6.879577
6.353029
7.871098
7.395278
6.836833
7.486209
7.603160
6.839073
7.208997
7.455305
7.012972
5.069248
6.468790
6.276577
6.833932
6.213173
7.107125
7.366929
6.161785
6.515068
6.046623
5.656410
5.160352
6.248234
6.107317
5.507248
4.802591
4.932826
5.281029
4.528568
5.302088
4.624529
11.333207
10.482184
7.728090
7.295717
6.023676
6.972373
9.722495
10.994788
10.619119
8.473390
7.523974
7.264534
7.532537
8.603189
10.527392
10.404725
7.846122
7.452258
7.172333
6.268250
7.861898
9.938823
10.080327
8.627155
6.079856
6.651932
7.539402
7.943882
10.307055
10.994788
9.894984
7.781666
8.486820
7.959653
8.406343
10.745734
12.003245
11.390197
8.630100
8.957503
8.069056
8.240142
10.179412
11.704299
11.738456
10.388961
9.242326
8.717602
8.863349
8.660636
10.654897
10.978110
9.547791
8.300271
8.439610
8.687657
8.413277
10.136645
10.603156
9.434916
7.064357
6.348402
8.547853
8.725774
10.296382
11.059466
10.363738
8.248723
8.301085
8.986981
9.245778
9.878121
11.205655
10.804536
8.328707
8.523605
9.469213
9.263885
9.759166
10.818126
10.634313
8.513539
8.243540
7.465153
7.673542
9.157786
9.881806
10.227426
9.310567
8.594869
8.013687
6.670543
8.291187
8.950614
9.485793
8.570013
6.218119
5.729688
6.995096
7.886623
8.070004
9.443316
9.241786
7.811984
7.818946
8.220100
8.775670
8.640090
9.715100
9.780901
8.723894
7.996175
7.706509
7.158594
7.495182
8.685245
8.857428
7.443354
7.554136
7.658610
7.751952
7.310490
8.622771
9.191893
7.892257
7.493756
7.390862
6.625318
6.879577
6.353029
7.871098
7.395278
6.836833
7.486209
7.603160
6.839073
7.208997
7.455305
7.012972
5.069248
6.468790
6.276577
6.833932
6.213173
7.107125
7.366929
6.161785
6.515068
6.046623
5.656410
5.160352
6.248234
6.107317
5.507248
4.802591
4.932826
5.281029
4.528568
5.302088
4.624529
11.333207
10.482184
7.728090
7.295717
6.023676
6.972373
9.722495
10.994788
10.619119
8.473390
7.523974
7.264534
7.532537
8.603189
10.527392
10.404725
7.846122
7.452258
7.172333
6.268250
7.861898
9.938823
10.080327
8.627155
6.079856
6.651932
7.539402
7.943882
10.307055
10.994788
9.894984
7.781666
8.486820
7.959653
8.406343
10.745734
12.003245
11.390197
8.630100
8.957503
8.069056
8.240142
10.179412
11.704299
11.738456
10.388961
9.242326
8.717602
8.863349
8.660636
10.654897
10.978110
9.547791
8.300271
8.439610
8.687657
8.413277
10.136645
10.603156
9.434916
7.064357
6.348402
8.547853
8.725774
10.296382
11.059466
10.363738
8.248723
8.301085
8.986981
9.245778
9.878121
11.205655
10.804536
8.328707
8.523605
9.469213
9.263885
9.759166
10.818126
10.634313
8.513539
8.243540
7.465153
7.673542
9.157786
9.881806
10.227426
9.310567
8.594869
8.013687
6.670543
8.291187
8.950614
9.485793
8.570013
6.218119
5.729688
6.995096
7.886623
8.070004
9.443316
9.241786
7.811984
7.818946
8.220100
8.775670
8.640090
9.715100
9.780901
8.723894
7.996175
7.706509
7.158594
7.495182
8.685245
8.857428
7.443354
7.554136
7.658610
7.751952
7.310490
8.622771
9.191893
7.892257
7.493756
7.390862
6.625318
6.879577
6.353029
7.871098
7.395278
6.836833
7.486209
7.603160
6.839073
7.208997
7.455305
7.012972
5.069248
6.468790
6.276577
6.833932
6.213173
7.107125
7.366929
6.161785
6.515068
6.046623
5.656410
5.160352
6.248234
6.107317
5.507248
4.802591
4.932826
5.281029
4.528568
5.302088
4.624529
11.333207
10.482184
7.728090
7.295717
6.023676
6.972373
9.722495
10.994788
10.619119
8.473390
7.523974
7.264534
7.532537
8.603189
10.527392
10.404725
7.846122
7.452258
7.172333
6.268250
7.861898
9.938823
10.080327
8.627155
6.079856
6.651932
7.539402
7.943882
10.307055
10.994788
9.894984
7.781666
8.486820
7.959653
8.406343
10.745734
12.003245
11.390197
8.630100
8.957503
8.069056
8.240142
10.179412
11.704299
11.738456
10.388961
9.242326
8.717602
8.863349
8.660636
10.654897
10.978110
9.547791
8.300271
8.439610
8.687657
8.413277
10.136645
10.603156
9.434916
7.064357
6.348402
8.547853
8.725774
10.296382
11.059466
10.363738
8.248723
8.301085
8.986981
9.245778
9.878121
11.205655
10.804536
8.328707
8.523605
9.469213
9.263885
9.759166
10.818126
10.634313
8.513539
8.243540
7.465153
7.673542
9.157786
9.881806
10.227426
9.310567
8.594869
8.013687
6.670543
8.291187
8.950614
9.485793
8.570013
6.218119
5.729688
6.995096
7.886623
8.070004
9.443316
9.241786
7.811984
7.818946
8.220100
8.775670
8.640090
9.715100
9.780901
8.723894
7.996175
7.706509
7.158594
7.495182
8.685245
8.857428
7.443354
7.554136
7.658610
7.751952
7.310490
8.622771
9.191893
7.892257
7.493756
7.390862
6.625318
6.879577
6.353029
7.871098
7.395278
6.836833
7.486209
7.603160
6.839073
7.208997
7.455305
7.012972
5.069248
6.468790
6.276577
6.833932
6.213173
7.107125
7.366929
6.161785
6.515068
6.046623
5.656410
5.160352
6.248234
6.107317
5.507248
4.802591
4.932826
5.281029
4.528568
5.302088
4.624529
