11.255072
11.255072
11.255072
11.255072
11.255072
11.255072
11.255072
11.255072
11.255072
11.255072
11.255072
11.255072
11.255072
11.255072
11.255072
11.255072
11.255072
11.255072
11.255072
11.255072
11.255072
11.255072
11.255072
11.255072
11.255072
11.255072
11.255072
11.255072
11.255072
11.255072
11.255072
11.255072
11.255072
11.255072
11.255072
11.255072
11.255072
11.255072
11.255072
11.255072
11.255072
11.255072
11.255072
11.255072
11.255072
11.255072
11.255072
11.255072
11.255072
11.255072
11.255072
11.255072
11.255072
11.255072
11.255072
11.255072
11.255072
11.255072
11.255072
11.255072
11.255072
11.255072
11.255072
11.255072
11.255072
11.255072
11.255072
11.255072
11.255072
11.255072
11.255072
11.255072
11.255072
11.255072
11.255072
11.255072
11.255072
11.255072
11.255072
11.255072
11.255072
11.255072
11.255072
11.255072
11.255072
11.255072
11.255072
11.255072
11.255072
11.255072
11.255072
11.255072
11.255072
11.255072
11.255072
11.255072
11.255072
11.255072
11.255072
11.255072
11.255072
11.255072
11.255072
11.255072
11.255072
11.255072
11.255072
11.255072
11.255072
11.255072
11.255072
11.255072
11.255072
11.255072
11.255072
11.255072
11.255072
11.255072
11.255072
11.255072
11.255072
11.255072
11.255072
11.255072
11.255072
11.255072
11.255072
11.255072
11.255072
11.255072
11.255072
11.255072
11.255072
11.255072
11.255072
11.255072
11.255072
11.255072
11.255072
11.255072
11.255072
11.255072
11.255072
11.255072
11.255072
11.255072
11.255072
11.255072
11.255072
11.255072
11.255072
11.255072
11.255072
11.255072
11.255072
11.255072
11.255072
11.255072
11.255072
11.255072
11.255072
11.254814
11.254042
11.252756
11.250957
11.248644
11.245821
11.242485
11.238640
11.234287
11.229427
11.224064
11.218197
11.211828
11.204964
11.197603
11.189753
11.181410
11.172583
11.163271
11.153482
11.143217
11.132481
11.121277
11.109610
11.097485
11.084906
11.071878
11.058407
11.044497
11.030153
11.015381
11.000187
10.984577
10.968557
10.952133
10.935312
10.918098
10.900501
10.882526
10.864180
10.845469
10.826403
10.806986
10.787228
10.767136
10.746717
10.725981
10.704933
10.683584
10.661940
10.640011
10.617804
10.595327
10.572592
10.549603
10.526373
10.502909
10.479221
10.455317
10.431208
10.406900
10.382406
10.357735
10.332893
10.307894
10.282743
10.257456
10.232037
10.206497
10.180847
10.155098
10.129259
10.103338
10.077347
10.051294
10.025194
9.999050
9.972878
9.946686
9.920483
9.894279
9.868088
9.841915
9.815771
9.789671
9.763618
9.737627
9.711706
9.685867
9.660118
9.634468
9.608929
9.583509
9.558222
9.533072
9.508072
9.483232
9.458559
9.434065
9.409758
9.385648
9.361744
9.338056
9.314592
9.291362
9.268374
9.245638
9.223162
9.200954
9.179025
9.157381
9.136031
9.114984
9.094247
9.073829
9.053737
9.033979
9.014563
8.995497
8.976786
8.958440
8.940464
8.922867
8.905654
8.888832
8.872408
8.856388
8.840778
8.825584
8.810813
8.796470
8.782559
8.769088
8.756060
8.743481
8.731356
8.719689
8.708486
8.697749
8.687484
8.677694
8.668384
8.659555
8.651214
8.643361
8.636001
8.629136
8.622769
8.616902
8.611538
8.606678
8.602325
8.598480
8.595145
8.592320
8.590009
8.588209
8.586924
8.586151
11.255072
11.255642
11.257351
11.260197
11.264172
11.269267
11.275476
11.282782
11.291170
11.300625
11.311126
11.322652
11.335177
11.348677
11.363123
11.378485
11.394732
11.411825
11.429735
11.448418
11.467838
11.487953
11.508720
11.530096
11.552032
11.574482
11.597399
11.620731
11.644428
11.668438
11.692707
11.717180
11.741806
11.766525
11.791285
11.816027
11.840694
11.865229
11.889572
11.913670
11.937460
11.960886
11.983892
12.006416
12.028406
12.049803
12.070551
12.090593
12.109875
12.128345
12.145947
12.162630
12.178343
12.193035
12.206659
12.219166
12.230511
12.240650
12.249542
12.257141
12.263412
12.268314
12.271814
12.273880
12.274475
12.273573
12.271145
12.267168
12.261616
12.254469
12.245708
12.235321
12.223289
12.209602
12.194252
12.177233
12.158541
12.138170
12.116129
12.092419
12.067043
12.040012
12.011339
11.981035
11.949118
11.915609
11.880524
11.843891
11.805737
11.766090
11.724979
11.682440
11.638508
11.593222
11.546623
11.498752
11.449654
11.399377
11.347967
11.295479
11.241962
11.187472
11.132065
11.075798
11.018730
10.960925
10.902442
10.843346
10.783701
10.723574
10.663031
10.602142
10.540974
10.479595
10.418079
10.356496
10.294915
10.233410
10.172051
10.110914
10.050066
9.989583
9.929536
9.869997
9.811036
9.752726
9.695136
9.638337
9.582397
9.527384
9.473367
9.420411
9.368581
9.317941
9.268553
9.220479
9.173778
9.128509
9.084726
9.042486
9.001841
8.962841
8.925535
8.889971
8.856193
8.824242
8.794159
8.765984
8.739750
8.715490
8.693236
8.673017
8.654856
8.638777
8.624801
8.612944
8.603223
8.595649
8.590233
8.586979
11.255072
11.255318
11.256052
11.257278
11.258991
11.261195
11.263889
11.267069
11.270737
11.274891
11.279531
11.284655
11.290260
11.296343
11.302904
11.309940
11.317450
11.325422
11.333862
11.342756
11.352104
11.361897
11.372129
11.382793
11.393881
11.405378
11.417278
11.429569
11.442238
11.455269
11.468651
11.482363
11.496389
11.510714
11.525312
11.540167
11.555254
11.570549
11.586023
11.601654
11.617409
11.633261
11.649179
11.665125
11.681070
11.696978
11.712811
11.728527
11.744089
11.759459
11.774586
11.789436
11.803959
11.818110
11.831842
11.845106
11.857857
11.870043
11.881618
11.892527
11.902721
11.912148
11.920757
11.928499
11.935318
11.941166
11.945992
11.949745
11.952375
11.953833
11.954069
11.953039
11.950693
11.946989
11.941881
11.935329
11.927294
11.917730
11.906612
11.893900
11.879562
11.863569
11.845894
11.826513
11.805403
11.782551
11.757933
11.731543
11.703371
11.673410
11.641657
11.608114
11.572786
11.535683
11.496815
11.456197
11.413849
11.369796
11.324062
11.276684
11.227692
11.177125
11.125027
11.071444
11.016422
10.960023
10.902297
10.843309
10.783123
10.721806
10.659431
10.596067
10.531797
10.466700
10.400860
10.334358
10.267288
10.199739
10.131803
10.063578
9.995154
9.926637
9.858124
9.789716
9.721514
9.653623
9.586146
9.519188
9.452850
9.387240
9.322462
9.258617
9.195809
9.134141
9.073711
9.014622
8.956968
8.900848
8.846355
8.793581
8.742614
8.693542
8.646447
8.601412
8.558513
8.517824
8.479416
8.443356
8.409707
8.378527
8.349871
8.323789
8.300327
8.279528
8.261426
8.246054
8.233440
8.223606
8.216570
8.212341
11.255072
11.256601
11.261185
11.268799
11.279400
11.292935
11.309338
11.328516
11.350374
11.374798
11.401662
11.430829
11.462148
11.495455
11.530582
11.567352
11.605579
11.645065
11.685617
11.727026
11.769091
11.811600
11.854347
11.897123
11.939724
11.981939
12.023573
12.064430
12.104322
12.143066
12.180492
12.216429
12.250725
12.283239
12.313837
12.342400
12.368818
12.393002
12.414864
12.434343
12.451382
12.465950
12.478020
12.487577
12.494635
12.499210
12.501335
12.501053
12.498425
12.493525
12.486427
12.477234
12.466043
12.452971
12.438137
12.421667
12.403700
12.384373
12.363836
12.342230
12.319708
12.296417
12.272512
12.248142
12.223448
12.198578
12.173670
12.148857
12.124264
12.100008
12.076200
12.052946
12.030331
12.008436
11.987329
11.967070
11.947702
11.929251
11.911745
11.895184
11.879562
11.864853
11.851027
11.838034
11.825811
11.814291
11.803381
11.792990
11.783009
11.773317
11.763788
11.754290
11.744675
11.734795
11.724493
11.713609
11.701979
11.689439
11.675817
11.660954
11.644678
11.626828
11.607244
11.585773
11.562265
11.536584
11.508592
11.478170
11.445208
11.409603
11.371272
11.330133
11.286133
11.239226
11.189384
11.136592
11.080853
11.022192
10.960643
10.896267
10.829128
10.759325
10.686963
10.612167
10.535080
10.455855
10.374671
10.291715
10.207187
10.121306
10.034303
9.946416
9.857895
9.769003
9.680006
9.591183
9.502810
9.415178
9.328573
9.243284
9.159600
9.077811
8.998202
8.921055
8.846643
8.775236
8.707094
8.642467
8.581594
8.524701
8.472003
8.423696
8.379964
8.340974
8.306874
8.277794
8.253848
8.235126
8.221703
8.213626
11.255072
11.255175
11.255491
11.256041
11.256845
11.257949
11.259401
11.261257
11.263588
11.266466
11.269973
11.274199
11.279231
11.285158
11.292080
11.300085
11.309269
11.319712
11.331498
11.344702
11.359386
11.375608
11.393415
11.412834
11.433889
11.456577
11.480888
11.506796
11.534256
11.563204
11.593565
11.625235
11.658104
11.692045
11.726910
11.762537
11.798752
11.835367
11.872179
11.908981
11.945547
11.981661
12.017088
12.051586
12.084930
12.116886
12.147217
12.175699
12.202114
12.226257
12.247925
12.266937
12.283127
12.296341
12.306448
12.313335
12.316914
12.317114
12.313900
12.307243
12.297153
12.283659
12.266819
12.246716
12.223448
12.197151
12.167976
12.136099
12.101709
12.065022
12.026264
11.985687
11.943544
11.900105
11.855640
11.810440
11.764786
11.718954
11.673243
11.627916
11.583252
11.539499
11.496908
11.455709
11.416107
11.378300
11.342449
11.308701
11.277174
11.247955
11.221104
11.196655
11.174608
11.154932
11.137566
11.122415
11.109358
11.098245
11.088890
11.081091
11.074612
11.069194
11.064560
11.060411
11.056431
11.052295
11.047660
11.042179
11.035503
11.027279
11.017154
11.004780
10.989822
10.971959
10.950882
10.926295
10.897937
10.865562
10.828954
10.787935
10.742342
10.692066
10.637027
10.577181
10.512524
10.443097
10.368978
10.290287
10.207189
10.119881
10.028610
9.933658
9.835340
9.734015
9.630070
9.523924
9.416023
9.306846
9.196884
9.086654
8.976684
8.867516
8.759699
8.653788
8.550333
8.449883
8.352977
8.260141
8.171890
8.088711
8.011071
7.939407
7.874130
7.815612
7.764190
7.720160
7.683782
7.655264
7.634774
7.622431
11.255072
11.256634
11.261303
11.269043
11.279772
11.293399
11.309799
11.328819
11.350296
11.374033
11.399821
11.427447
11.456670
11.487244
11.518929
11.551466
11.584614
11.618118
11.651747
11.685268
11.718466
11.751139
11.783108
11.814201
11.844282
11.873224
11.900928
11.927322
11.952354
11.975994
11.998241
12.019102
12.038620
12.056850
12.073862
12.089743
12.104589
12.118515
12.131628
12.144049
12.155891
12.167282
12.178328
12.189127
12.199781
12.210369
12.220953
12.231583
12.242287
12.253078
12.263937
12.274836
12.285717
12.296503
12.307096
12.317377
12.327209
12.336435
12.344896
12.352402
12.358763
12.363781
12.367260
12.368998
12.368792
12.366459
12.361816
12.354702
12.344959
12.332462
12.317104
12.298809
12.277525
12.253231
12.225931
12.195679
12.162548
12.126640
12.088120
12.047146
12.003941
11.958729
11.911785
11.863396
11.813869
11.763538
11.712740
11.661827
11.611155
11.561077
11.511944
11.464096
11.417858
11.373535
11.331406
11.291722
11.254702
11.220527
11.189331
11.161213
11.136221
11.114353
11.095556
11.079733
11.066727
11.056336
11.048308
11.042342
11.038094
11.035177
11.033166
11.031601
11.029995
11.027843
11.024618
11.019778
11.012788
11.003103
10.990193
10.973557
10.952686
10.927134
10.896476
10.860329
10.818363
10.770303
10.715929
10.655091
10.587704
10.513748
10.433287
10.346447
10.253439
10.154541
10.050109
9.940570
9.826416
9.708212
9.586576
9.462185
9.335763
9.208082
9.079947
8.952194
8.825677
8.701262
8.579824
8.462228
8.349330
8.241960
8.140921
8.046973
7.960837
7.883175
7.814588
7.755610
7.706708
7.668265
7.640587
7.623890
11.255072
11.255018
11.254875
11.254696
11.254545
11.254540
11.254814
11.255514
11.256824
11.258930
11.262031
11.266337
11.272050
11.279367
11.288488
11.299580
11.312803
11.328281
11.346120
11.366390
11.389120
11.414309
11.441917
11.471859
11.504013
11.538219
11.574278
11.611956
11.650993
11.691093
11.731947
11.773205
11.814531
11.855568
11.895952
11.935333
11.973364
12.009720
12.044086
12.076181
12.105751
12.132586
12.156500
12.177351
12.195051
12.209545
12.220821
12.228916
12.233908
12.235916
12.235086
12.231611
12.225706
12.217609
12.207577
12.195883
12.182800
12.168608
12.153587
12.137989
12.122063
12.106030
12.090090
12.074408
12.059109
12.044296
12.030022
12.016304
12.003111
11.990383
11.978018
11.965881
11.953808
11.941601
11.929035
11.915890
11.901915
11.886848
11.870464
11.852503
11.832752
11.810995
11.787064
11.760811
11.732126
11.700951
11.667259
11.631081
11.592495
11.551628
11.508654
11.463799
11.417330
11.369556
11.320824
11.271508
11.222008
11.172740
11.124125
11.076588
11.030544
10.986388
10.944489
10.905184
10.868759
10.835455
10.805452
10.778860
10.755729
10.736025
10.719639
10.706387
10.695997
10.688133
10.682373
10.678226
10.675140
10.672502
10.669645
10.665876
10.660450
10.652624
10.641641
10.626747
10.607212
10.582335
10.551461
10.513997
10.469416
10.417268
10.357204
10.288973
10.212423
10.127529
10.034384
9.933197
9.824308
9.708179
9.585388
9.456637
9.322732
9.184584
9.043196
8.899654
8.755111
8.610771
8.467887
8.327726
8.191573
8.060693
7.936336
7.819698
7.711931
7.614103
7.527197
7.452092
7.389558
7.340237
7.304638
7.283128
11.255072
11.252720
11.245739
11.234350
11.218893
11.199864
11.177864
11.153587
11.127834
11.101458
11.075355
11.050458
11.027688
11.007942
10.992086
10.980904
10.975103
10.975275
10.981904
10.995337
11.015768
11.043255
11.077702
11.118853
11.166313
11.219543
11.277876
11.340530
11.406631
11.475214
11.545271
11.615732
11.685541
11.753641
11.819002
11.880657
11.937712
11.989374
12.034950
12.073883
12.105751
12.130287
12.147364
12.157005
12.159399
12.154869
12.143871
12.126989
12.104918
12.078444
12.048410
12.015732
11.981344
11.946184
11.911175
11.877207
11.845100
11.815601
11.789371
11.766935
11.748711
11.734976
11.725874
11.721401
11.721409
11.725620
11.733620
11.744879
11.758749
11.774504
11.791342
11.808409
11.824818
11.839674
11.852085
11.861214
11.866262
11.866503
11.861328
11.850204
11.832752
11.808697
11.777927
11.740465
11.696474
11.646275
11.590309
11.529154
11.463505
11.394156
11.321978
11.247919
11.172968
11.098131
11.024422
10.952832
10.884308
10.819734
10.759909
10.705534
10.657192
10.615335
10.580273
10.552177
10.531059
10.516779
10.509050
10.507436
10.511367
10.520145
10.532963
10.548914
10.567007
10.586206
10.605423
10.623549
10.639489
10.652157
10.660508
10.663578
10.660450
10.650326
10.632504
10.606401
10.571560
10.527659
10.474512
10.412070
10.340425
10.259794
10.170528
10.073093
9.968061
9.856104
9.737983
9.614522
9.486609
9.355173
9.221172
9.085584
8.949380
8.813530
8.678980
8.546649
8.417411
8.292095
8.171486
8.056301
7.947211
7.844814
7.749660
7.662225
7.582941
7.512177
7.450246
7.397416
7.353906
7.319890
7.295502
7.280829
11.255072
11.246557
11.221281
11.180033
11.124083
11.055189
10.975506
10.887522
10.794025
10.697977
10.602443
10.510520
10.425217
10.349379
10.285616
10.236205
10.203047
10.187584
10.190786
10.213106
10.254466
10.314270
10.391409
10.484306
10.590952
10.708963
10.835653
10.968115
11.103296
11.238083
11.369404
11.494284
11.609966
11.713970
11.804146
11.878752
11.936491
11.976553
11.998602
12.002813
11.989849
11.960838
11.917320
11.861208
11.794735
11.720371
11.640747
11.558586
11.476612
11.397482
11.323677
11.257473
11.200853
11.155447
11.122494
11.102823
11.096807
11.104380
11.125050
11.157881
11.201567
11.254459
11.314627
11.379908
11.447979
11.516445
11.582890
11.644964
11.700438
11.747284
11.783737
11.808332
11.819946
11.817833
11.801630
11.771391
11.727545
11.670885
11.602579
11.524057
11.437040
11.343420
11.245253
11.144659
11.043768
10.944674
10.849340
10.759571
10.676952
10.602808
10.538159
10.483715
10.439856
10.406621
10.383727
10.370583
10.366314
10.369803
10.379732
10.394627
10.412912
10.432965
10.453171
10.471975
10.487928
10.499738
10.506307
10.506746
10.500433
10.486980
10.466273
10.438452
10.403889
10.363185
10.317123
10.266623
10.212729
10.156530
10.099129
10.041603
9.984928
9.929972
9.877430
9.827799
9.781357
9.738140
9.697945
9.660318
9.624577
9.589821
9.554972
9.518801
9.479973
9.437098
9.388782
9.333679
9.270546
9.198296
9.116040
9.023147
8.919258
8.804336
8.678675
8.542917
8.398043
8.245370
8.086533
7.923442
7.758258
7.593328
7.431148
7.274282
7.125326
6.986817
6.861181
6.750668
6.657292
6.582784
6.528537
6.495568
11.255072
11.251520
11.240938
11.223555
11.199718
11.169958
11.134920
11.095381
11.052263
11.006594
10.959504
10.912227
10.866057
10.822332
10.782434
10.747719
10.719522
10.699097
10.687605
10.686059
10.695307
10.715977
10.748470
10.792923
10.849190
10.916822
10.995068
11.082884
11.178932
11.281605
11.389061
11.499247
11.609966
11.718933
11.823803
11.922274
12.012127
12.091322
12.158016
12.210672
12.248087
12.269455
12.274382
12.262915
12.235575
12.193325
12.137566
12.070099
11.993088
11.908995
11.820496
11.730427
11.641693
11.557154
11.479555
11.411440
11.355045
11.312239
11.284464
11.272650
11.277203
11.297981
11.334284
11.384871
11.447979
11.521408
11.602547
11.688486
11.776073
11.862053
11.943151
12.016191
12.078184
12.126450
12.158691
12.173098
12.168385
12.143839
12.099398
12.035570
11.953516
11.854933
11.742071
11.617613
11.484608
11.346380
11.206402
11.068188
10.935190
10.810667
10.697574
10.598484
10.515491
10.450144
10.403386
10.375547
10.366314
10.374767
10.399389
10.438148
10.488548
10.547734
10.612585
10.679834
10.746166
10.808354
10.863368
10.908453
10.941273
10.959934
10.963092
10.949965
10.920364
10.874698
10.813942
10.739577
10.653569
10.558237
10.456189
10.350220
10.243166
10.137831
10.036844
9.942568
9.856993
9.781662
9.717604
9.665281
9.624578
9.594784
9.574630
9.562323
9.555610
9.551867
9.548196
9.541537
9.528784
9.506913
9.473102
9.424853
9.360097
9.277289
9.175492
9.054430
8.914517
8.756883
8.583350
8.396396
8.199097
7.995034
7.788209
7.582900
7.383564
7.194675
7.020596
6.865437
6.732929
6.626306
6.548195
6.500531
11.255072
11.251663
11.241503
11.224798
11.201868
11.173199
11.139387
11.101151
11.059353
11.014957
10.969039
10.922774
10.877414
10.834253
10.794651
10.759949
10.731482
10.710514
10.698236
10.695693
10.703783
10.723185
10.754360
10.797506
10.852537
10.919064
10.996384
11.083500
11.179102
11.281607
11.389179
11.499762
11.611137
11.720991
11.826939
11.926624
12.017776
12.098291
12.166267
12.220108
12.258551
12.280746
12.286263
12.275116
12.247816
12.205320
12.149044
12.080811
12.002821
11.917582
11.827822
11.736437
11.646393
11.560610
11.481892
11.412832
11.355715
11.312439
11.284470
11.272747
11.277670
11.299084
11.336254
11.387901
11.452215
11.526937
11.609398
11.696625
11.785406
11.872431
11.954378
12.028028
12.090368
12.138699
12.170721
12.184633
12.179176
12.153669
12.108093
12.043015
11.959646
11.859749
11.745636
11.620043
11.486076
11.347105
11.206633
11.068199
10.935266
10.811090
10.698607
10.600367
10.518419
10.454266
10.408795
10.382278
10.374338
10.383997
10.409679
10.449306
10.500341
10.559898
10.624840
10.691895
10.757757
10.819222
10.873292
10.917257
10.948833
10.966185
10.968026
10.953638
10.922892
10.876246
10.814724
10.739842
10.653588
10.558296
10.456569
10.351189
10.244962
10.140656
10.040853
9.947858
9.863604
9.789572
9.726728
9.675484
9.635667
9.606529
9.586772
9.574581
9.567699
9.563512
9.559139
9.551556
9.537697
9.514591
9.479472
9.429906
9.363881
9.279915
9.177121
9.055272
8.914819
8.756913
8.583393
8.396735
8.200001
7.996746
7.790934
7.586797
7.388736
7.201166
7.028390
6.874456
6.743040
6.637322
6.559892
6.512649
11.255072
11.254066
11.250978
11.245626
11.237701
11.226860
11.212715
11.194897
11.173140
11.147301
11.117429
11.083816
11.047009
11.007835
10.967432
10.927183
10.888731
10.853893
10.824624
10.802912
10.790709
10.789818
10.801823
10.827978
10.869139
10.925680
10.997454
11.083769
11.183357
11.294416
11.414640
11.541269
11.671202
11.801096
11.927462
12.046814
12.155794
12.251314
12.330643
12.391556
12.432402
12.452194
12.450638
12.428139
12.385834
12.325510
12.249567
12.160915
12.062885
11.959089
11.853283
11.749247
11.650648
11.560879
11.482962
11.419449
11.372316
11.342911
11.331932
11.339380
11.364595
11.406301
11.462643
11.531281
11.609465
11.694172
11.782179
11.870207
11.955002
12.033472
12.102768
12.160372
12.204155
12.232445
12.244049
12.238295
12.215010
12.174498
12.117569
12.045418
11.959646
11.862152
11.755112
11.640871
11.521910
11.400766
11.279961
11.161945
11.049053
10.943434
10.846997
10.761409
10.688016
10.627847
10.581575
10.549512
10.531588
10.527376
10.536069
10.556524
10.587267
10.626531
10.672302
10.722366
10.774359
10.825839
10.874362
10.917526
10.953089
10.978994
10.993487
10.995146
10.982956
10.956351
10.915247
10.860032
10.791606
10.711319
10.620944
10.522636
10.418813
10.312103
10.205229
10.100882
10.001623
9.909762
9.827251
9.755589
9.695731
9.648037
9.612232
9.587391
9.571955
9.563781
9.560210
9.558173
9.554298
9.545064
9.526935
9.496539
9.450807
9.387133
9.303510
9.198650
9.072068
8.924147
8.756173
8.570317
8.369596
8.157787
7.939324
7.719140
7.502522
7.294911
7.101717
6.928117
6.778872
6.658150
6.569366
6.515051
11.255072
11.253260
11.247797
11.238663
11.225788
11.209152
11.188744
11.164597
11.136860
11.105774
11.071729
11.035289
10.997182
10.958319
10.919819
10.882942
10.849112
10.819847
10.796739
10.781378
10.775305
10.779926
10.796467
10.825888
10.868832
10.925560
10.995913
11.079288
11.174610
11.280354
11.394556
11.514849
11.638538
11.762691
11.884186
11.999855
12.106579
12.201414
12.281675
12.345076
12.389805
12.414625
12.418913
12.402697
12.366707
12.312321
12.241552
12.156979
12.061665
11.959047
11.852804
11.746746
11.644670
11.550194
11.466646
11.396942
11.343460
11.307959
11.291533
11.294533
11.316589
11.356632
11.412910
11.483091
11.564325
11.653391
11.746780
11.840868
11.932007
12.016695
12.091679
12.154072
12.201437
12.231867
12.244030
12.237221
12.211334
12.166840
12.104809
12.026766
11.934694
11.830900
11.717968
11.598625
11.475681
11.351936
11.230076
11.112619
11.001867
10.899830
10.808183
10.728282
10.661107
10.607282
10.567070
10.540389
10.526823
10.525661
10.535896
10.556290
10.585369
10.621475
10.662798
10.707415
10.753311
10.798442
10.840774
10.878307
10.909163
10.931591
10.944062
10.945284
10.934273
10.910384
10.873358
10.823318
10.760829
10.686857
10.602765
10.510302
10.411506
10.308680
10.204293
10.100878
10.000935
9.906816
9.820623
9.744091
9.678490
9.624554
9.582412
9.551549
9.530797
9.518357
9.511847
9.508389
9.504701
9.497251
9.482387
9.456527
9.416306
9.358762
9.281490
9.182793
9.061783
8.918484
8.753882
8.569929
8.369520
8.156411
7.935120
7.710763
7.488899
7.275307
7.075786
6.895922
6.740883
6.615211
6.522643
6.465955
11.255072
11.258230
11.267305
11.281185
11.298073
11.315711
11.331516
11.342802
11.347059
11.342123
11.326422
11.299142
11.260322
11.210928
11.152870
11.088877
11.022406
10.957430
10.898220
10.849076
10.814079
10.796806
10.800126
10.825991
10.875310
10.947872
11.042320
11.156250
11.286285
11.428299
11.577602
11.729193
11.878025
12.019279
12.148548
12.262081
12.356920
12.431013
12.483231
12.513395
12.522190
12.511076
12.482128
12.437868
12.381136
12.314865
12.241961
12.165161
12.086948
12.009474
11.934528
11.863571
11.797766
11.738003
11.685009
11.639400
11.601751
11.572626
11.552645
11.542423
11.542585
11.553703
11.576200
11.610279
11.655802
11.712227
11.778500
11.853029
11.933638
12.017612
12.101757
12.182493
12.256008
12.318432
12.366028
12.395433
12.403820
12.389088
12.350071
12.286566
12.199465
12.090700
11.963230
11.820873
11.668167
11.510149
11.352074
11.199184
11.056437
10.928251
10.818260
10.729198
10.662737
10.619444
10.598790
10.599226
10.618299
10.652849
10.699186
10.753361
10.811365
10.869365
10.923910
10.972082
11.011602
11.040900
11.059136
11.066116
11.062258
11.048416
11.025786
10.995710
10.959557
10.918567
10.873766
10.825862
10.775258
10.722029
10.665980
10.606752
10.543891
10.476999
10.405849
10.330476
10.251276
10.169043
10.084986
10.000679
9.917976
9.838898
9.765458
9.699494
9.642472
9.595318
9.558255
9.530700
9.511181
9.497353
9.486045
9.473407
9.455081
9.426461
9.382971
9.320375
9.235077
9.124418
8.986934
8.822538
8.632661
8.420263
8.189813
7.947112
7.699099
7.453512
7.218557
7.002480
6.813167
6.657733
6.542151
6.470925
11.255072
11.254112
11.251184
11.246214
11.239025
11.229433
11.217201
11.202057
11.183769
11.162111
11.136952
11.108294
11.076295
11.041334
11.004074
10.965456
10.926752
10.889544
10.855708
10.827364
10.806799
10.796347
10.798286
10.814695
10.847294
10.897310
10.965328
11.051220
11.154026
11.271963
11.402416
11.542004
11.686718
11.832090
11.973362
12.105745
12.224661
12.325983
12.406239
12.462833
12.494173
12.499781
12.480289
12.437408
12.373856
12.293152
12.199450
12.097275
11.991295
11.886053
11.785732
11.693977
11.613739
11.547155
11.495541
11.459389
11.438461
11.431881
11.438330
11.456146
11.483538
11.518732
11.560080
11.606161
11.655802
11.708109
11.762379
11.818058
11.874590
11.931335
11.987442
12.041748
12.092718
12.138420
12.176559
12.204586
12.219793
12.219494
12.201275
12.163145
12.103811
12.022814
11.920719
11.799160
11.660887
11.509689
11.350235
11.187889
11.028421
10.877689
10.741268
10.624168
10.530478
10.463108
10.423604
10.412037
10.426992
10.465660
10.524000
10.597025
10.679106
10.764335
10.846918
10.921520
10.983585
11.029605
11.057298
11.065657
11.054977
11.026703
10.983275
10.927824
10.863903
10.795146
10.724970
10.656268
10.591231
10.531182
10.476513
10.426741
10.380600
10.336256
10.291534
10.244197
10.192226
10.134071
10.068865
9.996559
9.917976
9.834779
9.749337
9.664523
9.583424
9.509040
9.443940
9.389956
9.347890
9.317340
9.296576
9.282560
9.271055
9.256866
9.234175
9.196955
9.139423
9.056532
8.944423
8.800826
8.625380
8.419803
8.187975
7.935818
7.671082
7.402949
7.141565
6.897450
6.680908
6.501397
6.366965
6.283737
11.255072
11.261694
11.280771
11.310076
11.346073
11.384356
11.419998
11.448040
11.464027
11.464375
11.446798
11.410559
11.356553
11.287317
11.206871
11.120378
11.033800
10.953405
10.885296
10.834945
10.806798
10.803928
10.827874
10.878557
10.954341
11.052233
11.168125
11.297203
11.434284
11.574226
11.712261
11.844267
11.966976
12.078074
12.176159
12.260668
12.331709
12.389845
12.435825
12.470415
12.494173
12.507362
12.509876
12.501270
12.480904
12.448074
12.402246
12.343258
12.271553
12.188316
12.095577
11.996241
11.893997
11.793139
11.698338
11.614311
11.545509
11.495743
11.467916
11.463728
11.483538
11.526314
11.589666
11.670023
11.762850
11.863031
11.965176
12.064041
12.154848
12.233599
12.297287
12.344011
12.372976
12.384403
12.379356
12.359509
12.326841
12.283356
12.230862
12.170727
12.103811
12.030396
11.950306
11.863022
11.767935
11.664612
11.553032
11.433872
11.308680
11.179953
11.051114
10.926433
10.810736
10.709091
10.626401
10.566959
10.534041
10.529522
10.553588
10.604608
10.679106
10.771916
10.876505
10.985382
11.090633
11.184527
11.260095
11.311640
11.335236
11.328966
11.293120
11.230087
11.144161
11.041129
10.927767
10.811191
10.698280
10.595044
10.506100
10.434322
10.380599
10.343838
10.321122
10.308060
10.299276
10.288994
10.271660
10.242540
10.198235
10.137041
10.059181
9.966785
9.863681
9.755023
9.646736
9.544878
9.454939
9.381202
9.326163
9.290143
9.271055
9.264449
9.263762
9.260817
9.246472
9.211454
9.147219
9.046809
8.905637
8.722065
8.497820
8.238080
7.951340
7.648932
7.344361
7.052373
6.787957
6.565259
6.396553
6.291320
11.255072
11.264986
11.293575
11.337563
11.391790
11.449842
11.504608
11.549017
11.576809
11.583094
11.564934
11.521654
11.454927
11.368696
11.268854
11.162706
11.058386
10.964117
10.887535
10.835049
10.811337
10.818987
10.858373
10.927713
11.023313
11.139988
11.271561
11.411486
11.553381
11.691576
11.821491
11.939903
12.045048
12.136543
12.215157
12.282473
12.340498
12.391232
12.436239
12.476395
12.511642
12.540976
12.562508
12.573692
12.571707
12.553818
12.517841
12.462528
12.387915
12.295509
12.188353
12.070940
11.948959
11.828878
11.717495
11.621353
11.546244
11.496672
11.475521
11.483753
11.520355
11.582443
11.665497
11.763765
11.870741
11.979744
12.084412
12.179220
12.259840
12.323397
12.368563
12.395481
12.405540
12.401052
12.384836
12.359797
12.328489
12.292767
12.253580
12.210827
12.163452
12.109577
12.046869
11.972893
11.885569
11.783606
11.666834
11.536505
11.395397
11.247765
11.099120
10.955916
10.825026
10.713194
10.626447
10.569528
10.545431
10.555061
10.597039
10.667760
10.761570
10.871174
10.988182
11.103735
11.209181
11.296767
11.360219
11.395182
11.399555
11.373549
11.319627
11.242176
11.147081
11.041141
10.931454
10.824729
10.726757
10.641904
10.572750
10.519991
10.482412
10.457140
10.439990
10.425955
10.409769
10.386470
10.351943
10.303352
10.239446
10.160686
10.069233
9.968719
9.863865
9.760022
9.662581
9.576405
9.505250
9.451327
9.414946
9.394365
9.385797
9.383627
9.380805
9.369387
9.341169
9.288408
9.204518
9.084713
8.926544
8.730252
8.498966
8.238643
7.957841
7.667237
7.379033
7.106168
6.861521
6.657054
6.503031
6.407310
11.255072
11.257877
11.266016
11.278740
11.294758
11.312377
11.329481
11.343658
11.352386
11.353128
11.343637
11.322161
11.287679
11.240150
11.180679
11.111586
11.036417
10.959799
10.887180
10.824481
10.777649
10.752117
10.752372
10.781464
10.840674
10.929319
11.044685
11.182230
11.335865
11.498470
11.662445
11.820360
11.965567
12.092730
12.198206
12.280262
12.339083
12.376566
12.395916
12.401180
12.396616
12.386137
12.372778
12.358305
12.343069
12.325975
12.304739
12.276289
12.237343
12.184999
12.117346
12.033993
11.936422
11.828081
11.714317
11.601969
11.498829
11.412868
11.351469
11.320569
11.323992
11.362957
11.435799
11.538031
11.662657
11.800812
11.942533
12.077713
12.197035
12.292837
12.359806
12.395393
12.399910
12.376358
12.329910
12.267210
12.195469
12.121536
12.051086
11.987883
11.933399
11.886633
11.844376
11.801662
11.752548
11.691019
11.611908
11.511810
11.389767
11.247677
11.090363
10.925356
10.762220
10.611687
10.484568
10.390595
10.337347
10.329327
10.367342
10.448273
10.565206
10.707990
10.864130
11.019932
11.161766
11.277383
11.357041
11.394384
11.387018
11.336601
11.248620
11.131666
10.996510
10.854901
10.718351
10.596888
10.498121
10.426517
10.383019
10.365151
10.367386
10.381927
10.399667
10.411290
10.408352
10.384260
10.334992
10.259540
10.159965
10.041143
9.910189
9.775612
9.646349
9.530766
9.435706
9.365737
9.322613
9.305078
9.308944
9.327496
9.352106
9.373061
9.380450
9.365068
9.319201
9.237288
9.116344
8.956166
8.759296
8.530759
8.277669
8.008678
7.733418
7.461879
7.203905
6.968700
6.764488
6.598232
6.475471
6.400200
11.255072
11.255836
11.258133
11.262018
11.267416
11.274096
11.281445
11.288393
11.293413
11.294479
11.289299
11.275527
11.251084
11.214546
11.165508
11.104851
11.034966
10.959747
10.884454
10.815375
10.759335
10.723030
10.712434
10.732088
10.784570
10.870124
10.986461
11.128906
11.290693
11.463585
11.638565
11.806686
11.959900
12.091768
12.198000
12.276758
12.328682
12.356617
12.365082
12.359621
12.345968
12.329287
12.313463
12.300604
12.290840
12.282320
12.271584
12.254112
12.225113
12.180319
12.116776
12.033531
11.932051
11.816319
11.692701
11.569391
11.455690
11.361021
11.293964
11.261237
11.266912
11.311901
11.393709
11.506615
11.642157
11.789965
11.938751
12.077433
12.196215
12.287508
12.346621
12.372084
12.365601
12.331686
12.276941
12.209150
12.136223
12.065172
12.001278
11.947401
11.903730
11.867777
11.834846
11.798689
11.752457
11.689741
11.605539
11.497145
11.364738
11.211649
11.044210
10.871348
10.703703
10.552629
10.429014
10.342105
10.298510
10.301403
10.350095
10.439990
10.562948
10.707984
10.862297
11.012442
11.145567
11.250623
11.319320
11.346809
11.332052
11.277725
11.189853
11.077009
10.949402
10.817740
10.692169
10.581205
10.491014
10.424880
10.382997
10.362665
10.358696
10.364147
10.371162
10.371901
10.359415
10.328425
10.275861
10.201162
10.106293
9.995479
9.874731
9.751159
9.632182
9.524754
9.434592
9.365594
9.319379
9.295116
9.289544
9.297244
9.311084
9.322829
9.323838
9.305782
9.261315
9.184685
9.072179
8.922433
8.736554
8.518054
8.272669
8.007989
7.733052
7.457807
7.192604
6.947644
6.732491
6.555615
6.424016
6.342903
11.255072
11.259989
11.274107
11.295685
11.321953
11.349503
11.374544
11.393314
11.402487
11.399401
11.382399
11.350935
11.305621
11.248213
11.181482
11.109003
11.034966
10.963900
10.900429
10.849042
10.813871
10.798437
10.805533
10.837009
10.893643
10.975046
11.079561
11.204313
11.345230
11.497252
11.654539
11.810839
11.959900
12.095921
12.213974
12.310425
12.383219
12.432024
12.458181
12.464542
12.455042
12.434208
12.406563
12.376011
12.345377
12.315987
12.287558
12.258265
12.225113
12.184471
12.132750
12.067198
11.986588
11.891726
11.785801
11.674313
11.564764
11.465942
11.387064
11.336644
11.321449
11.345568
11.409683
11.510767
11.642157
11.794117
11.954725
12.111099
12.250751
12.362915
12.439720
12.477005
12.474674
12.436607
12.370041
12.284557
12.190760
12.098839
12.017252
11.951553
11.903730
11.871929
11.850821
11.832355
11.806993
11.765148
11.698639
11.602066
11.473812
11.316570
11.137310
10.946754
10.758240
10.586296
10.444986
10.346256
10.298510
10.305555
10.366068
10.473657
10.617485
10.783392
10.955397
11.117363
11.254641
11.355544
11.412419
11.422216
11.386589
11.311392
11.205827
11.081161
10.949402
10.821893
10.708143
10.614872
10.545551
10.500287
10.476097
10.467587
10.467769
10.469070
10.464262
10.447308
10.413952
10.362092
10.291833
10.205314
10.106293
9.999630
9.890705
9.784825
9.686719
9.600161
9.527693
9.470516
9.428452
9.400039
9.382645
9.372651
9.365621
9.356496
9.339811
9.309934
9.261315
9.188836
9.088152
8.956100
8.791091
8.593461
8.365769
8.112911
7.842126
7.562729
7.285705
7.023051
6.787028
6.589282
6.439989
6.347054
11.255072
11.245256
11.217642
11.177486
11.132368
11.090842
11.060698
11.047424
11.053066
11.075552
11.108939
11.144238
11.170868
11.178520
11.159069
11.108156
11.026361
10.919514
10.798232
10.676702
10.570806
10.495924
10.464815
10.485729
10.561218
10.687730
10.856050
11.052607
11.261290
11.465679
11.651161
11.806755
11.926327
12.009018
12.058844
12.083603
12.093258
12.098063
12.106731
12.125050
12.154945
12.194344
12.237671
12.276936
12.303259
12.308416
12.286339
12.234135
12.152649
12.046352
11.922661
11.790890
11.660906
11.541798
11.440815
11.362631
11.309162
11.279800
11.272116
11.282692
11.308067
11.345533
11.393536
11.451746
11.520687
11.601093
11.693037
11.795143
11.904022
12.014067
12.117762
12.206436
12.271381
12.305201
12.303080
12.263800
12.190218
12.089136
11.970549
11.846209
11.727938
11.625689
11.545938
11.490473
11.455950
11.434320
11.414015
11.381887
11.325520
11.235554
11.107683
10.944017
10.753384
10.550666
10.355090
10.187695
10.068394
10.012991
10.030630
10.122105
10.279281
10.485758
10.718760
10.951920
11.158657
11.315640
11.405820
11.420559
11.360685
11.236115
11.064330
10.867695
10.670280
10.494438
10.357775
10.270855
10.236084
10.247777
10.293403
10.355866
10.416283
10.456976
10.464127
10.429685
10.352327
10.237329
10.095378
9.940632
9.788280
9.652129
9.542498
9.464812
9.419075
9.400282
9.399617
9.406245
9.409292
9.399734
9.371779
9.323580
9.257101
9.177252
9.090421
9.002734
8.918334
8.838097
8.758981
8.674206
8.574260
8.448572
8.287642
8.085175
7.839962
7.557034
7.247965
6.930127
6.625029
6.355894
6.144868
6.010202
11.255072
11.241270
11.202429
11.145870
11.082186
11.023339
10.980305
10.960938
10.968403
11.000294
11.048940
11.102548
11.147175
11.169203
11.157869
11.107321
11.018074
10.897322
10.758243
10.618289
10.496728
10.411819
10.378162
10.404474
10.492320
10.635871
10.822785
11.036077
11.256559
11.465645
11.647858
11.792816
11.896341
11.960524
11.992777
12.004129
12.007006
12.012905
12.030340
12.063488
12.111551
12.169117
12.227274
12.275305
12.302723
12.301102
12.265617
12.195841
12.095846
11.973503
11.839176
11.704136
11.578848
11.471539
11.387291
11.327702
11.291273
11.274267
11.271980
11.280008
11.295357
11.317158
11.346737
11.387150
11.442186
11.515141
11.607449
11.717672
11.840927
11.968969
12.090973
12.194906
12.269257
12.304899
12.296684
12.244514
12.153612
12.033964
11.898973
11.763407
11.641150
11.542887
11.474363
11.435301
11.419344
11.415035
11.407619
11.381586
11.323395
11.224024
11.080894
10.898920
10.690289
10.473195
10.269502
10.101741
9.989893
9.948395
9.983831
10.093730
10.266570
10.483075
10.718624
10.946386
11.140768
11.280711
11.352296
11.350300
11.278627
11.149361
10.980845
10.794846
10.613478
10.456144
10.337053
10.263540
10.235548
10.246147
10.283006
10.330640
10.372889
10.395414
10.387735
10.344527
10.266073
10.157855
10.029311
9.892138
9.758295
9.638190
9.539194
9.464778
9.414345
9.383752
9.366353
9.354385
9.340392
9.318480
9.285126
9.239474
9.183023
9.118838
9.050431
8.980543
8.910046
8.837262
8.757781
8.664889
8.550566
8.406881
8.227642
8.009916
7.755299
7.470547
7.167572
6.862625
6.574846
6.324279
6.129656
6.006215
11.255072
11.252699
11.245848
11.235430
11.222784
11.209641
11.197811
11.188892
11.183956
11.183081
11.185166
11.187755
11.187133
11.178757
11.157957
11.120781
11.065062
10.991272
10.903172
10.807996
10.716030
10.639599
10.591606
10.583641
10.624141
10.716770
10.859400
11.043919
11.256910
11.481293
11.698519
11.891188
12.045555
12.153517
12.213709
12.231558
12.218185
12.188349
12.157726
12.140131
12.144938
12.175409
12.228065
12.293291
12.357153
12.403917
12.419060
12.391998
12.318245
12.200405
12.047943
11.875763
11.701780
11.543982
11.417576
11.332611
11.292677
11.294741
11.330273
11.387287
11.452967
11.516354
11.570435
11.613352
11.648394
11.682863
11.725912
11.785980
11.868238
11.972664
12.093164
12.218010
12.331495
12.416651
12.458395
12.446617
12.378439
12.259293
12.102480
11.927141
11.755138
11.607130
11.498835
11.437950
11.422495
11.440910
11.473886
11.497812
11.489134
11.428898
11.306681
11.123203
10.890955
10.632865
10.379015
10.161996
10.011663
9.950171
9.988111
10.122512
10.336938
10.603774
10.888309
11.153891
11.367342
11.503779
11.549989
11.505835
11.383673
11.205711
11.000056
10.795921
10.619056
10.487965
10.411589
10.388702
10.409096
10.456139
10.510193
10.552325
10.567480
10.546749
10.488327
10.397060
10.282871
10.158404
10.036358
9.927122
9.837060
9.767797
9.716512
9.677109
9.641971
9.603889
9.557717
9.501463
9.436549
9.367291
9.299660
9.239673
9.191701
9.157110
9.133479
9.114571
9.091035
9.051780
8.985670
8.883313
8.738585
8.549651
8.319393
8.055107
7.767723
7.470570
7.178043
6.904301
6.662225
6.462696
6.314215
6.222765
11.255072
11.244221
11.213787
11.169821
11.120974
11.076869
11.046066
11.034298
11.043259
11.069996
11.107390
11.145288
11.172279
11.177799
11.154150
11.098001
11.011320
10.901329
10.779681
10.660922
10.560477
10.492525
10.468115
10.493698
10.570398
10.693992
10.855592
11.042961
11.242056
11.438826
11.620743
11.778103
11.904858
11.998922
12.061964
12.098785
12.116375
12.122740
12.125666
12.131653
12.144938
12.166931
12.196005
12.227682
12.255342
12.271145
12.267315
12.237404
12.177547
12.087320
11.970167
11.833296
11.686926
11.543024
11.413769
11.309832
11.238935
11.204798
11.206781
11.240213
11.297415
11.369280
11.446943
11.523409
11.594652
11.660084
11.722105
11.785023
11.853384
11.930197
12.015388
12.104925
12.190798
12.262056
12.306650
12.313845
12.276628
12.193684
12.070419
11.918663
11.755138
11.598652
11.466774
11.372341
11.320684
11.308138
11.322142
11.343218
11.348436
11.315813
11.228905
11.080736
10.876101
10.631907
10.375209
10.139215
9.957922
9.860228
9.864620
9.975437
10.181385
10.456699
10.764818
11.063948
11.313601
11.481000
11.546182
11.504877
11.368818
11.163244
10.922280
10.682837
10.478357
10.333370
10.259844
10.255932
10.307287
10.390530
10.478131
10.543847
10.567480
10.538271
10.456266
10.331451
10.181061
10.025633
9.884613
9.772530
9.696362
9.654711
9.638736
9.634643
9.627116
9.602930
9.553910
9.478683
9.382807
9.277349
9.176168
9.092598
9.036149
9.010036
9.009988
9.024628
9.037292
9.028999
8.981863
8.882355
8.723730
8.507185
8.241617
7.942021
7.627026
7.315976
7.026299
6.771529
6.560415
6.397087
6.282154
6.214288
11.255072
11.255182
11.255041
11.253548
11.249321
11.241448
11.229933
11.215950
11.201721
11.189766
11.182107
11.179225
11.179345
11.178247
11.169794
11.147070
11.104145
11.037910
10.949687
10.846125
10.739061
10.644238
10.579048
10.559578
10.597587
10.697989
10.857376
11.064032
11.299358
11.540749
11.765139
11.952791
12.090508
12.173611
12.206360
12.200708
12.173677
12.143810
12.127449
12.135651
12.172125
12.232811
12.306938
12.379395
12.433926
12.456347
12.437321
12.373985
12.270372
12.136389
11.985811
11.833744
11.693993
11.576962
11.488485
11.429602
11.397398
11.386450
11.390648
11.404793
11.425762
11.453007
11.488197
11.534370
11.594652
11.671045
11.763359
11.868750
11.981731
12.094776
12.199255
12.286577
12.349260
12.381826
12.381367
12.347782
12.283695
12.194132
12.086063
11.967731
11.847963
11.735233
11.636780
11.557543
11.499268
11.459850
11.433075
11.409098
11.375624
11.319811
11.230688
11.101807
10.933403
10.733830
10.519605
10.313904
10.143570
10.034916
10.009015
10.077360
10.238688
10.477772
10.766602
11.067945
11.340788
11.546880
11.657115
11.656590
11.547401
11.348446
11.092286
10.819418
10.571182
10.382439
10.275488
10.256380
10.314354
10.424467
10.552848
10.663617
10.725943
10.719923
10.640133
10.496032
10.309408
10.109360
9.925869
9.783491
9.696363
9.665672
9.679991
9.718369
9.755464
9.767509
9.737776
9.660335
9.541268
9.397119
9.250884
9.126535
9.043216
9.010483
9.025632
9.073695
9.130117
9.165582
9.151869
9.067557
8.902313
8.658897
8.352551
8.007901
7.654214
7.319974
7.028083
6.792600
6.617718
6.499010
6.426549
6.388976
11.255072
11.253830
11.249971
11.243347
11.233881
11.222001
11.208729
11.195688
11.184862
11.177900
11.175553
11.176946
11.179215
11.177591
11.166073
11.138523
11.090246
11.019495
10.928742
10.825286
10.720934
10.630737
10.570910
10.556168
10.597068
10.697785
10.854834
11.057089
11.287079
11.523556
11.744709
11.931627
12.071299
12.158546
12.196575
12.195990
12.172522
12.143803
12.125885
12.130220
12.161507
12.217005
12.287266
12.358166
12.413845
12.439829
12.425869
12.367813
12.268345
12.136316
11.985004
11.829700
11.685036
11.562668
11.469791
11.408569
11.376680
11.368624
11.377550
11.397057
11.422653
11.452608
11.487906
11.531549
11.587315
11.658356
11.745844
11.848169
11.960625
12.075819
12.184572
12.277206
12.344883
12.380852
12.381334
12.345993
12.277899
12.183096
12.069897
11.947847
11.826727
11.715349
11.620613
11.546507
11.493471
11.458061
11.433043
11.408123
11.371246
11.310440
11.216005
11.082850
10.912296
10.713250
10.502090
10.301214
10.136234
10.032095
10.008722
10.076962
10.235579
10.470036
10.753504
11.050119
11.320070
11.525847
11.638421
11.642296
11.538445
11.344402
11.091479
10.819345
10.569155
10.376266
10.264036
10.239862
10.294273
10.403238
10.533175
10.647811
10.715324
10.714493
10.638569
10.496024
10.308252
10.104641
9.916084
9.768427
9.677155
9.644508
9.659562
9.701177
9.743184
9.760567
9.735232
9.660131
9.540750
9.393708
9.242744
9.113035
9.025088
8.989644
9.004688
9.055279
9.116218
9.157035
9.148148
9.066902
8.902184
8.656618
8.345997
7.996035
7.637354
7.299712
7.006878
6.773152
6.602279
6.488809
6.421479
6.387623
11.255072
11.269821
11.309547
11.362133
11.411251
11.441242
11.441637
11.410305
11.354250
11.287540
11.227328
11.188624
11.179574
11.198515
11.233799
11.266441
11.275221
11.242729
11.160933
11.034672
10.882015
10.731274
10.615284
10.564180
10.598503
10.724230
10.931011
11.194067
11.479239
11.750124
11.975468
12.135210
12.223797
12.250078
12.233995
12.201006
12.175741
12.176323
12.210762
12.276134
12.360382
12.446228
12.515890
12.555408
12.557541
12.522511
12.456820
12.370520
12.274046
12.175430
12.078775
11.984367
11.890121
11.793852
11.695589
11.598974
11.511404
11.442663
11.402561
11.398155
11.431520
11.498793
11.590712
11.694735
11.798063
11.890793
11.968140
12.031281
12.086264
12.141478
12.204206
12.277409
12.357580
12.434542
12.493259
12.517408
12.493729
12.416071
12.288040
12.123255
11.943226
11.772940
11.635468
11.546530
11.510639
11.519644
11.554115
11.587431
11.591547
11.543236
11.429369
11.250189
11.019655
10.763137
10.512791
10.301775
10.158484
10.101908
10.138914
10.263775
10.459709
10.701935
10.961491
11.209078
11.418344
11.568440
11.645621
11.644110
11.566357
11.422733
11.230706
11.013229
10.796453
10.606558
10.466084
10.390179
10.383577
10.438993
10.537549
10.651586
10.749447
10.801577
10.786690
10.696502
10.538033
10.332623
10.111662
9.909893
9.757653
9.673923
9.661800
9.707607
9.784023
9.856586
9.892054
9.866684
9.772313
9.618692
9.431367
9.245496
9.097005
9.013256
9.005496
9.065042
9.164240
9.262115
9.313420
9.278976
9.134822
8.877936
8.527219
8.119392
7.700963
7.318094
7.006968
6.786908
6.657907
6.603021
6.594902
6.604630
11.255072
11.267862
11.302288
11.347795
11.390142
11.415667
11.415213
11.386902
11.336847
11.277349
11.223433
11.188256
11.178922
11.193853
11.222584
11.248060
11.251173
11.216183
11.135795
11.014431
10.868721
10.724926
10.613834
10.564138
10.595963
10.716022
10.915638
11.172140
11.453302
11.723904
11.952774
12.118813
12.214611
12.246893
12.233831
12.199993
12.170261
12.164072
12.191433
12.251505
12.333794
12.421598
12.496561
12.543158
12.552061
12.521498
12.456656
12.367334
12.264860
12.159033
12.056082
11.958147
11.864185
11.771925
11.680216
11.590767
11.508863
11.442621
11.401112
11.391808
11.418226
11.478552
11.565573
11.668188
11.774015
11.872412
11.956924
12.026619
12.085611
12.141109
12.200312
12.267218
12.340178
12.411139
12.466835
12.491833
12.472620
12.401733
12.280781
12.121296
11.943226
11.770981
11.628208
11.532192
11.489531
11.494068
11.527691
11.564028
11.574144
11.533045
11.425474
11.249821
11.019003
10.758475
10.501575
10.283394
10.134434
10.075361
10.113775
10.243535
10.446415
10.695587
10.960041
11.209036
11.415804
11.560233
11.630248
11.622183
11.540421
11.396513
11.208013
10.996832
10.787267
10.603373
10.465919
10.389166
10.378096
10.426743
10.518220
10.626956
10.722858
10.776947
10.767361
10.684251
10.532553
10.331610
10.111498
9.906706
9.748466
9.657526
9.639107
9.681387
9.758086
9.834658
9.876679
9.858477
9.769773
9.618650
9.429917
9.239147
9.083711
8.993016
8.980357
9.038496
9.140191
9.243733
9.302206
9.274316
9.134171
8.877568
8.523324
8.109201
7.683561
7.294692
6.980543
6.761333
6.636800
6.588683
6.587643
6.602670
11.255072
11.241869
11.206518
11.160482
11.118410
11.093278
11.091915
11.112730
11.146334
11.178629
11.195671
11.188225
11.154645
11.101007
11.038479
10.978807
10.929752
10.892036
10.859227
10.820728
10.767023
10.695339
10.613708
10.541525
10.506012
10.535133
10.648908
10.851750
11.128370
11.444983
11.755894
12.014114
12.183149
12.246607
12.212826
12.112911
11.992594
11.899900
11.872131
11.925850
12.052563
12.221552
12.388840
12.509768
12.551554
12.502045
12.372410
12.192894
12.003286
11.840881
11.729763
11.674650
11.660986
11.661158
11.644850
11.589973
11.490908
11.361183
11.229902
11.132867
11.101284
11.151634
11.279858
11.461851
11.660181
11.835018
11.955782
12.010103
12.006947
11.973133
11.944044
11.951542
12.012722
12.123251
12.257376
12.374914
12.433149
12.400181
12.265648
12.045374
11.778484
11.517420
11.313858
11.204262
11.199518
11.281504
11.407667
11.522432
11.572117
11.519238
11.352259
11.088314
10.768185
10.445507
10.173234
9.991305
9.918785
9.952215
10.070007
10.240969
10.433874
10.625044
10.801767
10.960991
11.104277
11.231544
11.336131
11.403467
11.414137
11.350527
11.204848
10.985500
10.719358
10.448330
10.220680
10.079136
10.049120
10.130650
10.296458
10.497519
10.674606
10.773119
10.757179
10.618939
10.380737
10.089210
9.803020
9.577509
9.450446
9.432741
9.506505
9.630826
9.753534
9.825565
9.813929
9.709883
9.530241
9.311781
9.100561
8.939251
8.855926
8.857236
8.927443
9.033158
9.132129
9.183503
9.156828
9.037680
8.828963
8.548117
8.221604
7.878440
7.544591
7.239381
6.974359
6.754239
6.579049
6.446513
6.353930
6.299180
11.255072
11.241882
11.206570
11.160580
11.118549
11.093440
11.092073
11.112858
11.146416
11.178665
11.195677
11.188227
11.154670
11.101074
11.038591
10.978958
10.929916
10.892187
10.859340
10.820795
10.767048
10.695341
10.613713
10.541561
10.506094
10.535261
10.649066
10.851912
11.128510
11.445080
11.755945
12.014128
12.183149
12.246620
12.212877
12.113008
11.992733
11.900063
11.872290
11.925978
12.052645
12.221588
12.388845
12.509769
12.551579
12.502111
12.372522
12.193045
12.003450
11.841032
11.729876
11.674717
11.661011
11.661160
11.644855
11.590010
11.490990
11.361311
11.230061
11.133029
11.101423
11.151731
11.279909
11.461864
11.660181
11.835032
11.955833
12.010201
12.007086
11.973295
11.944202
11.951670
12.012804
12.123287
12.257381
12.374916
12.433174
12.400248
12.265760
12.045525
11.778648
11.517570
11.313971
11.204329
11.199543
11.281506
11.407673
11.522469
11.572199
11.519365
11.352417
11.088476
10.768324
10.445604
10.173285
9.991320
9.918785
9.952229
10.070058
10.241068
10.434013
10.625206
10.801926
10.961119
11.104359
11.231580
11.336137
11.403469
11.414162
11.350594
11.204961
10.985651
10.719522
10.448481
10.220795
10.079201
10.049145
10.130651
10.296465
10.497556
10.674688
10.773247
10.757338
10.619102
10.380877
10.089308
9.803070
9.577522
9.450446
9.432755
9.506556
9.630924
9.753674
9.825727
9.814086
9.710011
9.530323
9.311817
9.100568
8.939253
8.855949
8.857302
8.927556
9.033308
9.132293
9.183653
9.156941
9.037745
8.828987
8.548119
8.221611
7.878476
7.544673
7.239509
6.974516
6.754401
6.579189
6.446611
6.353981
6.299194
11.255072
11.241812
11.206310
11.160082
11.117851
11.092649
11.091331
11.112288
11.146082
11.178543
11.195669
11.188194
11.154481
11.100655
11.037949
10.978182
10.929142
10.891550
10.858928
10.820612
10.767017
10.695332
10.613585
10.541218
10.505518
10.534515
10.648276
10.851220
11.128019
11.444828
11.755878
12.014128
12.183073
12.246353
12.212374
12.112305
11.991941
11.899324
11.871727
11.925652
12.052528
12.221582
12.388809
12.509573
12.551151
12.501463
12.371744
12.192274
12.002821
11.840628
11.729700
11.674690
11.660999
11.661026
11.644505
11.589426
11.490240
11.360521
11.229372
11.132546
11.101179
11.151669
11.279909
11.461784
11.659906
11.834520
11.955126
12.009407
12.006351
11.972740
11.943884
11.951559
12.012798
12.123247
12.257179
12.374481
12.432520
12.399467
12.264992
12.044901
11.778252
11.517401
11.313946
11.204315
11.199404
11.281147
11.407082
11.521715
11.571411
11.518682
11.351942
11.088238
10.768265
10.445604
10.173200
9.991038
9.918264
9.951515
10.069264
10.240337
10.433464
10.624895
10.801821
10.961115
11.104315
11.231370
11.335694
11.402809
11.413380
11.349827
11.204343
10.985262
10.719358
10.448458
10.220779
10.079056
10.048779
10.130054
10.295708
10.496768
10.674011
10.772779
10.757107
10.619046
10.380875
10.089217
9.802782
9.576996
9.449729
9.431962
9.505829
9.630383
9.753370
9.825626
9.814083
9.709965
9.530107
9.311366
9.099902
8.938469
8.855186
8.856691
8.927175
9.033151
9.132274
9.183636
9.156790
9.037372
8.828383
8.547359
8.220825
7.877805
7.544214
7.239285
6.974465
6.754399
6.579094
6.446315
6.353447
6.298472
11.255072
11.256578
11.259739
11.261301
11.257732
11.247296
11.231213
11.213507
11.199511
11.193310
11.195668
11.202960
11.207910
11.201874
11.177830
11.132830
11.069023
10.992769
10.912356
10.835378
10.767017
10.710098
10.667014
10.642438
10.645398
10.689162
10.788157
10.952439
11.181448
11.459595
11.755878
12.028894
12.236502
12.347572
12.352255
12.266953
12.131823
12.000544
11.925156
11.940418
12.052528
12.236349
12.442238
12.610792
12.691032
12.656111
12.511625
12.293493
12.056250
11.855394
11.729700
11.689457
11.714428
11.762245
11.784386
11.744074
11.630121
11.461740
11.282801
11.147313
11.101179
11.166435
11.333338
11.563004
11.799788
11.989168
12.095007
12.110626
12.059780
11.987507
11.943884
11.966326
12.066227
12.224466
12.397060
12.529129
12.572401
12.500687
12.318420
12.059668
11.778252
11.532167
11.367374
11.305534
11.339285
11.435795
11.546963
11.622934
11.624840
11.533449
11.351942
11.103004
10.821693
10.546824
10.313081
10.145687
10.058146
10.052734
10.122694
10.255104
10.433465
10.639661
10.855249
11.062334
11.244196
11.386018
11.475575
11.504028
11.466808
11.364594
11.204343
11.000029
10.772787
10.549677
10.360659
10.233706
10.188660
10.231272
10.349137
10.511535
10.674011
10.787546
10.810535
10.720265
10.520756
10.243866
9.942663
9.678215
9.503159
9.446729
9.505828
9.645149
9.806799
9.926846
9.953964
9.864614
9.669988
9.412584
9.153332
8.953236
8.855186
8.871458
8.980604
9.134369
9.272155
9.338284
9.296671
9.138590
8.881813
8.562125
8.220824
7.892571
7.597644
7.340503
7.114347
6.909048
6.718975
6.547533
6.406877
6.313239
11.255072
11.261477
11.277344
11.294273
11.302500
11.295507
11.273121
11.241919
11.212704
11.195732
11.196132
11.211074
11.230178
11.239065
11.224665
11.180119
11.107391
11.016459
10.921561
10.836160
10.768856
10.722044
10.694018
10.683350
10.693428
10.734637
10.822437
10.971425
11.187237
11.459637
11.759951
12.045141
12.268133
12.391562
12.400564
12.309795
12.161629
12.015024
11.928236
11.940645
12.059607
12.257202
12.478209
12.657095
12.738693
12.695604
12.536737
12.303841
12.057432
11.856728
11.740438
11.715044
11.754286
11.810013
11.830494
11.779629
11.650505
11.468485
11.282969
11.150630
11.116096
11.196701
11.376478
11.611328
11.843502
12.020348
12.110807
12.114439
12.059855
11.993608
11.963333
12.001036
12.111921
12.272419
12.437628
12.555662
12.583939
12.502348
12.319328
12.069248
11.802416
11.570915
11.414795
11.352201
11.376076
11.457590
11.554724
11.623310
11.627474
11.547068
11.380821
11.145231
10.869947
10.591339
10.345609
10.162837
10.062761
10.052738
10.127882
10.273167
10.466876
10.684672
10.903410
11.103918
11.272141
11.398791
11.477796
11.504589
11.475279
11.387335
11.241933
11.047024
10.819933
10.587658
10.383875
10.242540
10.189327
10.233297
10.361494
10.539010
10.715261
10.835648
10.855783
10.754113
10.539278
10.249351
9.942680
9.682554
9.519855
9.478810
9.550084
9.693436
9.849339
9.956188
9.968011
9.867466
9.670285
9.420000
9.174656
8.989618
8.901674
8.919003
9.019729
9.159007
9.282116
9.339325
9.298164
9.149726
8.907873
8.602341
8.268688
7.938478
7.632778
7.360419
7.120767
6.909164
6.722536
6.562890
6.437600
6.356670
11.255072
11.244463
11.216591
11.181839
11.152630
11.138522
11.142395
11.159554
11.180035
11.192757
11.190099
11.170545
11.138526
11.101612
11.066401
11.034967
11.003647
10.964636
10.909883
10.835611
10.745644
10.652105
10.573354
10.529739
10.538798
10.611352
10.749401
10.945970
11.186262
11.449532
11.711025
11.944374
12.124762
12.233114
12.261044
12.215080
12.118355
12.007744
11.926046
11.910458
11.980352
12.128881
12.321890
12.505867
12.623459
12.631811
12.517750
12.303780
12.042295
11.798986
11.630856
11.566641
11.596752
11.676960
11.745022
11.744406
11.646627
11.463587
11.245125
11.062060
10.980801
11.038743
11.229649
11.504642
11.788738
12.006990
12.110563
12.093384
11.992998
11.875629
11.810858
11.845503
11.986082
12.196276
12.409845
12.554140
12.575300
12.456274
12.221573
11.927753
11.643908
11.429420
11.317039
11.306128
11.367437
11.456068
11.526941
11.547167
11.501635
11.391535
11.228346
11.027252
10.803091
10.570285
10.345366
10.149481
10.007998
9.946053
9.981052
10.115208
10.331580
10.596103
10.865566
11.099020
11.268263
11.363568
11.392323
11.371536
11.317745
11.238932
11.132350
10.989283
10.804796
10.587596
10.364889
10.178747
10.074093
10.082067
10.205175
10.410691
10.636007
10.805460
10.853594
10.746833
10.496004
10.154634
9.803162
9.524107
9.376483
9.378043
9.501160
9.683331
9.848362
9.930731
9.894977
9.744181
9.515656
9.266390
9.053991
8.919680
8.878462
8.918454
9.008050
9.107184
9.178370
9.194173
9.139900
9.012274
8.816221
8.561812
8.262656
7.935502
7.600109
7.278053
6.990041
6.752178
6.572665
6.450456
6.376847
6.339656
11.255072
11.227985
11.158161
11.075027
11.012972
10.996465
11.029472
11.094076
11.158773
11.192408
11.177866
11.119025
11.038154
10.965000
10.922611
10.916325
10.931055
10.938095
10.908488
10.827040
10.700832
10.558441
10.440405
10.384905
10.414877
10.531646
10.717140
10.942842
11.180737
11.411160
11.624271
11.815668
11.979578
12.104408
12.174290
12.176708
12.112829
12.004618
11.893785
11.830751
11.856430
11.984047
12.188940
12.412203
12.578648
12.623240
12.516356
12.277239
11.969704
11.680344
11.487066
11.430029
11.496380
11.625441
11.732788
11.744057
11.625366
11.398109
11.132202
10.920003
10.841144
10.931931
11.171219
11.488165
11.788738
11.990513
12.052134
11.986572
11.853340
11.733572
11.697935
11.780025
11.964821
12.195927
12.397612
12.502621
12.474928
12.319662
12.077784
11.809111
11.571316
11.402880
11.315645
11.297556
11.322626
11.362404
11.393991
11.402332
11.377712
11.311829
11.196085
11.024126
10.797565
10.531913
10.258612
10.020775
9.862814
9.817347
9.894299
10.076836
10.326055
10.592978
10.833305
11.019314
11.144341
11.218734
11.259374
11.277872
11.272934
11.230360
11.130956
10.962742
10.732204
10.468954
10.221098
10.042135
9.973721
10.030549
10.192942
10.410340
10.614746
10.739983
10.740671
10.604775
10.356346
10.047823
9.744732
9.507629
9.376483
9.361566
9.442730
9.576519
9.708704
9.788673
9.782053
9.678705
9.494394
9.266041
9.041758
8.868160
8.778090
8.781842
8.864261
8.988541
9.105779
9.167633
9.138506
9.003702
8.771409
8.468148
8.129706
7.790668
7.476187
7.198346
6.957779
6.749053
6.567140
6.412084
6.290093
6.210950
11.255072
11.189451
11.022493
10.830172
10.699192
10.687057
10.795633
10.970795
11.128057
11.191912
11.130760
10.970819
10.782798
10.647793
10.618490
10.693954
10.819927
10.914394
10.906507
10.770662
10.540007
10.293167
10.120735
10.086953
10.204353
10.432364
10.699610
10.938398
11.114441
11.237715
11.349726
11.494513
11.688643
11.906038
12.086477
12.164465
12.104958
11.927822
11.707802
11.547634
11.534779
11.700930
12.002956
12.335407
12.570776
12.610996
12.428543
12.078869
11.678768
11.359188
11.212521
11.256584
11.430084
11.620996
11.715258
11.644775
11.414843
11.100159
10.812532
10.654729
10.680318
10.875553
11.169237
11.464464
11.677610
11.768143
11.748013
11.669365
11.597984
11.585365
11.650829
11.779530
11.934105
12.072645
12.163773
12.193213
12.161148
12.074806
11.942116
11.770576
11.571316
11.364346
11.179977
11.052700
11.008846
11.052996
11.160152
11.279051
11.346996
11.311333
11.148979
10.875919
10.542210
10.214705
9.954489
9.798404
9.751686
9.793648
9.892318
10.020458
10.165229
10.327703
10.513636
10.721363
10.933817
11.119452
11.241843
11.273428
11.206638
11.056915
10.856410
10.641586
10.441269
10.270584
10.133287
10.029892
9.965849
9.953753
10.006957
10.127224
10.293095
10.456865
10.554688
10.527980
10.348474
10.035581
9.656919
9.309259
9.085547
9.040411
9.168184
9.403075
9.642408
9.784231
9.764526
9.579426
9.283871
8.968089
8.722087
8.602887
8.617265
8.725464
8.862280
8.964841
8.994651
8.945262
8.834384
8.686495
8.516053
8.319941
8.082601
7.790171
7.445471
7.075065
6.723940
6.439645
6.253361
6.167227
6.154427
6.172417
11.255072
11.189503
11.022675
10.830496
10.699598
10.687444
10.795910
10.970926
11.128080
11.191919
11.130852
10.971054
10.783160
10.648205
10.618847
10.694181
10.820013
10.914400
10.906533
10.770802
10.540291
10.293558
10.121140
10.087270
10.204527
10.432412
10.699610
10.938456
11.114632
11.238045
11.350134
11.494896
11.688911
11.906162
12.086496
12.164474
12.105057
11.928064
11.708170
11.548046
11.535130
11.701147
12.003035
12.335411
12.570807
12.611143
12.428835
12.079264
11.679171
11.359499
11.212687
11.256626
11.430084
11.621059
11.715456
11.645111
11.415253
11.100538
10.812794
10.654845
10.680333
10.875565
11.169342
11.464714
11.677982
11.768553
11.748358
11.669575
11.598057
11.585367
11.650864
11.779684
11.934404
12.073042
12.164171
12.193516
12.161306
12.074844
11.942118
11.770645
11.571522
11.364689
11.180387
11.053074
11.009100
11.053104
11.160166
11.279066
11.347109
11.311590
11.149357
10.876329
10.542549
10.214907
9.954556
9.798405
9.751726
9.793810
9.892624
10.020859
10.165626
10.327998
10.513786
10.721395
10.933819
11.119529
11.242057
11.273777
11.207050
11.057285
10.856656
10.641687
10.441278
10.270601
10.133408
10.030159
9.966230
9.954162
10.007291
10.127419
10.293156
10.456865
10.554731
10.528150
10.348786
10.035983
9.657312
9.309547
9.085690
9.040440
9.168188
9.403157
9.642632
9.784586
9.764938
9.579790
9.284109
8.968184
8.722095
8.602908
8.617392
8.725738
8.862665
8.965248
8.994978
8.945448
8.834439
8.686495
8.516103
8.320118
8.082921
7.790576
7.445860
7.075346
6.724074
6.439670
6.253366
6.167315
6.154656
6.172776
11.255072
11.172215
10.962709
10.725140
10.570258
10.568269
10.715649
10.937651
11.124895
11.185942
11.090683
10.883460
10.660111
10.520506
10.519777
10.641806
10.807585
10.913948
10.883722
10.703176
10.429207
10.163465
10.006588
10.014550
10.177705
10.431161
10.690022
10.891047
11.020020
11.111925
11.224945
11.402582
11.643948
11.897865
12.084698
12.135555
12.029806
11.811892
11.578228
11.438805
11.470058
11.680246
12.002834
12.321442
12.515915
12.509920
12.300491
11.957418
11.593992
11.321671
11.207733
11.252604
11.394554
11.538326
11.594902
11.516220
11.311934
11.043116
10.797203
10.654796
10.661274
10.813047
11.062012
11.335024
11.560268
11.690786
11.717285
11.667131
11.590963
11.542818
11.560890
11.655519
11.807447
11.976175
12.114290
12.182549
12.160505
12.050058
11.871941
11.657791
11.441380
11.251835
11.110210
11.028288
11.008299
11.042137
11.110285
11.182199
11.220152
11.187426
11.059383
10.833780
10.535456
10.212463
9.923484
9.720639
9.634010
9.664118
9.785293
9.958342
10.146566
10.327949
10.498196
10.663973
10.830500
10.990638
11.121503
11.191044
11.171520
11.053263
10.851703
10.603859
10.356099
10.148756
10.005062
9.928936
9.911339
9.940192
10.007090
10.106518
10.228085
10.347624
10.424789
10.411977
10.273536
10.007064
9.655514
9.301250
9.040727
8.948126
9.042999
9.277038
9.548018
9.737177
9.755349
9.578539
9.257286
8.895465
8.607543
8.472816
8.506309
8.658112
8.839854
8.964797
8.982551
8.893071
8.735369
8.558796
8.393053
8.232525
8.042751
7.784598
7.442675
7.042069
6.643813
6.320494
6.124025
6.061959
6.094690
6.155488
11.255072
11.201914
11.064920
10.902195
10.782705
10.756896
10.834541
10.979828
11.126205
11.205050
11.176315
11.047207
10.869946
10.718678
10.655043
10.698044
10.812792
10.924614
10.953286
10.852200
10.633884
10.368923
10.157516
10.086082
10.189301
10.435742
10.744427
11.024296
11.217117
11.322229
11.390438
11.490269
11.664267
11.898870
12.125221
12.252371
12.217093
12.024483
11.756832
11.543104
11.501219
11.680267
12.031099
12.421566
12.691397
12.722183
12.490427
12.078382
11.637848
11.323328
11.225664
11.336191
11.556530
11.747654
11.794113
11.653490
11.370024
11.048988
10.806977
10.722409
10.808374
11.016907
11.268211
11.487841
11.633781
11.703350
11.721281
11.719725
11.722187
11.738808
11.771622
11.822739
11.897192
11.997738
12.115028
12.221445
12.275240
12.235971
12.084635
11.837915
11.547768
11.284487
11.110292
11.055151
11.106340
11.216017
11.322323
11.373413
11.343184
11.232983
11.061428
10.850567
10.617008
10.372647
10.132265
9.920853
9.773273
9.724077
9.791869
9.967259
10.212243
10.473112
10.701199
10.870876
10.985186
11.066144
11.135068
11.194492
11.222321
11.182451
11.046548
10.814978
10.525021
10.240568
10.027903
9.929449
9.948633
10.052843
10.191601
10.319272
10.409700
10.456100
10.458961
10.412162
10.299026
10.103024
9.827765
9.513023
9.233184
9.073216
9.090281
9.279510
9.563696
9.816704
9.913718
9.786735
9.458466
9.036709
8.669391
8.480135
8.514408
8.721865
8.983065
9.166906
9.190120
9.049610
8.812879
8.573400
8.395993
8.281555
8.169894
7.978267
7.654140
7.212668
6.737697
6.344644
6.124354
6.097679
6.205256
6.338566
11.255072
11.200214
11.059122
10.892298
10.771109
10.746999
10.828743
10.978128
11.126205
11.203350
11.170517
11.037310
10.858350
10.708780
10.649244
10.696344
10.812792
10.922915
10.947488
10.842302
10.622288
10.359026
10.151718
10.084384
10.189301
10.434043
10.738628
11.014399
11.205521
11.312332
11.384640
11.488569
11.664267
11.897171
12.119423
12.242474
12.205496
12.014585
11.751034
11.541405
11.501219
11.678568
12.025301
12.411669
12.679800
12.712286
12.484629
12.076683
11.637848
11.321629
11.219866
11.326294
11.544933
11.737757
11.788315
11.651791
11.370024
11.047289
10.801179
10.712512
10.796778
11.007010
11.262413
11.486141
11.633781
11.701651
11.715483
11.709827
11.710590
11.728910
11.765823
11.821039
11.897192
11.996038
12.109230
12.211548
12.263643
12.226074
12.078836
11.836216
11.547768
11.282787
11.104494
11.045254
11.094744
11.206120
11.316525
11.371714
11.343184
11.231283
11.055630
10.840670
10.605412
10.362750
10.126467
9.919154
9.773273
9.722380
9.786071
9.957361
10.200646
10.463215
10.695400
10.869177
10.985186
11.064445
11.129270
11.184595
11.210724
11.172554
11.040750
10.813278
10.525021
10.238869
10.022104
9.919550
9.937038
10.042945
10.185802
10.317573
10.409700
10.454401
10.453163
10.402265
10.287430
10.093125
9.821966
9.511324
9.233183
9.071518
9.084483
9.269612
9.552101
9.806805
9.907920
9.785035
9.458464
9.035010
8.663592
8.470237
8.502812
8.711967
8.977266
9.165208
9.190119
9.047912
8.807080
8.563502
8.384398
8.271657
8.164096
7.976568
7.654140
7.210970
6.731898
6.334745
6.112759
6.087781
6.199457
6.336867
11.255072
11.169922
10.956547
10.719820
10.574014
10.585685
10.741644
10.958124
11.124990
11.161085
11.052563
10.855483
10.663678
10.560173
10.577335
10.684690
10.807961
10.867289
10.814626
10.653175
10.432402
10.224354
10.094339
10.078938
10.178544
10.363994
10.591701
10.820198
11.022665
11.192480
11.340775
11.487032
11.645416
11.811995
11.959620
12.045549
12.031744
11.910076
11.719332
11.541386
11.472311
11.577930
11.854124
12.214441
12.517000
12.623260
12.463440
12.075752
11.597162
11.205578
11.039101
11.131187
11.394663
11.663979
11.775730
11.647541
11.316133
10.916253
10.612845
10.521900
10.660307
10.947865
11.256313
11.476246
11.565582
11.556425
11.521790
11.525976
11.588850
11.683424
11.763927
11.803312
11.813932
11.837769
11.912516
12.036552
12.157200
12.192936
12.078760
11.808664
11.449068
11.112940
10.907171
10.880993
11.003788
11.183716
11.315840
11.332584
11.229044
11.051611
10.860126
10.688757
10.529753
10.349202
10.122762
9.866982
9.644073
9.534874
9.594772
9.819108
10.139718
10.456426
10.686335
10.802814
10.841677
10.871295
10.944455
11.060974
11.163595
11.170261
11.024116
10.731930
10.368307
10.042398
9.845894
9.811176
9.902439
10.042776
10.159581
10.220811
10.241209
10.257022
10.287467
10.309375
10.263782
10.092651
9.784371
9.399101
9.054633
8.875655
8.930949
9.192065
9.537556
9.803608
9.857448
9.657685
9.271823
8.843059
8.523571
8.407511
8.495299
8.703694
8.912728
9.023435
8.997549
8.862166
8.681589
8.514711
8.381671
8.256084
8.084652
7.821433
7.457955
7.033575
6.621598
6.298660
6.112454
6.062860
6.104632
6.169760
11.255072
11.173599
10.968893
10.740257
10.596768
10.603492
10.750420
10.959583
11.125551
11.167740
11.068392
10.877671
10.685327
10.574728
10.582802
10.684912
10.810146
10.877392
10.833508
10.676062
10.451944
10.235352
10.097082
10.079018
10.183262
10.377675
10.612908
10.842663
11.039310
11.199966
11.341646
11.488085
11.653326
11.829037
11.982199
12.066515
12.044983
11.914436
11.719368
11.544428
11.483759
11.597784
11.876984
12.232977
12.526657
12.625191
12.463757
12.081606
11.612148
11.227421
11.061125
11.146597
11.400913
11.664410
11.777418
11.656755
11.334311
10.939069
10.632998
10.533798
10.663661
10.947874
11.260326
11.489038
11.586292
11.579100
11.539219
11.534317
11.590097
11.684132
11.770994
11.819553
11.836267
11.859205
11.926636
12.041641
12.157341
12.195395
12.089310
11.827883
11.471964
11.132158
10.917721
10.883451
11.003929
11.188805
11.329960
11.354021
11.251379
11.067852
10.867193
10.689465
10.531000
10.357543
10.140191
9.889657
9.664783
9.547668
9.598785
9.819118
10.143071
10.468324
10.706488
10.825630
10.859854
10.880509
10.946143
11.061405
11.169846
11.185671
11.046140
10.753773
10.383293
10.048254
9.846210
9.813107
9.912096
10.061311
10.182441
10.240664
10.252657
10.260063
10.287502
10.313735
10.277020
10.113617
9.806950
9.416143
9.062544
8.876707
8.931821
9.199551
9.554201
9.826075
9.878656
9.671367
9.276542
8.843139
8.526314
8.418509
8.514842
8.726581
8.931611
9.033537
8.999736
8.862387
8.687056
8.529266
8.403318
8.278273
8.100481
7.828089
7.458516
7.035035
6.630374
6.316468
6.135209
6.083299
6.116979
6.173437
11.255072
11.135241
10.841213
10.532276
10.371422
10.435384
10.675713
10.951725
11.113098
11.082336
10.890667
10.650249
10.484200
10.458235
10.552448
10.684362
10.763050
10.738657
10.619575
10.453867
10.293972
10.170961
10.092793
10.060991
10.086884
10.190947
10.384497
10.649227
10.934025
11.176811
11.339451
11.431606
11.503771
11.610111
11.764193
11.919100
11.990429
11.912657
11.694841
11.436903
11.288721
11.369482
11.692001
12.138811
12.509821
12.620272
12.397339
11.921570
11.389240
11.014603
10.924585
11.101303
11.400562
11.632517
11.658682
11.454189
11.107216
10.763224
10.549760
10.522346
10.654964
10.871056
11.090250
11.263193
11.379612
11.453651
11.502522
11.534296
11.550047
11.554228
11.561749
11.594755
11.670149
11.786596
11.919575
12.028151
12.069761
12.015818
11.861601
11.628229
11.357714
11.103312
10.916929
10.834528
10.863008
10.973795
11.108521
11.198130
11.188997
11.064150
10.847939
10.590868
10.342550
10.129065
9.948386
9.786604
9.642963
9.545013
9.540360
9.667436
9.923266
10.251278
10.561226
10.772976
10.858448
10.854575
10.836379
10.864798
10.941696
11.002464
10.954179
10.738091
10.377701
9.979788
9.684128
9.589525
9.700430
9.926976
10.138922
10.240466
10.219194
10.139088
10.083529
10.087015
10.103075
10.032532
9.796455
9.406569
8.983599
8.704685
8.705516
8.994206
9.430986
9.791010
9.878569
9.629596
9.144419
8.632665
8.302102
8.254399
8.444314
8.720275
8.917044
8.943771
8.818331
8.634436
8.488909
8.417259
8.375945
8.277196
8.049706
7.684991
7.242468
6.814393
6.476580
6.256076
6.132052
6.062779
6.016157
5.983295
11.255072
10.738344
9.531893
8.434706
8.162430
8.869901
10.057518
10.920443
10.896868
10.038963
8.957874
8.389328
8.686502
9.590338
10.429047
10.598179
9.980717
9.014879
8.369109
8.460728
9.161768
9.899691
10.078852
9.520363
8.604809
8.012724
8.243490
9.252716
10.467314
11.173323
11.007837
10.210571
9.455595
9.376986
10.117979
11.220171
11.935015
11.745815
10.739754
9.569392
9.024315
9.501971
10.736914
11.971970
12.454407
11.921343
10.751125
9.688444
9.341061
9.793568
10.592972
11.097815
10.933851
10.236006
9.517677
9.275966
9.625141
10.222593
10.535820
10.251078
9.522760
8.877917
8.839781
9.539414
10.597279
11.367468
11.379120
10.666399
9.752350
9.293306
9.628954
10.551382
11.453918
11.755314
11.301380
10.462671
9.860769
9.918251
10.552280
11.231333
11.357714
10.706415
9.607609
8.736958
8.654013
9.408317
10.490326
11.166847
10.972767
10.020777
8.915146
8.329950
8.544855
9.261167
9.824985
9.700418
8.860632
7.821234
7.289891
7.674296
8.791062
9.980008
10.547287
10.232347
9.376373
8.676353
8.695377
9.468287
10.474985
10.998976
10.622565
9.517056
8.329523
7.746663
8.037912
8.890596
9.645013
9.760135
9.183834
8.372955
7.954782
8.271580
9.128441
9.920173
10.047660
9.333603
8.150242
7.173442
6.935422
7.483649
8.373901
8.990715
8.964279
8.394495
7.737563
7.451371
7.662344
8.092037
8.288166
7.983131
7.312110
6.727136
6.666574
7.219992
8.035997
8.548254
8.365508
7.549363
6.578248
6.016277
6.116912
6.641619
7.026237
6.783111
5.858386
4.690596
3.923057
3.965212
4.706838
5.586400
11.255072
10.442940
8.566280
6.914145
6.607968
7.827373
9.698425
10.916552
10.660215
9.151783
7.478077
6.808154
7.569317
9.163235
10.413521
10.414774
9.172733
7.582316
6.768668
7.271863
8.662987
9.864899
9.942682
8.791576
7.225495
6.400648
6.986615
8.679277
10.405809
11.077917
10.357483
8.890009
7.839628
8.056423
9.467625
11.124765
11.873510
11.172377
9.482880
7.957315
7.645002
8.773185
10.600744
11.937178
11.955626
10.732479
9.150684
8.255882
8.533077
9.610163
10.577446
10.670712
9.816666
8.654830
8.037880
8.388785
9.388489
10.218702
10.176727
9.208549
7.968298
7.357356
7.874167
9.244009
10.597279
11.072063
10.413507
9.145838
8.197889
8.250778
9.269861
10.547491
11.217266
10.868134
9.821583
8.881496
8.743585
9.491148
10.536755
11.047928
10.549730
9.273853
8.007170
7.548094
8.155231
9.373524
10.354156
10.438061
9.593452
8.408701
7.658271
7.756511
8.483349
9.165762
9.174630
8.379855
7.244664
6.500672
6.639538
7.578891
8.729559
9.406569
9.290413
8.620272
7.997061
7.947566
8.559206
9.433495
9.976204
9.810112
9.022124
8.084494
7.521540
7.563259
8.022390
8.463492
8.527827
8.178961
7.704036
7.485775
7.718130
8.267685
8.769348
8.877645
8.493197
7.813042
7.184629
6.878038
6.935422
7.188245
7.408288
7.470156
7.409814
7.351967
7.378471
7.447481
7.425691
7.204857
6.808367
6.401956
6.194924
6.300033
6.651049
7.036588
7.228014
7.115690
6.765065
6.360499
6.079467
5.981485
5.980742
5.912831
5.646923
5.171035
4.601511
4.117157
3.861553
3.869806
4.056484
4.265838
11.255072
10.421545
8.496996
6.806962
6.501747
7.760242
9.678734
10.916510
10.637060
9.080364
7.370010
6.702972
7.504359
9.145193
10.413349
10.389811
9.099203
7.473445
6.664602
7.209090
8.646536
9.864510
9.915861
8.715963
7.115901
6.297771
6.926037
8.664354
10.405119
11.049192
10.279816
8.779775
7.738012
7.998047
9.454166
11.123686
11.842840
11.092688
9.372087
7.857031
7.588830
8.761127
10.599194
11.904524
11.873953
10.621216
9.051799
8.201916
8.522350
9.608055
10.542770
10.587093
9.705013
8.557410
7.986116
8.379319
9.385740
10.181973
10.091206
9.096596
7.872407
7.307787
7.865890
9.240538
10.558466
10.984684
10.301336
9.051537
8.150506
8.243616
9.265587
10.506567
11.128078
10.755833
9.728931
8.836283
8.737462
9.485989
10.493696
10.956980
10.437387
9.182905
7.964112
7.542934
8.149109
9.328310
10.261505
10.325760
9.504265
8.367777
7.653996
7.749351
8.435965
9.071461
9.062459
8.292476
7.205850
6.497200
6.631261
7.529322
8.633667
9.294616
9.204891
8.583542
7.994312
7.938100
8.507442
9.336075
9.864552
9.726494
8.987449
8.082386
7.510813
7.509292
7.923503
8.352229
8.446155
8.146306
7.702485
7.473717
7.661958
8.167401
8.658556
8.797956
8.462527
7.811963
7.171171
6.819662
6.833806
7.078011
7.330621
7.441432
7.409123
7.337043
7.317893
7.344604
7.316097
7.129243
6.781546
6.401567
6.178473
6.237259
6.546983
6.927716
7.154485
7.090726
6.764893
6.342458
6.014508
5.876304
5.872674
5.841413
5.623769
5.170992
4.581820
4.050027
3.755332
3.762623
3.987200
4.244442
11.255072
10.399836
8.427372
6.701208
6.400296
7.700115
9.664186
10.915657
10.607161
9.001705
7.261541
6.607277
7.453895
9.136553
10.409966
10.350946
9.012255
7.363935
6.575940
7.168156
8.642368
9.856995
9.867538
8.621729
7.007054
6.217197
6.894203
8.663082
10.392000
10.991209
10.179523
8.673276
7.666330
7.974598
9.454124
11.103666
11.775297
10.987757
9.269548
7.794768
7.572793
8.760612
10.571192
11.827818
11.765945
10.524124
8.999188
8.192081
8.519670
9.571236
10.457586
10.477667
9.614689
8.514386
7.981087
8.372853
9.339546
10.089258
9.982065
9.014145
7.838603
7.306013
7.854136
9.184702
10.459404
10.877522
10.227623
9.026300
8.150338
8.225231
9.200144
10.402536
11.024527
10.691446
9.711344
8.836020
8.711314
9.411270
10.386230
10.858559
10.382627
9.171806
7.962058
7.508133
8.065737
9.219053
10.169573
10.280626
9.498297
8.362287
7.609919
7.658216
8.326612
8.987177
9.026652
8.290118
7.195393
6.443515
6.533496
7.421576
8.557951
9.267547
9.204512
8.566736
7.930986
7.835044
8.402951
9.269579
9.845356
9.726400
8.963113
8.009686
7.403972
7.409606
7.866594
8.339801
8.444642
8.113492
7.620967
7.364713
7.568476
8.120145
8.651575
8.793366
8.420550
7.722464
7.061692
6.733590
6.795968
7.074989
7.321393
7.389895
7.312723
7.228795
7.240207
7.315658
7.315423
7.113957
6.720349
6.299562
6.073120
6.168673
6.526125
6.927707
7.131913
7.020070
6.658756
6.241577
5.955452
5.862478
5.871623
5.810551
5.544147
5.062324
4.486848
4.000634
3.747263
3.758857
3.947304
4.156631
11.255072
10.393906
8.408545
6.673146
6.374277
7.685732
9.661440
10.914953
10.597221
8.978868
7.232775
6.584440
7.443956
9.135849
10.407219
10.336563
8.986235
7.335873
6.557113
7.162227
8.642368
9.851065
9.848711
8.593666
6.981035
6.202814
6.891456
8.662378
10.382061
10.968372
10.150757
8.650439
7.656391
7.973894
9.451378
11.089283
11.749277
10.959694
9.250721
7.788839
7.572792
8.754683
10.552364
11.799755
11.739925
10.509741
8.996442
8.191378
8.509730
9.548399
10.428820
10.454830
9.604750
8.513682
7.978340
8.358470
9.313526
10.061195
9.963238
9.008215
7.838603
7.300084
7.835308
9.156639
10.433384
10.863138
10.224876
9.025597
8.140399
8.202394
9.171377
10.379700
11.014587
10.690742
9.708597
8.821636
8.685294
9.383207
10.367403
10.852629
10.382627
9.165876
7.943230
7.480071
8.039717
9.204670
10.166826
10.279922
9.488358
8.339451
7.581153
7.635377
8.316673
8.986473
9.023906
8.275735
7.169374
6.415453
6.514668
7.415647
8.557951
9.261617
9.185684
8.538673
7.904965
7.820661
8.400204
9.268875
9.835417
9.703564
8.934346
7.986849
7.394033
7.408902
7.863847
8.325418
8.418622
8.085429
7.602140
7.358784
7.568475
8.114214
8.632748
8.765304
8.394530
7.708080
7.058944
6.732885
6.786029
7.052152
7.292628
7.367057
7.302783
7.228090
7.237459
7.301275
7.289404
7.085896
6.701522
6.293633
6.073119
6.162744
6.507298
6.899645
7.105894
7.005687
6.656009
6.240872
5.945513
5.839641
5.842857
5.787713
5.534208
5.061619
4.484100
3.986251
3.721244
3.730795
3.928476
4.150702
11.255072
10.364143
8.314987
6.536395
6.251926
7.623042
9.652578
10.907986
10.538591
8.859266
7.095108
6.487086
7.410768
9.135727
10.380745
10.246885
8.850634
7.210957
6.490339
7.151260
8.637077
9.796457
9.732031
8.455318
6.879980
6.166074
6.890973
8.639042
10.296335
10.834150
10.023466
8.579574
7.643116
7.970057
9.400742
10.975691
11.610489
10.855049
9.210316
7.787755
7.552434
8.672962
10.419746
11.670292
11.664970
10.493963
8.993833
8.144646
8.399377
9.409409
10.320705
10.410660
9.602829
8.496133
7.900669
8.227674
9.182098
9.982170
9.944773
9.006599
7.795698
7.193111
7.696358
9.045189
10.385359
10.860146
10.209955
8.952003
8.011638
8.069216
9.088316
10.358368
11.013731
10.651571
9.605135
8.682968
8.570655
9.331253
10.363106
10.840145
10.313126
9.039356
7.808522
7.393021
8.015352
9.204334
10.131285
10.180090
9.350210
8.221779
7.525211
7.629552
8.306431
8.921062
8.899823
8.139724
7.078395
6.387899
6.514614
7.383615
8.461853
9.124228
9.065145
8.478695
7.897390
7.812455
8.338871
9.147421
9.698334
9.608730
8.903457
7.986835
7.365383
7.316629
7.727453
8.202191
8.354573
8.075889
7.595756
7.301501
7.449829
7.976294
8.534149
8.730945
8.394315
7.682669
6.970577
6.597718
6.660299
6.984015
7.280914
7.362276
7.249506
7.112422
7.098938
7.199010
7.251456
7.085240
6.679197
6.209237
5.939406
6.034707
6.435067
6.885557
7.102491
6.956360
6.543479
6.101990
5.839697
5.797991
5.841521
5.768312
5.453834
4.929584
4.353959
3.909937
3.704591
3.728542
3.883030
4.041460
11.255072
10.350233
8.271708
6.474397
6.198494
7.597849
9.650196
10.902710
10.507292
8.801943
7.034892
6.449680
7.401600
9.135124
10.361423
10.198196
8.788034
7.162269
6.471017
7.150658
8.627909
9.759052
9.671814
8.397995
6.848680
6.160799
6.888590
8.613848
10.242905
10.772154
9.980188
8.565663
7.643116
7.956146
9.357464
10.913694
11.557058
10.829855
9.207933
7.782479
7.521135
8.615638
10.359529
11.632887
11.655802
10.493361
8.974511
8.095957
8.336779
9.360720
10.301384
10.410057
9.593660
8.458728
7.840452
8.170350
9.150799
9.976894
9.942390
8.981405
7.742266
7.131114
7.653081
9.031279
10.385359
10.846235
10.166677
8.890007
7.958207
8.044022
9.085934
10.353092
10.982431
10.594248
9.544918
8.645563
8.561486
9.330650
10.343784
10.791456
10.250526
8.990667
7.789200
7.392419
8.006184
9.166929
10.071068
10.122766
9.318911
8.216503
7.522828
7.604359
8.253000
8.859066
8.856545
8.125813
7.078394
6.373988
6.471337
7.321618
8.408422
9.099034
9.062763
8.473419
7.866091
7.755131
8.278655
9.110016
9.689165
9.608128
8.884135
7.938147
7.302784
7.267941
7.708130
8.201589
8.345405
8.038484
7.535540
7.244177
7.418529
7.971018
8.531767
8.705750
8.340884
7.620672
6.927300
6.583807
6.660298
6.970103
7.237637
7.300278
7.196075
7.087229
7.096555
7.193735
7.220156
7.027916
6.618981
6.171831
5.930239
6.034105
6.415745
6.836869
7.039893
6.907672
6.524157
6.101388
5.830529
5.760585
5.781305
5.710988
5.422534
4.924308
4.351576
3.884744
3.651159
3.666545
3.839753
4.027549
11.255072
10.310274
8.148709
6.301811
6.055484
7.536315
9.646940
10.880817
10.407026
8.635805
6.876100
6.364680
7.388823
9.126431
10.284912
10.044474
8.618874
7.053675
6.443168
7.149307
8.574385
9.622774
9.498478
8.267452
6.801340
6.160380
6.855564
8.498739
10.071896
10.622952
9.910400
8.559698
7.626556
7.864340
9.195114
10.750528
11.463554
10.812281
9.202574
7.714358
7.373126
8.444249
10.242819
11.598515
11.655533
10.447529
8.845446
7.922703
8.199114
9.305618
10.299717
10.383446
9.486717
8.290109
7.685661
8.092147
9.141348
9.964993
9.859093
8.823572
7.575462
7.029170
7.630047
9.028469
10.325449
10.704531
9.993876
8.765467
7.916806
8.044004
9.047400
10.231644
10.810095
10.449953
9.481750
8.641829
8.540711
9.232069
10.178345
10.631733
10.163824
8.976986
7.781236
7.317595
7.853554
8.997259
9.960831
10.093657
9.317842
8.164546
7.387956
7.430971
8.120996
8.810202
8.855943
8.094113
6.964900
6.203393
6.320968
7.250157
8.401821
9.083463
8.972656
8.311916
7.702137
7.659930
8.260042
9.105230
9.622704
9.461334
8.712398
7.819843
7.267044
7.267789
7.663793
8.074016
8.172269
7.899451
7.478847
7.242162
7.393134
7.865735
8.363722
8.549920
8.260983
7.610434
6.916244
6.502208
6.503453
6.802663
7.134020
7.276076
7.193678
7.028933
6.956176
7.020748
7.094092
6.985055
6.618914
6.134704
5.810357
5.862052
6.270189
6.772058
7.035649
6.887991
6.427263
5.936676
5.669902
5.672180
5.766692
5.703720
5.349395
4.772796
4.181427
3.772873
3.620764
3.665727
3.789349
3.894102
11.255072
10.345633
8.256371
6.449677
6.173055
7.582026
9.647852
10.906775
10.503956
8.781853
7.002507
6.421441
7.392447
9.144173
10.370543
10.186932
8.752827
7.121912
6.451239
7.160219
8.648432
9.759956
9.638502
8.347309
6.815482
6.166016
6.918028
8.629091
10.216366
10.714285
9.932089
8.561746
7.677722
7.986477
9.342297
10.852913
11.494078
10.812510
9.243004
7.827094
7.521220
8.556986
10.283249
11.598743
11.686056
10.549913
8.992627
8.044840
8.250278
9.307665
10.321405
10.474779
9.631187
8.420461
7.748125
8.097783
9.155489
10.044849
9.999117
8.960754
7.649509
7.040082
7.638117
9.096706
10.459402
10.846989
10.079506
8.783209
7.920430
8.100765
9.173805
10.377691
10.907024
10.475910
9.482662
8.687538
8.658283
9.379934
10.286009
10.667091
10.163824
9.012344
7.888900
7.465462
7.971125
9.042969
9.961742
10.119614
9.414772
8.310596
7.514363
7.487731
8.124621
8.827944
8.941573
8.236572
7.098852
6.271631
6.329039
7.261069
8.475868
9.220645
9.112680
8.391773
7.716279
7.665566
8.322506
9.235582
9.767174
9.552668
8.734086
7.821888
7.318209
7.389926
7.810977
8.176400
8.202792
7.899681
7.519277
7.354899
7.541228
7.978471
8.404152
8.550149
8.291507
7.712816
7.063426
6.624345
6.554619
6.804708
7.155708
7.367409
7.338148
7.159285
7.018640
7.026384
7.108234
7.064912
6.758937
6.271886
5.884404
5.872964
6.278260
6.840296
7.169602
7.030449
6.512894
5.954417
5.673526
5.728941
5.893099
5.849769
5.446323
4.798753
4.182339
3.818583
3.738335
3.813593
3.897013
3.929460
11.255072
10.371948
8.335617
6.556134
6.254103
7.610166
9.647894
10.931309
10.581358
8.888227
7.085316
6.451443
7.392612
9.166969
10.446064
10.293142
8.837351
7.153813
6.451609
7.181324
8.722038
9.865921
9.724693
8.381142
6.816138
6.185480
6.989687
8.734730
10.304173
10.750078
9.933113
8.579619
7.747406
8.091707
9.431665
10.890694
11.495550
10.828848
9.310688
7.931836
7.612095
8.596778
10.285248
11.613604
11.751717
10.654089
9.084953
8.086666
8.252884
9.321106
10.385025
10.578308
9.724901
8.464336
7.751416
8.109868
9.217051
10.147655
10.094156
9.006695
7.653562
7.050872
7.697608
9.198711
10.555702
10.895004
10.084396
8.792770
7.977841
8.201897
9.271301
10.427792
10.912827
10.484310
9.537987
8.787720
8.756907
9.432123
10.292797
10.674398
10.217058
9.111506
7.988580
7.519741
7.978970
9.049255
10.012886
10.217682
9.515438
8.366963
7.523335
7.493069
8.173678
8.924850
9.043151
8.295025
7.109019
6.276093
6.376016
7.356748
8.578283
9.281173
9.124109
8.395435
7.761186
7.759950
8.425683
9.298174
9.779928
9.555607
8.776935
7.914917
7.422071
7.454569
7.825121
8.178693
8.243600
7.991289
7.623746
7.421574
7.556821
7.980197
8.442936
8.640279
8.396502
7.781504
7.080526
6.625583
6.591403
6.893303
7.261153
7.438082
7.356809
7.160115
7.053449
7.113389
7.214046
7.137548
6.779215
6.272388
5.917267
5.958327
6.384358
6.914863
7.191548
7.030706
6.543841
6.038090
5.779829
5.805407
5.916758
5.849862
5.475390
4.880687
4.288765
3.896912
3.763756
3.813604
3.924237
4.009611
11.255072
10.376480
8.349110
6.573850
6.266987
7.614104
9.647921
10.936460
10.595428
8.905890
7.097569
6.454818
7.392721
9.172764
10.460680
10.310696
8.848951
7.156660
6.451854
7.187780
8.737165
9.883312
9.735624
8.383495
6.816572
6.192612
7.005287
8.751905
10.314421
10.751980
9.933788
8.587440
7.763436
8.108616
9.441223
10.892187
11.496515
10.837362
9.327105
7.948430
7.620957
8.597907
10.286554
11.622812
11.768475
10.670319
9.093119
8.087481
8.254576
9.331009
10.402073
10.594130
9.732376
8.464885
7.753539
8.120458
9.234341
10.163025
10.100948
9.007027
7.656158
7.062139
7.715086
9.213589
10.561825
10.895174
10.087503
8.804699
7.995455
8.216244
9.276772
10.427853
10.916479
10.496881
9.555683
8.801504
8.761744
9.432131
10.297028
10.687590
10.234781
9.124697
7.992811
7.519748
7.983809
9.063040
10.030582
10.230253
9.519091
8.367024
7.528805
7.507417
8.191293
8.936779
9.046258
8.295195
7.115142
6.290969
6.393494
7.368014
8.580879
9.281505
9.130901
8.410805
7.778475
7.770541
8.427806
9.298721
9.787403
9.571428
8.793983
7.924820
7.423764
7.455384
7.833288
8.194922
8.260358
8.000498
7.625051
7.422704
7.565682
7.996790
8.459352
8.648793
8.397468
7.782997
7.090083
6.642492
6.607433
6.901123
7.261827
7.439986
7.367057
7.177291
7.069049
7.120522
7.214480
7.139903
6.790145
6.289779
5.932394
5.964784
6.384604
6.917709
7.203147
7.048259
6.558458
6.043884
5.779938
5.808782
5.929010
5.867524
5.489461
4.885839
4.288793
3.900850
3.776640
3.831321
3.937729
4.014143
11.255072
10.313797
8.164647
6.337257
6.103026
7.570750
9.645643
10.852301
10.392996
8.673832
6.955853
6.427902
7.383695
9.065805
10.243500
10.087534
8.730370
7.142659
6.431870
7.057575
8.509027
9.673065
9.640177
8.378389
6.781841
6.039608
6.770401
8.558096
10.241219
10.751410
9.881088
8.412957
7.526271
7.934135
9.388523
10.891617
11.423313
10.643553
9.092218
7.795426
7.586226
8.592802
10.191107
11.412565
11.540337
10.540113
9.073135
8.073479
8.135994
9.107847
10.184893
10.487171
9.723351
8.437967
7.611823
7.888401
9.031908
10.078865
10.098671
8.963673
7.492197
6.825545
7.530624
9.150906
10.561825
10.832491
9.903040
8.568106
7.831494
8.172890
9.274494
10.343693
10.714046
10.264824
9.413967
8.774588
8.752718
9.325172
10.079847
10.464428
10.116199
9.110695
7.972828
7.389543
7.755672
8.852793
9.935135
10.225147
9.484360
8.214019
7.293919
7.313608
8.118090
8.936209
8.993558
8.120713
6.877978
6.116488
6.340793
7.367444
8.507677
9.087695
8.896015
8.257801
7.743744
7.765435
8.332358
9.088474
9.559265
9.441223
8.773999
7.910818
7.305182
7.232221
7.616107
8.087964
8.251332
7.973580
7.483335
7.190646
7.363249
7.912630
8.457075
8.605439
8.233506
7.546404
6.905620
6.579810
6.607434
6.838441
7.077364
7.203393
7.203097
7.133936
7.066772
7.036362
7.012046
6.907844
6.648429
6.262862
5.923368
5.857825
6.167424
6.694547
7.084566
7.034258
6.538474
5.913679
5.551800
5.598535
5.833563
5.862419
5.454730
4.732834
4.053906
3.707041
3.703438
3.830750
3.885028
3.839662
11.255072
10.357391
8.291420
6.495962
6.207543
7.594135
9.649551
10.919653
10.537434
8.824818
7.035697
6.436604
7.398943
9.158140
10.399279
10.223835
8.785540
7.143641
6.464782
7.173666
8.668715
9.789158
9.673090
8.379372
6.837011
6.175910
6.926181
8.650431
10.256468
10.760111
9.960932
8.563945
7.670710
8.001488
9.392431
10.915003
11.527830
10.802258
9.218992
7.839020
7.586225
8.636395
10.317881
11.571270
11.644854
10.563499
9.077044
8.140831
8.280432
9.258833
10.264736
10.495872
9.738600
8.530302
7.767602
8.024701
9.087078
10.079847
10.131584
9.079765
7.651885
6.941637
7.563536
9.151888
10.616995
10.968792
10.058819
8.660440
7.846742
8.181591
9.354338
10.494678
10.858484
10.332176
9.417875
8.797975
8.857235
9.483877
10.206621
10.508022
10.116199
9.154289
8.099602
7.548247
7.860188
8.876179
9.939043
10.292500
9.628798
8.365005
7.373763
7.322310
8.133340
9.028543
9.149337
8.257015
6.933148
6.117470
6.373705
7.483536
8.667364
9.203788
8.928928
8.258783
7.798914
7.901736
8.488135
9.180809
9.574514
9.449924
8.853843
8.061804
7.449621
7.299574
7.620014
8.111350
8.355849
8.132285
7.610110
7.234241
7.363248
7.956225
8.583849
8.764144
8.338023
7.569788
6.909527
6.647163
6.751873
6.989426
7.157207
7.212095
7.218345
7.226270
7.222551
7.172665
7.067217
6.908826
6.681341
6.378954
6.083056
5.973917
6.200336
6.695529
7.139733
7.170561
6.694254
6.006013
5.567048
5.607237
5.913406
6.013404
5.599169
4.800187
4.057814
3.730426
3.807955
3.989455
4.011803
3.883257
11.255072
10.343254
8.250804
6.446373
6.176601
7.588441
9.647247
10.895060
10.489996
8.779732
7.015505
6.435791
7.390150
9.123001
10.349127
10.186924
8.775200
7.143250
6.446506
7.129829
8.620453
9.762596
9.669891
8.374866
6.808002
6.126819
6.884068
8.634489
10.256392
10.747709
9.921909
8.514009
7.637873
7.994486
9.390881
10.892376
11.481356
10.756044
9.196856
7.837636
7.578878
8.603091
10.267883
11.532660
11.632875
10.563379
9.060640
8.098358
8.231489
9.230310
10.260509
10.492430
9.711546
8.481857
7.724095
8.006898
9.086769
10.069105
10.094242
9.029638
7.617199
6.933215
7.562595
9.131212
10.571615
10.921583
10.034718
8.658339
7.840733
8.150171
9.304649
10.454453
10.844788
10.332172
9.403292
8.756973
8.807756
9.453415
10.201237
10.505508
10.091114
9.106632
8.054815
7.528538
7.859495
8.867008
9.903456
10.242332
9.592323
8.355061
7.373281
7.303559
8.089178
8.980474
9.123267
8.254053
6.928357
6.087975
6.324475
7.441787
8.651878
9.203744
8.916100
8.219355
7.749052
7.869368
8.481471
9.179083
9.551397
9.403196
8.807899
8.040155
7.448393
7.291875
7.586246
8.061299
8.317657
8.120725
7.609937
7.217374
7.320424
7.907441
8.555815
8.760186
8.334327
7.542244
6.860907
6.603995
6.734539
6.989189
7.146059
7.174325
7.168252
7.192042
7.214494
7.171585
7.046056
6.863160
6.634369
6.355346
6.081147
5.967584
6.168442
6.645749
7.099903
7.157300
6.694235
5.990980
5.525671
5.557878
5.883427
6.008320
5.596435
4.774610
4.009947
3.685949
3.788726
3.988873
4.002248
3.847224
11.255072
10.358395
8.293764
6.497486
6.206720
7.592830
9.651085
10.924166
10.540812
8.823456
7.031583
6.435812
7.404370
9.165171
10.400497
10.218050
8.780174
7.146571
6.474594
7.180309
8.664915
9.779627
9.669971
8.388186
6.849356
6.178409
6.916192
8.640079
10.259230
10.774776
9.972017
8.559180
7.655870
7.994665
9.403316
10.932890
11.533125
10.789160
9.203096
7.840027
7.604923
8.652790
10.313732
11.551634
11.633196
10.574955
9.100294
8.150269
8.265583
9.237230
10.262491
10.517452
9.760798
8.528357
7.744061
8.007400
9.097506
10.107876
10.146252
9.064697
7.624828
6.934825
7.586596
9.179981
10.618731
10.942547
10.035437
8.668259
7.878601
8.202242
9.340662
10.462818
10.846062
10.355156
9.451544
8.804675
8.829727
9.454393
10.210367
10.542458
10.143204
9.143581
8.063946
7.529515
7.881466
8.914709
9.951708
10.265316
9.593597
8.363426
7.409293
7.355628
8.127048
8.990395
9.123986
8.275017
6.975473
6.136744
6.348476
7.443397
8.659506
9.238803
8.968109
8.258125
7.759788
7.869868
8.501435
9.225582
9.600649
9.428219
8.809880
8.047075
7.482486
7.343785
7.625900
8.072875
8.317977
8.139699
7.655786
7.267072
7.346469
7.909832
8.562056
8.793302
8.386096
7.582759
6.873343
6.604175
6.752536
7.034360
7.196167
7.201392
7.171090
7.197633
7.246618
7.223175
7.087409
6.876479
6.634449
6.372375
6.125608
6.018064
6.196530
6.649070
7.104876
7.188426
6.745605
6.033150
5.539891
5.557899
5.899505
6.052044
5.647250
4.803716
4.013784
3.690338
3.818845
4.039985
4.045208
3.862365
11.255072
10.343622
8.252376
6.449541
6.180133
7.589919
9.645794
10.893288
10.491810
8.785511
7.020627
6.435428
7.385473
9.120861
10.354336
10.195814
8.778969
7.138294
6.439620
7.131008
8.630829
9.772060
9.668447
8.364985
6.802737
6.134699
6.898232
8.639847
10.247458
10.736027
9.923185
8.529244
7.651163
7.991282
9.375767
10.884645
11.492462
10.775267
9.203077
7.824360
7.562838
8.605180
10.288113
11.549164
11.627291
10.543146
9.051159
8.113150
8.255421
9.236658
10.242649
10.472574
9.715124
8.507082
7.743135
7.998386
9.061661
10.058613
10.113066
9.057816
7.622952
6.910657
7.539555
9.136900
10.601696
10.942429
10.022831
8.628727
7.829977
8.173256
9.336508
10.458929
10.817553
10.306648
9.411629
8.791644
8.829654
9.437819
10.167612
10.495218
10.118551
9.141516
8.057396
7.496786
7.832236
8.878435
9.942318
10.264519
9.572802
8.318011
7.364142
7.335310
8.126367
8.980621
9.087287
8.225830
6.943202
6.130520
6.346212
7.418260
8.612078
9.196380
8.951990
8.258083
7.746327
7.829575
8.453055
9.197552
9.597017
9.423792
8.780417
7.998343
7.443343
7.331599
7.625730
8.055379
8.274577
8.092864
7.632101
7.265378
7.339249
7.876194
8.512770
8.757890
8.377454
7.581699
6.851588
6.558254
6.707938
7.014991
7.195693
7.190835
7.133556
7.148560
7.215274
7.217579
7.084723
6.850375
6.586667
6.330636
6.110391
6.018060
6.182199
6.608042
7.056776
7.161357
6.742463
6.028153
5.509483
5.508977
5.861156
6.040683
5.646947
4.785288
3.969771
3.643944
3.796126
4.038625
4.037291
3.827832
11.255072
10.400738
8.410320
6.627541
6.272655
7.596962
9.672894
11.021215
10.676853
8.913439
7.047726
6.442471
7.477994
9.298862
10.512280
10.252930
8.778969
7.195410
6.597565
7.309008
8.723351
9.779102
9.695547
8.492912
6.987781
6.262627
6.925330
8.646889
10.339979
10.914028
10.081129
8.586358
7.651163
8.048397
9.533710
11.062647
11.584984
10.782309
9.230177
7.952289
7.747881
8.733109
10.315212
11.556206
11.719812
10.721148
9.209103
8.170265
8.255421
9.293774
10.400593
10.650576
9.807646
8.514125
7.770235
8.126313
9.246704
10.186541
10.140165
9.064857
7.715474
7.088657
7.697500
9.194016
10.601696
10.999544
10.180775
8.806728
7.922499
8.180298
9.363607
10.586857
11.002596
10.434576
9.438728
8.798685
8.922175
9.615820
10.325556
10.552334
10.118551
9.198631
8.215340
7.674786
7.924758
8.885477
9.969418
10.392447
9.757845
8.445938
7.391241
7.342352
8.218888
9.158623
9.245231
8.282945
6.943202
6.187636
6.504157
7.596260
8.704599
9.203422
8.979090
8.386011
7.931372
7.957503
8.480157
9.204594
9.689539
9.601793
8.938361
8.055458
7.443343
7.388714
7.783675
8.233380
8.367099
8.099906
7.659201
7.393305
7.524292
8.004122
8.539869
8.764932
8.469975
7.759698
7.009532
6.615369
6.707938
7.072106
7.353638
7.368836
7.226078
7.155603
7.242373
7.345507
7.269767
6.978303
6.613766
6.337679
6.202912
6.196060
6.340144
6.665157
7.056776
7.218472
6.900408
6.206154
5.602005
5.516020
5.888254
6.168611
5.831990
4.913216
3.996870
3.650987
3.888648
4.216625
4.195235
3.884948
11.255072
10.342882
8.252435
6.454596
6.188762
7.593042
9.638218
10.884146
10.495903
8.802893
7.032383
6.426121
7.365707
9.117649
10.376762
10.219646
8.774513
7.109734
6.423855
7.152349
8.667152
9.779085
9.636021
8.333826
6.815631
6.180515
6.921912
8.610798
10.201378
10.733374
9.972334
8.571996
7.633776
7.934376
9.352270
10.928698
11.553070
10.777285
9.142715
7.777847
7.592473
8.678555
10.315142
11.494995
11.559553
10.549826
9.128767
8.167316
8.217894
9.153656
10.220270
10.543535
9.794231
8.495672
7.654488
7.944681
9.114338
10.155975
10.134539
8.975609
7.540331
6.934525
7.644577
9.193857
10.538792
10.838137
10.010311
8.728165
7.919983
8.141315
9.221994
10.406900
10.897320
10.422079
9.419184
8.681223
8.740386
9.485056
10.296314
10.546072
10.027515
9.022821
8.062510
7.623479
7.924477
8.820868
9.806890
10.222872
9.681049
8.443823
7.350782
7.199263
8.039331
9.055115
9.233623
8.262281
6.824035
6.005723
6.375009
7.568320
8.697670
9.110599
8.802645
8.234505
7.881666
7.957064
8.413831
9.040974
9.520882
9.526762
8.936612
8.013504
7.298797
7.209592
7.681939
8.222631
8.345286
7.979045
7.477199
7.265787
7.497629
7.996490
8.445259
8.587884
8.319818
7.711577
7.008901
6.547319
6.543253
6.904399
7.280363
7.367419
7.182608
7.009623
7.063719
7.245548
7.259845
6.955317
6.491220
6.155624
6.077039
6.170648
6.331782
6.568762
6.879159
7.069684
6.853854
6.205296
5.532221
5.350298
5.721525
6.097085
5.830870
4.868213
3.849475
3.472835
3.790469
4.207499
4.171049
3.760732
11.255072
10.382076
8.357954
6.566834
6.239326
7.594194
9.666840
10.981194
10.612850
8.865187
7.036947
6.445374
7.452859
9.237114
10.450695
10.229748
8.785961
7.185944
6.543550
7.237383
8.684710
9.784592
9.700665
8.451456
6.910803
6.207155
6.923569
8.663692
10.314724
10.837330
10.009336
8.572042
7.675194
8.041388
9.463318
10.976944
11.553808
10.807938
9.241583
7.894021
7.652413
8.682260
10.336155
11.584223
11.678696
10.621460
9.137600
8.180185
8.296356
9.273489
10.303148
10.559460
9.800766
8.562658
7.772712
8.037923
9.139046
10.158226
10.189775
9.089983
7.642656
6.969372
7.644762
9.237528
10.647224
10.947916
10.056259
8.728580
7.952712
8.241943
9.337313
10.464487
10.900253
10.444912
9.510443
8.799952
8.809702
9.492699
10.310677
10.626759
10.147396
9.103508
8.076872
7.631123
7.993794
8.939596
9.898149
10.245705
9.683983
8.501410
7.466099
7.299891
8.072060
9.055531
9.279571
8.372061
6.932468
6.049393
6.375194
7.603166
8.799994
9.224973
8.857882
8.236755
7.906374
8.050305
8.532054
9.107960
9.527416
9.542686
9.019490
8.133337
7.377260
7.222461
7.690772
8.294265
8.464429
8.068273
7.498211
7.269492
7.557570
8.112665
8.544127
8.618537
8.320556
7.759825
7.119949
6.654331
6.584671
6.904446
7.317365
7.471373
7.295955
7.062518
7.065375
7.272188
7.355017
7.072948
6.555863
6.161131
6.094595
6.255682
6.451478
6.644972
6.890608
7.079786
6.927787
6.324760
5.619373
5.369551
5.726089
6.159379
5.947816
4.965261
3.878096
3.473987
3.841033
4.319736
4.276568
3.799926
11.255072
10.379112
8.350084
6.558714
6.235947
7.594172
9.664276
10.973608
10.604515
8.861383
7.036862
6.443195
7.445589
9.228601
10.446461
10.229557
8.784143
7.179015
6.534901
7.232716
8.684374
9.783112
9.694103
8.442709
6.905705
6.206634
6.922398
8.657518
10.305922
10.831810
10.008593
8.571148
7.669425
8.032574
9.457384
10.975943
11.553158
10.802586
9.232798
7.887691
7.651122
8.681817
10.331228
11.575510
11.671986
10.619848
9.137327
8.175692
8.287756
9.266420
10.301189
10.559317
9.796703
8.554213
7.765313
8.035592
9.138990
10.154593
10.181522
9.082281
7.639935
6.969364
7.641551
9.229504
10.639250
10.944788
10.056255
8.725779
7.944952
8.233732
9.333765
10.464445
10.897846
10.437449
9.502031
8.795977
8.809580
9.490667
10.303539
10.618187
10.142988
9.103264
8.075193
7.624338
7.985100
8.934755
9.897745
10.244352
9.677574
8.492636
7.460831
7.299285
8.071003
9.049517
9.270759
8.366373
6.931626
6.048602
6.369589
7.594357
8.793900
9.223859
8.857319
8.231573
7.897614
8.043820
8.530639
9.107590
9.522663
9.534014
9.012633
8.131590
7.377044
7.218140
7.682229
8.287061
8.462323
8.068170
7.494321
7.261118
7.550045
8.110180
8.544096
8.615073
8.312390
7.752009
7.117067
6.654330
6.581625
6.896523
7.309292
7.468078
7.295941
7.059876
7.057731
7.263893
7.351299
7.072879
6.553609
6.153795
6.086115
6.251534
6.451312
6.643085
6.883609
7.071160
6.923206
6.324457
5.617828
5.362914
5.717358
6.154367
5.947335
4.964031
3.871843
3.465193
3.835596
4.319040
4.275622
3.794074
11.255072
10.386723
8.370007
6.578637
6.243557
7.594173
9.671886
10.993530
10.624437
8.868994
7.036863
6.450805
7.465511
9.248524
10.454071
10.229557
8.791754
7.198937
6.554823
7.240326
8.684374
9.790722
9.714025
8.462631
6.913316
6.206635
6.930008
8.677441
10.325844
10.839420
10.008593
8.578757
7.689347
8.052496
9.464994
10.975943
11.560768
10.822508
9.252720
7.895300
7.651124
8.689427
10.351151
11.595432
11.679596
10.619848
9.144938
8.195614
8.307678
9.274031
10.301189
10.566927
9.816626
8.574135
7.772923
8.035592
9.146601
10.174515
10.201445
9.089891
7.639936
6.976974
7.661473
9.249426
10.646860
10.944788
10.063866
8.745701
7.964875
8.241343
9.333765
10.472055
10.917768
10.457371
9.509642
8.795977
8.817190
9.510590
10.323462
10.625797
10.142988
9.110874
8.095116
7.644260
7.992711
8.934755
9.905355
10.264275
9.697496
8.500246
7.460832
7.306896
8.090925
9.069439
9.278369
8.366373
6.939236
6.068524
6.389511
7.601968
8.793900
9.231469
8.877241
8.251495
7.905224
8.043820
8.538249
9.127512
9.542585
9.541624
9.012633
8.139200
7.396966
7.238062
7.689839
8.287061
8.469934
8.088092
7.514244
7.268729
7.550045
8.117790
8.564018
8.634995
8.320001
7.752009
7.124677
6.674252
6.601547
6.904134
7.309293
7.475688
7.315863
7.079799
7.065341
7.263894
7.358909
7.092801
6.573531
6.161406
6.086116
6.259144
6.471234
6.663007
6.891219
7.071161
6.930817
6.344379
5.637751
5.370524
5.717359
6.161978
5.967257
4.983953
3.879453
3.465194
3.843206
4.338963
4.295545
3.801685
11.255072
10.380224
8.353239
6.562404
6.237906
7.594129
9.664516
10.976301
10.608809
8.864155
7.036686
6.442547
7.447897
9.233561
10.450003
10.229162
8.782598
7.181022
6.540582
7.236979
8.683676
9.780670
9.695890
8.449160
6.910634
6.205554
6.919066
8.659174
10.313185
10.837341
10.007050
8.566945
7.671036
8.040684
9.463451
10.973864
11.548109
10.804241
9.241779
7.894219
7.648441
8.675956
10.333015
11.585381
11.678898
10.616501
9.130695
8.177698
8.298523
9.273636
10.297121
10.551964
9.799013
8.565876
7.772746
8.030753
9.130972
10.157286
10.194075
9.089848
7.634284
6.960742
7.644705
9.242928
10.646860
10.938290
10.047098
8.729469
7.959223
8.241299
9.326395
10.454826
10.902140
10.452532
9.509466
8.787718
8.799579
9.495626
10.319393
10.625402
10.133833
9.092958
8.080873
7.640913
7.992013
8.924704
9.887220
10.250803
9.694815
8.499165
7.449891
7.288630
8.078266
9.067360
9.276826
8.354561
6.920926
6.056711
6.387968
7.599890
8.781240
9.213202
8.866301
8.250414
7.902542
8.030349
8.520114
9.117460
9.541887
9.538277
8.998391
8.121284
7.387811
7.237668
7.685770
8.272098
8.452321
8.079833
7.514067
7.263889
7.534417
8.100561
8.556648
8.634952
8.314349
7.735776
7.107910
6.667755
6.601547
6.897636
7.292526
7.459456
7.310212
7.079754
7.057972
7.246665
7.343280
7.087961
6.573355
6.153148
6.068502
6.244181
6.467165
6.662612
6.882064
7.053246
6.916575
6.341032
5.637053
5.360472
5.699224
6.148507
5.964576
4.982872
3.868512
3.446928
3.830547
4.336884
4.294002
3.789871
11.255072
10.438986
8.502661
6.702284
6.281944
7.595679
9.738842
11.132624
10.736870
8.894876
7.042826
6.532681
7.608212
9.347980
10.469328
10.242756
8.888176
7.342267
6.640064
7.247263
8.707300
9.900734
9.854969
8.532980
6.914582
6.241399
7.052101
8.813072
10.381222
10.837900
10.056839
8.710940
7.816941
8.093422
9.463701
11.038782
11.700626
10.939644
9.280293
7.897249
7.729095
8.834235
10.455811
11.611286
11.687689
10.712891
9.291754
8.286268
8.313927
9.290951
10.408640
10.712713
9.892284
8.573287
7.801020
8.156215
9.288332
10.234774
10.196304
9.131092
7.771969
7.111766
7.706531
9.242990
10.702591
11.086004
10.189081
8.776358
7.960216
8.312473
9.481564
10.585413
10.935387
10.457518
9.596449
8.947476
8.916845
9.517056
10.331280
10.727949
10.295141
9.195505
8.092760
7.662341
8.109282
9.084461
9.974203
10.255789
9.728062
8.629751
7.605059
7.359805
8.079262
9.114248
9.418809
8.502275
6.976656
6.056774
6.449794
7.750914
8.918924
9.254447
8.868530
8.327902
8.059902
8.155812
8.548388
9.124870
9.635159
9.699026
9.109910
8.138599
7.403215
7.346238
7.846829
8.368487
8.461112
8.105739
7.636862
7.422168
7.615071
8.103590
8.595161
8.770354
8.466866
7.800695
7.108159
6.720493
6.747452
7.041629
7.342315
7.460016
7.378249
7.233653
7.191007
7.282509
7.347229
7.171782
6.732434
6.273211
6.092126
6.254465
6.566648
6.823857
6.987641
7.066839
6.935901
6.455453
5.797368
5.450605
5.705364
6.179229
6.092637
5.139194
3.942838
3.448479
3.874585
4.476765
4.443424
3.848633
11.255072
10.452473
8.536444
6.732830
6.290559
7.596457
9.757591
11.168287
10.763102
8.899433
7.045867
6.556633
7.644239
9.369194
10.470985
10.249353
8.916822
7.377109
6.655986
7.247434
8.718437
9.933161
9.887178
8.543791
6.914805
6.257673
7.087069
8.841429
10.387547
10.839710
10.078400
8.746991
7.840558
8.096270
9.468494
11.065329
11.736210
10.958040
9.280972
7.906168
7.759893
8.867841
10.468956
11.611290
11.701519
10.746843
9.322042
8.294584
8.314810
9.310055
10.444376
10.738628
9.896608
8.576528
7.825306
8.192210
9.309196
10.236286
10.203176
9.160023
7.806678
7.127336
7.706657
9.254457
10.735228
11.117992
10.199570
8.776640
7.976842
8.347561
9.509628
10.591471
10.937353
10.479425
9.632517
8.970755
8.919506
9.522093
10.358137
10.763447
10.313183
9.196091
8.101986
7.693388
8.142706
9.097265
9.974218
10.269964
9.762178
8.659777
7.613078
7.360801
8.098719
9.150049
9.444404
8.506371
6.980103
6.081391
6.485751
7.771428
8.920298
9.261600
8.897741
8.362473
8.075121
8.155900
8.560185
9.157713
9.666918
9.709194
9.110257
8.155579
7.438414
7.374006
7.852624
8.370618
8.483365
8.141818
7.659801
7.424645
7.620356
8.130754
8.630566
8.788041
8.467366
7.810233
7.139448
6.753728
6.759918
7.041661
7.356837
7.494290
7.408007
7.241379
7.192122
7.302319
7.383089
7.197053
6.736308
6.276868
6.117071
6.290378
6.586809
6.825099
6.995079
7.096326
6.970326
6.470323
5.797424
5.462736
5.738406
6.210756
6.102489
5.139614
3.960171
3.483785
3.902053
4.482303
4.445725
3.871229
11.255072
10.451111
8.533087
6.729901
6.289827
7.596321
9.755537
11.164742
10.760777
8.899172
7.045347
6.553930
7.640775
9.367558
10.470963
10.248257
8.913610
7.373983
6.655016
7.247385
8.716661
9.929659
9.884596
8.543365
6.914466
6.255218
7.083540
8.839514
10.387459
10.838861
10.075369
8.743701
7.839330
8.096264
9.466997
11.061913
11.733391
10.957417
9.280777
7.903977
7.756343
8.865651
10.468761
11.610666
11.698700
10.743427
9.320545
8.294579
8.313583
9.306765
10.441345
10.737780
9.896521
8.574613
7.821778
8.189755
9.308857
10.235861
10.200594
9.156521
7.804903
7.127286
7.705687
9.251331
10.732016
11.116896
10.199547
8.775003
7.973379
8.344858
9.509108
10.591209
10.935028
10.475880
9.630463
8.970619
8.918774
9.519165
10.354780
10.762085
10.313183
9.194729
8.098629
7.690459
8.141973
9.097130
9.972164
10.266418
9.759853
8.659515
7.612557
7.358098
8.095255
9.148413
9.444381
8.505274
6.976891
6.078266
6.484781
7.771378
8.918522
9.258098
8.895159
8.362047
8.074781
8.153445
8.556657
9.155798
9.666830
9.708345
9.107226
8.152288
7.437187
7.374000
7.851126
8.367202
8.480546
8.141194
7.659606
7.422454
7.616806
8.128565
8.630371
8.787417
8.464547
7.806817
7.137949
6.753723
6.758691
7.038372
7.353806
7.493442
7.407919
7.239464
7.188594
7.299864
7.382749
7.196627
6.733727
6.273366
6.115295
6.290328
6.585839
6.821974
6.991867
7.095229
6.970304
6.468686
5.793961
5.460032
5.737885
6.210494
6.100164
5.136068
3.958118
3.483649
3.901320
4.479374
4.442369
3.869869
11.255072
10.482222
8.608643
6.793396
6.303708
7.600997
9.805882
11.243866
10.806568
8.901896
7.062945
6.620969
7.714133
9.394182
10.471237
10.283972
8.990866
7.433602
6.665536
7.254497
8.771410
10.008234
9.925747
8.544649
6.936087
6.325423
7.154232
8.861830
10.388554
10.879236
10.153801
8.799165
7.846893
8.106262
9.525942
11.139400
11.769880
10.957790
9.306669
7.976923
7.823938
8.883901
10.471210
11.655687
11.777771
10.794518
9.325594
8.307873
8.376453
9.382639
10.473217
10.737787
9.926874
8.649834
7.885888
8.204232
9.313173
10.285456
10.279757
9.203077
7.807917
7.144242
7.772161
9.325089
10.759377
11.117086
10.234489
8.852011
8.033665
8.355911
9.515781
10.645237
11.013733
10.517807
9.631950
8.991551
8.988478
9.590332
10.377800
10.763006
10.352779
9.273001
8.154802
7.698485
8.151461
9.155392
10.049870
10.303684
9.760342
8.684681
7.685076
7.426237
8.114162
9.150599
9.488631
8.584276
7.028723
6.083702
6.497500
7.833616
8.994699
9.290734
8.895189
8.391645
8.149658
8.218162
8.571742
9.159769
9.715670
9.787531
9.154548
8.155607
7.453510
7.439898
7.925270
8.395305
8.480668
8.175366
7.736352
7.483399
7.628403
8.134813
8.683672
8.866237
8.507251
7.808524
7.158199
6.822917
6.830321
7.062100
7.354568
7.532261
7.486017
7.296340
7.197095
7.308853
7.440321
7.274537
6.771769
6.273983
6.139739
6.362409
6.654512
6.841548
6.993806
7.138707
7.049221
6.521255
5.799796
5.472186
5.799480
6.286963
6.133567
5.136138
3.986967
3.558167
3.966633
4.495072
4.446007
3.917951
11.255072
10.482086
8.608320
6.793135
6.303658
7.600968
9.805649
11.243534
10.806400
8.901892
7.062841
6.620662
7.713847
9.394108
10.471224
10.283772
8.990530
7.433402
6.665523
7.254422
8.771124
10.007927
9.925644
8.544645
6.935919
6.325091
7.154000
8.861801
10.388504
10.878975
10.153479
8.799029
7.846892
8.106127
9.525620
11.139139
11.769831
10.957762
9.306437
7.976591
7.823771
8.883897
10.471107
11.655380
11.777485
10.794443
9.325581
8.307673
8.376118
9.382439
10.473204
10.737713
9.926588
8.649527
7.885784
8.204228
9.313005
10.285124
10.279524
9.203049
7.807868
7.143982
7.771839
9.324953
10.759377
11.116951
10.234167
8.851749
8.033615
8.355883
9.515549
10.644905
11.013565
10.517803
9.631847
8.991244
8.988192
9.590258
10.377787
10.762806
10.352444
9.272800
8.154789
7.698410
8.151175
9.155085
10.049767
10.303680
9.760174
8.684349
7.684844
7.426208
8.114113
9.150337
9.488309
8.584141
7.028722
6.083566
6.497178
7.833355
8.994650
9.290706
8.894957
8.391314
8.149490
8.218158
8.571639
9.159462
9.715384
9.787457
9.154534
8.155407
7.453175
7.439698
7.925256
8.395230
8.480382
8.175059
7.736248
7.483395
7.628235
8.134481
8.683439
8.866208
8.507201
7.808264
7.157876
6.822782
6.830320
7.061965
7.354246
7.532001
7.485967
7.296311
7.196863
7.308521
7.440154
7.274533
6.771665
6.273676
6.139453
6.362333
6.654499
6.841348
6.993471
7.138507
7.049208
6.521180
5.799510
5.471879
5.799376
6.286959
6.133399
5.135806
3.986735
3.558138
3.966583
4.494812
4.445684
3.917815
11.255072
10.467373
8.573723
6.766258
6.299381
7.596916
9.779076
11.208818
10.791342
8.901888
7.048473
6.586189
7.686669
9.389601
10.467392
10.257505
8.955702
7.417997
6.665508
7.240396
8.736780
9.980452
9.920900
8.541027
6.909964
6.290158
7.138247
8.861771
10.374821
10.844769
10.125710
8.794044
7.843482
8.080486
9.490587
11.123037
11.769775
10.944418
9.272375
7.948533
7.818542
8.880691
10.445784
11.620256
11.761034
10.794357
9.312574
8.273760
8.347775
9.376961
10.470196
10.712708
9.891380
8.632727
7.885660
8.191560
9.279249
10.256498
10.273790
9.200232
7.783185
7.108695
7.754689
9.324785
10.747042
11.083357
10.205265
8.845757
8.030985
8.331526
9.480190
10.627405
11.013346
10.505800
9.598421
8.962070
8.981934
9.587807
10.353758
10.727383
10.334593
9.272522
8.143116
7.665158
8.121731
9.148558
10.047491
10.279982
9.724691
8.666147
7.684501
7.414863
8.081041
9.120628
9.481509
8.582033
7.005355
6.048033
6.478626
7.832941
8.983631
9.257821
8.864988
8.384237
8.147545
8.195125
8.536061
9.140560
9.714890
9.776760
9.121840
8.125183
7.445817
7.437908
7.902560
8.359614
8.461131
8.174481
7.725870
7.450900
7.597762
8.126837
8.681799
8.843850
8.471555
7.788663
7.157206
6.812722
6.798028
7.031246
7.346312
7.530506
7.463949
7.260641
7.176914
7.307752
7.430407
7.242449
6.740705
6.265450
6.138094
6.340657
6.618812
6.821051
6.992598
7.129071
7.017339
6.489985
5.790986
5.470651
5.778043
6.251261
6.112756
5.134821
3.977607
3.526488
3.935158
4.485988
4.444581
3.896826
11.255072
10.378485
8.368137
6.613048
6.279257
7.566053
9.611769
11.009560
10.718533
8.900591
6.943101
6.376743
7.548736
9.378117
10.423956
10.077625
8.765083
7.360464
6.660352
7.118541
8.526037
9.858597
9.915743
8.483494
6.719344
6.110278
7.094812
8.850286
10.236887
10.635323
10.020338
8.792747
7.770672
7.881226
9.323280
11.092175
11.749651
10.791208
9.066790
7.859646
7.818542
8.791803
10.240198
11.467047
11.740910
10.763494
9.145267
8.074501
8.274965
9.375664
10.364824
10.503262
9.753447
8.621243
7.842224
8.011681
9.088631
10.198965
10.268633
9.078377
7.572443
6.986840
7.749532
9.267252
10.556423
10.903477
10.161829
8.834272
7.893051
8.122080
9.374819
10.626108
10.940536
10.306541
9.431114
8.931206
8.961807
9.434597
10.148172
10.638494
10.334593
9.183634
7.937530
7.511949
8.101606
9.117695
9.880184
10.080723
9.651882
8.664850
7.579130
7.205417
7.943108
9.109144
9.438073
8.402153
6.814736
5.990500
6.473470
7.711086
8.772888
9.135966
8.859831
8.326704
7.956926
8.015244
8.492623
9.129076
9.576956
9.567314
9.016469
8.123886
7.373006
7.238649
7.735252
8.328752
8.441007
8.021273
7.520283
7.362011
7.597762
8.037949
8.476213
8.690640
8.451430
7.757800
6.989898
6.613463
6.725218
7.029949
7.240941
7.321059
7.326017
7.249156
7.133479
7.127872
7.239788
7.184916
6.735549
6.143595
5.927351
6.218802
6.613655
6.763517
6.801977
6.949191
6.973904
6.478501
5.653053
5.261205
5.672671
6.249964
6.039946
4.935562
3.810299
3.495625
3.915035
4.332778
4.238995
3.807938
11.255072
10.386171
8.385618
6.625525
6.280570
7.569309
9.626722
11.025774
10.723396
8.901083
6.953746
6.394542
7.558342
9.378323
10.429781
10.094389
8.779226
7.362950
6.662264
7.131953
8.543175
9.865255
9.915804
8.492226
6.737050
6.121770
7.095630
8.854391
10.252567
10.650888
10.024296
8.793640
7.782332
7.898903
9.331839
11.092216
11.756479
10.808411
9.080050
7.861450
7.821150
8.806087
10.256878
11.472708
11.741156
10.773275
9.163076
8.084974
8.275400
9.380684
10.381138
10.518085
9.756569
8.622649
7.854860
8.029112
9.096144
10.198967
10.276493
9.095903
7.584758
6.988063
7.752925
9.282333
10.572536
10.908184
10.162378
8.845089
7.910839
8.131512
9.374989
10.632097
10.957380
10.320541
9.433481
8.933228
8.975368
9.451666
10.154661
10.638578
10.343500
9.201365
7.948856
7.512694
8.105860
9.133488
9.895632
10.084538
9.652853
8.676676
7.596774
7.213800
7.943135
9.116142
9.455338
8.415260
6.816436
5.993233
6.487892
7.727678
8.778387
9.136254
8.869785
8.344517
7.967228
8.015627
8.497802
9.145485
9.591648
9.570305
9.017970
8.136681
7.390385
7.245990
7.735259
8.336785
8.458575
8.033425
7.521418
7.365542
7.612968
8.053959
8.480768
8.691253
8.462417
7.775574
6.999156
6.613601
6.731373
7.046871
7.254797
7.323308
7.328150
7.262866
7.150476
7.134194
7.239896
7.193998
6.753303
6.154751
5.928028
6.223206
6.629558
6.778846
6.805649
6.950242
6.985894
6.496110
5.661262
5.261220
5.679841
6.267287
6.052897
4.937161
3.813160
3.510184
3.931537
4.338116
4.239328
3.818066
11.255072
10.417336
8.455271
6.673062
6.284420
7.585005
9.688890
11.087021
10.737953
8.905586
7.002574
6.463845
7.588132
9.378351
10.462324
10.164339
8.825453
7.366195
6.679127
7.195000
8.603460
9.878708
9.921009
8.542324
6.805950
6.150196
7.095739
8.888319
10.322762
10.695789
10.026985
8.811699
7.846218
7.958190
9.344219
11.098169
11.807825
10.876856
9.107121
7.861695
7.856464
8.876471
10.300436
11.474892
11.760439
10.837952
9.221325
8.096317
8.282145
9.433254
10.449078
10.543814
9.757004
8.659350
7.925381
8.071316
9.097874
10.219498
10.341917
9.153080
7.595102
6.995645
7.806691
9.349718
10.596939
10.908863
10.200464
8.915689
7.951677
8.132837
9.396790
10.698223
11.013453
10.329924
9.441942
8.988161
9.042149
9.474758
10.155638
10.678043
10.414129
9.240829
7.949833
7.535787
8.172640
9.188421
9.904093
10.093920
9.708925
8.742802
7.618575
7.215127
7.983973
9.186743
9.493424
8.415939
6.840838
6.060618
6.541658
7.735260
8.788731
9.193431
8.935209
8.365047
7.968957
8.057831
8.568322
9.182186
9.592083
9.596033
9.085910
8.189251
7.397130
7.257333
7.793508
8.401462
8.477859
8.035611
7.564976
7.435926
7.648283
8.054205
8.507839
8.759698
8.513762
7.781523
7.011535
6.672887
6.795257
7.064931
7.257484
7.368207
7.398343
7.296794
7.150586
7.162620
7.308796
7.244097
6.758507
6.168202
5.988314
6.286253
6.646420
6.782090
6.851876
7.020192
7.018438
6.496138
5.691051
5.330523
5.728669
6.271791
6.067455
4.998407
3.875327
3.525880
3.935387
4.385653
4.308981
3.849230
11.255072
10.386929
8.388496
6.629566
6.281854
7.567185
9.627150
11.031925
10.728081
8.897934
6.950135
6.400403
7.567322
9.376900
10.422037
10.097080
8.791742
7.366033
6.651993
7.129031
8.556849
9.874727
9.906027
8.482555
6.748403
6.137871
7.090058
8.838717
10.257906
10.671865
10.026339
8.774685
7.778794
7.921175
9.343573
11.074245
11.742970
10.827253
9.101440
7.849371
7.798917
8.816702
10.285454
11.470911
11.713827
10.771982
9.194191
8.096155
8.248434
9.365995
10.408791
10.542362
9.736195
8.595909
7.872941
8.063664
9.088001
10.164402
10.280176
9.135262
7.592536
6.952148
7.739917
9.319311
10.596939
10.878456
10.133690
8.872192
7.949112
8.115019
9.335049
10.643127
11.003580
10.322271
9.389503
8.924721
9.021339
9.473307
10.115351
10.610785
10.380419
9.240667
7.922699
7.469817
8.126028
9.184441
9.889111
10.034151
9.651377
8.730476
7.612894
7.165525
7.919117
9.162819
9.492778
8.378925
6.773416
6.023603
6.541011
7.711335
8.723875
9.143828
8.929529
8.352722
7.911408
7.998063
8.553340
9.178205
9.545471
9.530064
9.058776
8.189089
7.363420
7.190074
7.753221
8.400010
8.457049
7.972174
7.512537
7.428275
7.638411
7.999112
8.446098
8.741879
8.511197
7.738028
6.944762
6.642481
6.795258
7.034525
7.190711
7.324711
7.395777
7.278975
7.088846
7.107523
7.298923
7.236446
6.706067
6.104761
5.967504
6.284801
6.606133
6.714831
6.818166
7.020030
6.991304
6.430168
5.644441
5.326543
5.713688
6.212021
6.009908
4.986083
3.869646
3.476278
3.870532
4.361728
4.308333
3.812215
11.255072
10.364040
8.339127
6.598930
6.280638
7.551853
9.580181
10.994110
10.723337
8.889227
6.907734
6.356679
7.557084
9.373240
10.385923
10.049295
8.774580
7.365347
6.623270
7.079432
8.532011
9.874651
9.885075
8.433567
6.715890
6.135981
7.076497
8.792702
10.218470
10.665915
10.019064
8.733717
7.733862
7.909316
9.340866
11.039904
11.694510
10.808214
9.101135
7.822585
7.749241
8.789915
10.285149
11.451872
11.665367
10.737640
9.191484
8.084295
8.203503
9.325027
10.401516
10.536411
9.696758
8.549894
7.859381
8.061772
9.055489
10.115414
10.259224
9.135185
7.567699
6.902550
7.711195
9.318624
10.579777
10.830671
10.097576
8.868532
7.938874
8.071295
9.292648
10.634420
10.998837
10.284456
9.342535
8.909388
9.020124
9.442671
10.065981
10.587896
10.380419
9.217779
7.873329
7.439181
8.124813
9.169107
9.842142
9.996336
9.646633
8.721769
7.570493
7.121801
7.908879
9.159159
9.456664
8.331141
6.756254
6.022917
6.512288
7.661736
8.699038
9.143752
8.908577
8.303734
7.878896
7.996172
8.539779
9.132191
9.506035
9.524113
9.051501
8.148121
7.318489
7.178215
7.750515
8.365668
8.408589
7.953135
7.512231
7.401489
7.588735
7.972325
8.445793
8.722840
8.462737
7.703685
6.942055
6.630621
6.750326
6.993557
7.183436
7.318760
7.356341
7.232960
7.075285
7.105633
7.266410
7.187457
6.685115
6.104685
5.942666
6.235203
6.577411
6.714146
6.801003
6.972245
6.955191
6.426508
5.634202
5.282819
5.671288
6.203314
6.005164
4.948268
3.822677
3.460946
3.869316
4.331092
4.258964
3.789326
11.255072
10.399305
8.413805
6.642987
6.281674
7.578446
9.652803
11.046597
10.727423
8.907751
6.976359
6.416764
7.566061
9.384741
10.448828
10.115728
8.790026
7.371260
6.679049
7.150614
8.555141
9.876720
9.932714
8.507635
6.747499
6.136162
7.115438
8.867634
10.258879
10.666269
10.049225
8.807442
7.782911
7.911894
9.362650
11.110418
11.751556
10.814945
9.115408
7.888062
7.813207
8.802495
10.293194
11.510767
11.734785
10.757448
9.194927
8.135422
8.276608
9.353037
10.402237
10.579016
9.771582
8.586628
7.859410
8.095569
9.129967
10.160913
10.260632
9.160379
7.639785
6.956371
7.715972
9.335894
10.647560
10.891911
10.107533
8.878992
8.000677
8.138639
9.309301
10.639565
11.053316
10.356255
9.367037
8.911001
9.066341
9.517027
10.099047
10.587961
10.417889
9.292654
7.915203
7.439766
8.153536
9.242434
9.892580
9.999477
9.667093
8.791565
7.628780
7.129396
7.922015
9.223639
9.521647
8.344841
6.763410
6.080588
6.582450
7.682854
8.701891
9.193498
8.982109
8.333174
7.879358
8.037315
8.614688
9.170397
9.506151
9.556448
9.125720
8.195052
7.320323
7.202028
7.822011
8.420800
8.414111
7.969178
7.579126
7.463848
7.599710
7.981788
8.506460
8.791049
8.480630
7.708111
6.995212
6.702983
6.776217
6.994772
7.228216
7.393346
7.390871
7.232968
7.111284
7.180391
7.309741
7.188328
6.712414
6.177556
5.994474
6.238960
6.596572
6.783173
6.860497
6.980751
6.967226
6.489947
5.700164
5.297674
5.677603
6.259730
6.076019
4.970722
3.824994
3.509293
3.943220
4.361975
4.259224
3.829002
11.255072
10.392475
8.399611
6.635043
6.281586
7.572724
9.638783
11.037558
10.727074
8.903103
6.962683
6.406679
7.565286
9.381105
10.435658
10.104670
8.788668
7.368552
6.666534
7.138680
8.553059
9.874832
9.920990
8.494944
6.744568
6.134964
7.104614
8.854322
10.254997
10.665617
10.039396
8.793663
7.777998
7.911627
9.353882
11.096338
11.745560
10.814896
9.107742
7.873851
7.806098
8.802489
10.286642
11.496599
11.726564
10.757311
9.189478
8.121471
8.267302
9.352598
10.397848
10.565451
9.761246
8.585722
7.856016
8.082550
9.118679
10.159388
10.258139
9.148050
7.627650
6.954088
7.714269
9.324385
10.634701
10.888752
10.106485
8.868410
7.987235
8.134506
9.308760
10.629995
11.039448
10.351076
9.366840
8.902506
9.052212
9.510754
10.099024
10.580574
10.403671
9.285267
7.915180
7.433493
8.139406
9.233938
9.892384
9.994299
9.653225
8.781996
7.628238
7.125264
7.908572
9.213057
9.520600
8.341682
6.750551
6.069078
6.580747
7.680571
8.689756
9.181169
8.979616
8.331648
7.868071
8.024296
8.611293
9.169491
9.495815
9.542883
9.121331
8.194613
7.311018
7.188077
7.816561
8.420663
8.405890
7.955009
7.572575
7.463842
7.592601
7.967577
8.498795
8.790999
8.474633
7.694030
6.986444
6.702716
6.771305
6.980994
7.218388
7.392693
7.386989
7.219657
7.100461
7.179193
7.306811
7.175637
6.700688
6.175667
5.992393
6.227026
6.584058
6.780465
6.859139
6.969693
6.954057
6.486312
5.699389
5.287589
5.663927
6.255082
6.075671
4.961684
3.810973
3.503571
3.943132
4.354031
4.245028
3.822172
11.255072
10.417040
8.449705
6.661575
6.281663
7.595325
9.688723
11.066048
10.727383
8.923756
7.012315
6.437106
7.565979
9.399836
10.484831
10.136999
8.789894
7.385400
6.715099
7.172869
8.554966
9.889847
9.968801
8.530935
6.747299
6.148210
7.151533
8.892050
10.258690
10.677164
10.085287
8.833046
7.782784
7.921560
9.398617
11.137291
11.751564
10.823309
9.151199
7.916274
7.813437
8.809484
10.328707
11.540386
11.735348
10.762999
9.230047
8.166506
8.277630
9.357100
10.436825
10.611610
9.773211
8.589161
7.893315
8.129704
9.132360
10.161900
10.293686
9.196064
7.643118
6.955812
7.747999
9.373116
10.652016
10.889832
10.138344
8.917711
8.006441
8.135088
9.338705
10.679718
11.060585
10.351313
9.394842
8.952499
9.075302
9.510798
10.125065
10.630682
10.428728
9.285273
7.939252
7.483562
8.166430
9.234058
9.914495
10.044176
9.682201
8.782387
7.648406
7.174795
7.939478
9.213869
9.538856
8.390717
6.783350
6.070462
6.597131
7.728961
8.724401
9.183269
8.994183
8.379250
7.904502
8.027254
8.624106
9.216166
9.533964
9.546837
9.132468
8.240224
7.350803
7.193157
7.826108
8.465089
8.447221
7.961335
7.580624
7.506960
7.635375
7.975265
8.505451
8.832700
8.518743
7.703191
6.991824
6.742897
6.816633
6.991724
7.222610
7.431259
7.433410
7.232045
7.103656
7.216061
7.354193
7.189759
6.702991
6.210765
6.040599
6.242950
6.585607
6.813731
6.908028
6.987476
6.954998
6.517695
5.748810
5.307276
5.664409
6.284544
6.125476
4.983308
3.811147
3.531083
3.993169
4.377612
4.245049
3.847721
11.255072
10.463339
8.542303
6.707874
6.281662
7.641624
9.781321
11.112347
10.727383
8.970055
7.104914
6.483405
7.565978
9.446135
10.577429
10.183298
8.789894
7.431699
6.807698
7.219168
8.554966
9.936146
10.061399
8.577234
6.747298
6.194509
7.244132
8.938349
10.258690
10.723463
10.177885
8.879345
7.782783
7.967859
9.491215
11.183590
11.751564
10.869608
9.243797
7.962573
7.813437
8.855783
10.421305
11.586685
11.735348
10.809298
9.322645
8.212805
8.277630
9.403399
10.529423
10.657909
9.773211
8.635460
7.985914
8.176003
9.132360
10.208199
10.386284
9.242363
7.643117
7.002111
7.840598
9.419415
10.652016
10.936131
10.230942
8.964010
8.006441
8.181387
9.431303
10.726017
11.060585
10.397612
9.487440
8.998798
9.075302
9.557096
10.217663
10.676981
10.428728
9.331572
8.031851
7.529861
8.166430
9.280357
10.007093
10.090475
9.682201
8.828686
7.741006
7.221094
7.939478
9.260168
9.631454
8.437016
6.783350
6.116761
6.689730
7.775259
8.724401
9.229568
9.086781
8.425549
7.904501
8.073553
8.716704
9.262465
9.533964
9.593136
9.225066
8.286523
7.350802
7.239456
7.918708
8.511388
8.447221
8.007634
7.673223
7.553259
7.635374
8.021564
8.598049
8.878999
8.518743
7.749490
7.084423
6.789196
6.816632
7.038023
7.315210
7.477558
7.433410
7.278344
7.196255
7.262360
7.354192
7.236058
6.795589
6.257064
6.040598
6.289249
6.678205
6.860030
6.908026
7.033775
7.047597
6.563994
5.748809
5.353575
5.757008
6.330843
6.125475
5.029607
3.903746
3.577382
3.993168
4.423911
4.337647
3.894020
11.255072
10.452484
8.521021
6.697855
6.281630
7.629936
9.760103
11.103161
10.727253
8.957539
7.083828
6.475041
7.565684
9.432802
10.556538
10.175743
8.789373
7.417566
6.787066
7.212403
8.554155
9.921234
10.041086
8.571236
6.746139
6.178846
7.224199
8.933086
10.257122
10.707079
10.158388
8.874786
7.780751
7.950788
9.472210
11.179699
11.749014
10.851892
9.225336
7.959306
7.810320
8.837464
10.403433
11.583998
11.731617
10.790424
9.305410
8.210648
8.273243
9.384020
10.512863
10.656231
9.768127
8.615631
7.970068
8.174747
9.126549
10.187975
10.371181
9.241472
7.636547
6.981553
7.826267
9.418827
10.644661
10.915298
10.217407
8.963665
7.998281
8.160343
9.418581
10.725851
11.051605
10.376421
9.475544
8.998747
9.065493
9.535824
10.206600
10.676979
10.418083
9.310284
8.021624
7.529843
8.154949
9.259119
9.997700
10.090376
9.669891
8.807562
7.732439
7.220847
7.926348
9.239223
9.623698
8.436558
6.769415
6.096058
6.682770
7.774528
8.709682
9.209168
9.080593
8.424482
7.889023
8.053520
8.711261
9.261003
9.517757
9.573524
9.220336
8.284612
7.333900
7.220323
7.914653
8.508971
8.429662
7.989031
7.669805
7.550289
7.617201
8.003542
8.595221
8.875424
8.500003
7.732092
7.082138
6.784976
6.797375
7.021291
7.313416
7.472652
7.413688
7.262317
7.194898
7.256733
7.334062
7.220767
6.794612
6.250685
6.020118
6.274725
6.677548
6.852873
6.887257
7.020041
7.047197
6.556037
5.727813
5.340649
5.756804
6.322069
6.104316
5.017504
3.903673
3.567780
3.971910
4.412640
4.337640
3.883584
11.255072
10.388781
8.398617
6.643764
6.280876
7.556682
9.639204
11.058502
10.724253
8.875027
6.965901
6.439407
7.559003
9.341555
10.442976
10.148500
8.777668
7.318321
6.679158
7.192715
8.536201
9.814926
9.939981
8.558077
6.720872
6.066583
7.130876
8.925272
10.223654
10.590117
10.073635
8.870998
7.738396
7.830496
9.396605
11.178522
11.697306
10.729725
9.159231
7.959257
7.749023
8.714920
10.346945
11.583572
11.660732
10.669008
9.258423
8.208347
8.193005
9.265215
10.475023
10.650600
9.679003
8.500853
7.940800
8.164416
9.029222
10.078541
10.349693
9.225187
7.531907
6.878648
7.811581
9.395479
10.533773
10.819948
10.208376
8.932320
7.882371
8.073384
9.413916
10.685770
10.932013
10.298487
9.473850
8.949409
8.943654
9.467323
10.206411
10.618090
10.295490
9.251394
8.021435
7.461342
8.033110
9.209782
9.996006
10.012442
9.550299
8.767481
7.727773
7.133888
7.810436
9.207878
9.614667
8.341208
6.658529
6.072711
6.668084
7.671622
8.605043
9.192883
9.059105
8.315048
7.791697
8.043190
8.681993
9.146225
9.428633
9.567894
9.182496
8.165808
7.253662
7.218022
7.867665
8.387555
8.358777
7.988606
7.613317
7.427742
7.555905
8.003494
8.529116
8.753257
8.448295
7.730913
7.006531
6.664684
6.755020
7.017503
7.228662
7.355690
7.380219
7.254501
7.101574
7.144471
7.308795
7.207609
6.693506
6.144377
6.002165
6.255037
6.569641
6.753628
6.875551
6.992799
6.933637
6.464789
5.721132
5.305015
5.638876
6.239556
6.101316
4.972846
3.782773
3.494526
3.971156
4.358548
4.215236
3.819882
11.255072
10.412779
8.443787
6.662443
6.281501
7.585923
9.683130
11.072083
10.726723
8.909149
7.007408
6.448391
7.564434
9.379925
10.481024
10.153645
8.787010
7.360072
6.712895
7.194987
8.550192
9.859001
9.968796
8.558603
6.739989
6.111801
7.154428
8.925276
10.248095
10.635229
10.091877
8.871733
7.768063
7.874264
9.409779
11.181198
11.731810
10.770981
9.167864
7.964979
7.787711
8.752638
10.351810
11.593277
11.702719
10.702354
9.260504
8.222750
8.237223
9.293600
10.475458
10.670158
9.724258
8.523960
7.940817
8.189301
9.074270
10.096348
10.350544
9.255276
7.575508
6.891420
7.814472
9.430361
10.574772
10.828234
10.214397
8.971319
7.919751
8.077976
9.423988
10.727985
10.964964
10.300386
9.488668
8.993759
8.971608
9.467676
10.226410
10.663378
10.318153
9.251432
8.046762
7.506315
8.050482
9.210758
10.026514
10.055868
9.562674
8.770592
7.763029
7.174621
7.818380
9.214205
9.653972
8.378248
6.662857
6.083155
6.710521
7.704176
8.606768
9.208121
9.103580
8.342567
7.791975
8.063631
8.727302
9.168444
9.428703
9.593662
9.227387
8.182749
7.254771
7.248945
7.910909
8.399535
8.362117
8.024228
7.653778
7.435352
7.562542
8.043097
8.565809
8.757327
8.459117
7.773562
7.038682
6.666242
6.770679
7.062095
7.255746
7.355903
7.401103
7.299823
7.123347
7.144580
7.335004
7.252409
6.710017
6.145627
6.033501
6.298092
6.581230
6.757203
6.911535
7.032981
6.940916
6.471745
5.761028
5.341356
5.642695
6.250759
6.144173
5.004591
3.784174
3.510611
4.015857
4.385196
4.215393
3.841211
11.255072
10.412668
8.443581
6.662364
6.281497
7.585780
9.682936
11.072033
10.726704
8.908979
7.007231
6.448367
7.564392
9.379734
10.480873
10.153637
8.786940
7.359869
6.712776
7.194987
8.550089
9.858795
9.968708
8.558601
6.739854
6.111602
7.154372
8.925261
10.247931
10.635048
10.091846
8.871696
7.767876
7.874106
9.409767
11.181135
11.731607
10.770853
9.167864
7.964884
7.787505
8.752542
10.351810
11.593149
11.702517
10.702291
9.260492
8.222593
8.237036
9.293564
10.475428
10.669977
9.724094
8.523945
7.940762
8.189103
9.074135
10.096346
10.350456
9.255070
7.575405
6.891420
7.814353
9.430157
10.574701
10.828226
10.214247
8.971128
7.919709
8.077951
9.423813
10.727816
10.964945
10.300337
9.488474
8.993616
8.971604
9.467598
10.226204
10.663267
10.318153
9.251322
8.046556
7.506236
8.050478
9.210615
10.026320
10.055819
9.562654
8.770422
7.762853
7.174596
7.818338
9.214014
9.653821
8.378241
6.662786
6.082952
6.710402
7.704176
8.606665
9.207915
9.103493
8.342566
7.791840
8.063433
8.727246
9.168428
9.428539
9.593481
9.227357
8.182713
7.254584
7.248787
7.910898
8.399472
8.361915
8.024100
7.653777
7.435257
7.562336
8.043001
8.565809
8.757199
8.458915
7.773499
7.038672
6.666085
6.770493
7.062058
7.255716
7.355722
7.400939
7.299808
7.123291
7.144382
7.334869
7.252406
6.709930
6.145421
6.033398
6.298092
6.581111
6.757000
6.911465
7.032973
6.940766
6.471554
5.760986
5.341331
5.642519
6.250589
6.144154
5.004542
3.783978
3.510468
4.015852
4.385117
4.215188
3.841099
11.255072
10.578093
8.742001
6.769288
6.292964
7.807457
9.958860
11.127115
10.770830
9.176098
7.241590
6.466156
7.657395
9.674562
10.660923
10.154362
8.937597
7.660459
6.834042
7.201474
8.758400
10.142321
10.035666
8.592798
6.997043
6.357836
7.179763
9.004898
10.537777
10.829439
10.094742
9.007587
8.069195
8.009998
9.412663
11.375526
12.021454
10.850491
9.193254
8.211117
8.044695
8.786738
10.418768
11.876675
11.910828
10.708778
9.381758
8.523184
8.387693
9.294289
10.655478
10.964806
9.817099
8.541735
8.175119
8.456222
9.118261
10.151428
10.626381
9.476748
7.586873
6.998344
8.112772
9.595581
10.574701
10.993650
10.512667
9.078053
7.931179
8.299629
9.699738
10.782898
11.009071
10.567455
9.722832
9.011405
9.064610
9.762426
10.406254
10.663992
10.468811
9.551912
8.167822
7.512723
8.258789
9.494141
10.093277
10.090015
9.819843
9.016655
7.788241
7.254235
8.108185
9.408405
9.656716
8.514132
6.964101
6.218843
6.713297
7.898568
8.896511
9.287553
9.128883
8.588799
8.049028
8.097630
8.794204
9.451954
9.636850
9.599968
9.348622
8.483303
7.405241
7.249513
8.090948
8.694301
8.454919
8.041891
7.888138
7.702375
7.606463
8.098087
8.841734
8.978877
8.470384
7.880425
7.337092
6.831509
6.770493
7.227483
7.554137
7.462646
7.412408
7.521485
7.399216
7.199463
7.378995
7.519521
6.944289
6.163211
6.126401
6.592920
6.761161
6.757726
7.062122
7.333563
7.062032
6.478041
5.969298
5.624857
5.709476
6.284787
6.401342
5.250776
3.809369
3.590106
4.305699
4.579508
4.218083
3.976990
11.255072
10.549379
8.691322
6.752487
6.290164
7.767488
9.913630
11.120289
10.760239
9.127987
7.206064
6.465191
7.635721
9.623194
10.637245
10.153868
8.903963
7.611431
6.821773
7.195958
8.714539
10.100719
10.031879
8.577862
6.946913
6.327130
7.179684
8.978195
10.486706
10.810720
10.092787
8.969339
8.022715
8.001744
9.403656
11.328468
11.984095
10.848902
9.173559
8.159906
8.019001
8.786562
10.387075
11.826876
11.896799
10.704449
9.339376
8.480049
8.382786
9.281149
10.606045
10.932137
9.816782
8.517050
8.123812
8.435540
9.117004
10.114977
10.578779
9.466961
7.579347
6.952473
8.073652
9.593222
10.556948
10.942757
10.484957
9.078033
7.901465
8.249207
9.683876
10.779621
10.968275
10.522894
9.716675
8.999988
9.016022
9.727839
10.405544
10.641317
10.417423
9.529238
8.167112
7.478136
8.210201
9.482721
10.087120
10.045454
9.779047
9.013378
7.772379
7.203812
8.078472
9.408386
9.629006
8.463238
6.946347
6.216483
6.674178
7.852696
8.888985
9.277766
9.081282
8.552347
8.047771
8.076948
8.742896
9.427269
9.636534
9.567299
9.299190
8.470163
7.400334
7.206378
8.048567
8.689971
8.440890
7.992091
7.856447
7.702197
7.580769
8.046875
8.822039
8.977288
8.433024
7.833368
7.328084
6.823256
6.724012
7.189235
7.552181
7.443926
7.361337
7.494782
7.399137
7.168756
7.328865
7.504586
6.940503
6.121610
6.082539
6.587404
6.748892
6.708698
7.028489
7.333069
7.038354
6.426673
5.947624
5.623892
5.673949
6.236675
6.390751
5.243950
3.764137
3.550138
4.302898
4.562707
4.167406
3.948276
11.255072
10.546169
8.685781
6.750795
6.289748
7.762875
9.908890
11.119781
10.758698
9.122496
7.202690
6.465187
7.632677
9.617613
10.635399
10.153536
8.899481
7.606573
6.821167
7.194562
8.709106
10.097183
10.031860
8.574984
6.941301
6.325126
7.179425
8.973850
10.481735
10.810009
10.091532
8.963976
8.019020
8.001702
9.400944
11.322836
11.981932
10.848707
9.169357
8.154833
8.018175
8.785442
10.381788
11.823023
11.896721
10.701902
9.333733
8.477722
8.382648
9.277094
10.600874
10.931189
9.815792
8.511848
8.119806
8.435420
9.114624
10.109331
10.576288
9.466869
7.575444
6.947214
8.072577
9.592356
10.551840
10.938602
10.484783
9.075815
7.895827
8.246550
9.683823
10.775873
10.962936
10.521685
9.715925
8.994982
9.011724
9.727602
10.403488
10.635698
10.414600
9.529211
8.163523
7.472727
8.208853
9.482080
10.082224
10.041018
9.778740
9.011480
7.766787
7.200823
8.078465
9.404959
9.623534
8.461746
6.945808
6.211703
6.669607
7.852309
8.887241
9.272212
9.078127
8.552347
8.044506
8.071423
8.741256
9.426825
9.631878
9.562601
9.298715
8.468573
7.394825
7.203060
8.048565
8.686872
8.435323
7.990297
7.856088
7.697670
7.575950
8.046303
8.820595
8.971837
8.429542
7.833355
7.325151
6.817653
6.722062
7.188952
7.547789
7.438993
7.360661
7.493481
7.393749
7.165114
7.328830
7.501818
6.934876
6.119500
6.082324
6.583154
6.743852
6.707911
7.027326
7.327756
7.034554
6.426608
5.945023
5.618251
5.671678
6.236520
6.386646
5.238811
3.763231
3.549106
4.297668
4.558753
4.167300
3.945840
11.255072
10.245867
8.179134
6.609007
6.240154
7.319573
9.496574
11.091478
10.579264
8.606333
6.943010
6.461990
7.292751
9.126556
10.528355
10.077478
8.429716
7.229001
6.808457
6.975505
8.189747
9.878126
10.019152
8.197411
6.471536
6.249068
7.072382
8.482794
10.141809
10.806812
9.831852
8.447812
7.839587
7.973401
8.988628
10.879534
11.932337
10.706921
8.662708
7.854530
8.018174
8.485139
9.875137
11.681236
11.847126
10.258600
8.921416
8.449419
8.203215
8.760931
10.341194
10.927992
9.475866
8.020791
8.012762
8.359363
8.644859
9.731758
10.563580
9.247812
7.056084
6.728157
8.059868
9.214783
10.082075
10.862545
10.377739
8.584759
7.555902
8.243353
9.424143
10.259710
10.783503
10.493382
9.303610
8.551680
8.962128
9.585815
9.896837
10.335396
10.414600
9.228909
7.656872
7.330939
8.159258
9.038778
9.669909
10.012714
9.599306
8.495317
7.507107
7.197627
7.738539
8.913902
9.516490
8.385689
6.476042
5.834131
6.656898
7.633252
8.367882
9.053155
9.065418
8.174774
7.574740
7.995366
8.634212
8.935768
9.291952
9.559404
9.039035
7.952410
7.215392
7.174757
7.636249
8.243569
8.385728
7.848513
7.349434
7.397367
7.575952
7.746003
8.313944
8.830050
8.379947
7.390054
6.912835
6.789350
6.542628
6.672790
7.288109
7.435794
7.020735
7.002425
7.286706
7.089056
6.859065
7.124246
6.922167
5.900443
5.562964
6.364097
6.731142
6.330338
6.557559
7.251698
6.927511
5.935552
5.605097
5.615054
5.411998
5.720357
6.207212
5.210507
3.350915
3.105804
4.248075
4.416965
3.660650
3.645538
11.255072
10.020874
7.808255
6.514413
6.194307
6.980303
9.211723
11.080917
10.417845
8.223663
6.788989
6.448828
7.001417
8.792166
10.487274
9.976328
8.056376
7.011431
6.808311
6.743144
7.821609
9.789940
9.968313
7.853487
6.193311
6.240828
6.903521
8.100421
9.995127
10.790775
9.534189
8.118523
7.803042
7.865556
8.613108
10.669426
11.931747
10.467253
8.297578
7.772591
7.962129
8.136800
9.603672
11.675037
11.670786
9.876816
8.782005
8.430235
7.899387
8.436954
10.308945
10.813324
9.098448
7.818173
8.011436
8.112463
8.283010
9.655897
10.502117
8.895298
6.791503
6.723711
7.876028
8.833881
9.949854
10.839951
10.067921
8.266296
7.527705
8.121742
9.045115
10.064600
10.781147
10.239336
8.945303
8.481720
8.895048
9.229376
9.639254
10.332417
10.223248
8.849182
7.531749
7.304673
7.843632
8.726032
9.645510
9.884054
9.218956
8.307722
7.503432
6.936532
7.384030
8.849657
9.443603
8.025578
6.225558
5.832326
6.458033
7.254992
8.249756
9.022964
8.744175
7.867929
7.553885
7.859558
8.252831
8.755680
9.286665
9.291367
8.688579
7.893681
7.136513
6.811234
7.392955
8.242648
8.179362
7.472003
7.238193
7.362997
7.249290
7.445238
8.296368
8.687013
7.997830
7.217457
6.905651
6.514489
6.196467
6.619374
7.203067
7.069128
6.784712
7.002093
7.072861
6.714590
6.754584
7.085463
6.590299
5.605925
5.548399
6.213753
6.348583
6.165203
6.548194
6.970142
6.585885
5.887237
5.513725
5.245510
5.183313
5.720321
5.985926
4.838363
3.253061
3.062369
3.911216
4.128854
3.648823
3.487824
11.255072
10.200611
8.097599
6.581254
6.238357
7.255750
9.419674
11.083807
10.568241
8.521566
6.881831
6.474174
7.258159
9.026117
10.498722
10.097383
8.357168
7.132486
6.819758
6.977096
8.078351
9.815287
10.061155
8.151392
6.343707
6.243718
7.111471
8.375866
10.039177
10.857616
9.823534
8.298260
7.803042
8.045293
8.902452
10.736267
11.975798
10.742699
8.505528
7.775480
8.112525
8.434703
9.696514
11.700384
11.927528
10.110767
8.793452
8.551290
8.200180
8.558008
10.320393
11.047276
9.355190
7.843521
8.104279
8.410364
8.433407
9.658787
10.710068
9.170744
6.835554
6.790551
8.165372
9.013618
9.949854
11.019688
10.357265
8.333138
7.571754
8.397189
9.253065
10.067490
10.931543
10.537239
9.038145
8.507067
9.151791
9.463327
9.650702
10.453472
10.524040
8.970238
7.543198
7.538626
8.100374
8.751379
9.738352
10.181957
9.369352
8.310612
7.711383
7.211978
7.428081
8.916498
9.732947
8.205315
6.225558
6.012064
6.747377
7.321832
8.293806
9.298409
8.952126
7.870820
7.704281
8.157460
8.345674
8.781027
9.543407
9.525318
8.700027
8.014736
7.437305
6.932290
7.404403
8.476600
8.436105
7.497349
7.331035
7.660902
7.399686
7.448127
8.504318
8.962459
8.041881
7.284297
7.194995
6.694226
6.196467
6.799111
7.492411
7.135968
6.828763
7.277540
7.280813
6.717480
6.904981
7.383365
6.683141
5.631270
5.805141
6.447705
6.360031
6.286259
6.848987
7.091197
6.597333
6.121189
5.770468
5.270856
5.276155
6.018224
6.136322
4.841252
3.461012
3.337816
3.955266
4.195694
3.938168
3.667561
11.255072
10.170305
8.049976
6.571359
6.229608
7.208782
9.387941
11.083763
10.539379
8.473368
6.870739
6.466514
7.211922
8.992983
10.498549
10.069979
8.308475
7.120149
6.813128
6.931663
8.043843
9.814898
10.035217
8.102285
6.330080
6.238052
7.066915
8.340017
10.038486
10.833149
9.774099
8.283304
7.798275
8.001679
8.865301
10.735191
11.952799
10.693020
8.489210
7.771542
8.069921
8.396291
9.694971
11.678846
11.877691
10.093054
8.790269
8.509753
8.160553
8.555917
10.300304
10.997366
9.336060
7.841019
8.063869
8.369574
8.430687
9.640131
10.660172
9.150173
6.833653
6.751324
8.123473
9.010193
9.932608
10.969893
10.335241
8.331760
7.533756
8.354240
9.248859
10.051628
10.881935
10.513750
9.037209
8.470345
9.107855
9.458269
9.636192
10.404137
10.499083
8.969658
7.507792
7.493769
8.094395
8.738186
9.689373
10.155531
9.369045
8.276558
7.665674
7.205011
7.416163
8.867960
9.705056
8.205194
6.192888
5.965575
6.739361
7.311144
8.245790
9.269065
8.952106
7.839560
7.657085
8.148336
8.336167
8.733614
9.512623
9.525312
8.670199
7.966913
7.427018
6.923910
7.357670
8.444398
8.436027
7.468971
7.282663
7.649400
7.392376
7.402150
8.470722
8.962222
8.014964
7.235456
7.182232
6.687924
6.151319
6.764153
7.491931
7.110520
6.779538
7.263474
7.275455
6.673230
6.868692
7.382556
6.659163
5.581744
5.789735
6.443223
6.316747
6.248681
6.847765
7.068686
6.547591
6.104408
5.766789
5.228601
5.237332
6.016506
6.115269
4.791381
3.442828
3.334868
3.914100
4.155673
3.935875
3.647951
11.255072
10.272879
8.207233
6.600512
6.263889
7.368773
9.484110
11.084021
10.648237
8.627434
6.895096
6.506223
7.374173
9.082668
10.499573
10.184963
8.458914
7.140074
6.858534
7.095685
8.127004
9.817196
10.156132
8.248680
6.345963
6.289388
7.232211
8.416653
10.042557
10.959761
9.916063
8.295559
7.855738
8.167743
8.935453
10.741522
12.084839
10.830189
8.498273
7.835289
8.236241
8.460038
9.704035
11.816015
12.009731
10.099384
8.860421
8.675817
8.218016
8.568170
10.442268
11.123978
9.340130
7.917654
8.229166
8.420910
8.446570
9.786526
10.781086
9.152472
6.916813
6.915346
8.168880
9.030119
10.083046
11.084877
10.336266
8.421446
7.696006
8.393950
9.273216
10.205694
10.990793
10.514008
9.133377
8.630335
9.142136
9.487421
9.793449
10.506710
10.499083
9.072231
7.665048
7.522922
8.128675
8.898176
9.785542
10.155788
9.477903
8.430624
7.690032
7.244720
7.578414
8.957645
9.706080
8.320179
6.343326
5.985500
6.784767
7.475166
8.328951
9.271363
9.073021
7.985954
7.672969
8.199673
8.501464
8.810249
9.516693
9.651924
8.812163
7.979168
7.484479
7.089974
7.427821
8.450728
8.568067
7.606138
7.291728
7.713147
7.558697
7.465897
8.479786
9.099391
8.147004
7.241786
7.252384
6.853988
6.208781
6.776407
7.633894
7.237132
6.783608
7.340109
7.440751
6.724566
6.884575
7.528952
6.780077
5.584043
5.872895
6.607245
6.362153
6.268606
6.998204
7.183671
6.548615
6.194094
5.929040
5.268310
5.261690
6.170572
6.224127
4.791637
3.538997
3.494859
3.948380
4.184826
4.093131
3.750525
11.255072
10.258484
8.185713
6.596984
6.258400
7.346280
9.472164
11.083754
10.631525
8.607349
6.893159
6.498496
7.351221
9.073195
10.498516
10.166178
8.440664
7.139283
6.848392
7.072807
8.119908
9.814867
10.135612
8.232580
6.345820
6.276768
7.209934
8.411732
10.038528
10.937925
9.902327
8.295538
7.840693
8.146569
8.932400
10.735447
12.062170
10.818920
8.497842
7.817984
8.216620
8.458461
9.695662
11.793030
12.000921
10.098026
8.841126
8.658126
8.217453
8.557353
10.419502
11.117500
9.337376
7.896730
8.213694
8.420855
8.433278
9.764502
10.776709
9.147915
6.894701
6.902278
8.168800
9.014437
10.062254
11.082268
10.329584
8.398638
7.685414
8.393314
9.255337
10.186565
10.989540
10.504976
9.110399
8.622177
9.140442
9.467642
9.776340
10.506338
10.487589
9.049616
7.659170
7.519714
8.107382
8.883347
9.785532
10.141832
9.456169
8.426765
7.684924
7.222367
7.566018
8.957466
9.689775
8.299801
6.341131
5.978196
6.761860
7.465247
8.328075
9.252933
9.054411
7.984992
7.663273
8.176742
8.493949
8.808186
9.496460
9.635414
8.811942
7.966997
7.462054
7.084677
7.424129
8.429099
8.553889
7.606135
7.277114
7.691737
7.555330
7.460215
8.457230
9.087672
8.146686
7.224875
7.232450
6.852174
6.200839
6.753440
7.624643
7.235980
6.764650
7.322044
7.440040
6.714199
6.861730
7.522065
6.777609
5.563385
5.857003
6.607137
6.349308
6.246409
6.993466
7.179469
6.526684
6.180579
5.929005
5.253050
5.240640
6.167670
6.217851
4.768917
3.527955
3.494364
3.930881
4.165366
4.091665
3.741933
11.255072
10.248770
8.171557
6.594954
6.254228
7.331145
9.465122
11.083281
10.619392
8.594978
6.892578
6.491753
7.336033
9.068752
10.496685
10.152184
8.430662
7.139277
6.838967
7.058500
8.117671
9.810959
10.120543
8.225239
6.345446
6.264883
7.197331
8.411030
10.032084
10.922697
9.897610
8.293898
7.826870
8.136285
8.932375
10.726316
12.047722
10.816465
8.494193
7.802990
8.208980
8.458173
9.684029
11.780203
12.000088
10.091875
8.825870
8.653130
8.215994
8.543711
10.408937
11.117447
9.328539
7.882151
8.211016
8.417458
8.418370
9.756561
10.776497
9.136541
6.881658
6.901303
8.162943
8.999161
10.056974
11.080980
10.316133
8.387798
7.685320
8.384775
9.240637
10.183655
10.986391
10.490168
9.102160
8.622030
9.129332
9.454390
9.775213
10.500771
10.472307
9.044048
7.658044
7.506462
8.096272
8.883200
9.777292
10.127024
9.453020
8.423855
7.670224
7.213828
7.565924
8.946627
9.676324
8.298513
6.335851
5.962921
6.756002
7.464272
8.315031
9.241559
9.054199
7.977052
7.648366
8.173345
8.491271
8.793606
9.487623
9.635361
8.801377
7.953356
7.460594
7.079681
7.408872
8.422948
8.553056
7.593308
7.265481
7.691450
7.547689
7.445220
8.453581
9.085217
8.132237
7.215744
7.232426
6.841889
6.187017
6.751800
7.619926
7.220751
6.758204
7.321342
7.427437
6.702313
6.861355
7.514724
6.762539
5.559478
5.854765
6.592830
6.339884
6.246403
6.983464
7.165476
6.524853
6.176137
5.913817
5.246307
5.240058
6.155299
6.205719
4.768444
3.520914
3.479229
3.926709
4.163336
4.077510
3.732218
11.255072
10.372021
8.346500
6.616636
6.313196
7.521729
9.542009
11.094559
10.782459
8.735529
6.894413
6.596638
7.519806
9.103676
10.539137
10.339115
8.526184
7.143390
6.987558
7.214620
8.124943
9.897118
10.309752
8.275733
6.373424
6.444647
7.311489
8.411490
10.164160
11.092058
9.913708
8.361691
8.017914
8.204078
8.948473
10.895678
12.179798
10.816925
8.608350
7.982756
8.236957
8.508666
9.873238
11.866362
12.007359
10.247995
8.974463
8.657242
8.311516
8.730646
10.451389
11.152370
9.512312
7.987036
8.212851
8.558008
8.581436
9.767839
10.853384
9.327126
6.940626
6.922985
8.337889
9.122412
10.056974
11.204231
10.491079
8.409481
7.744288
8.575359
9.317524
10.194933
11.149458
10.630718
9.103994
8.726915
9.313105
9.489313
9.817665
10.687702
10.567829
9.048161
7.806634
7.662583
8.103542
8.969358
9.966501
10.177517
9.480997
8.603621
7.784382
7.214287
7.698000
9.115988
9.692422
8.366306
6.526895
6.030714
6.772100
7.633635
8.447107
9.242019
9.168356
8.156816
7.676344
8.223838
8.680480
8.879765
9.494894
9.791481
8.949969
7.957466
7.556116
7.266612
7.451324
8.457871
8.736829
7.698194
7.267316
7.832000
7.710756
7.456500
8.530468
9.275802
8.191205
7.237425
7.407369
6.965140
6.187017
6.875051
7.794872
7.242433
6.817172
7.511929
7.504322
6.713593
7.024421
7.655275
6.764374
5.664363
6.038538
6.627753
6.382337
6.433333
7.078986
7.169588
6.673444
6.332257
5.921088
5.332466
5.429267
6.205792
6.233697
4.948209
3.635072
3.479689
4.058785
4.332698
4.093608
3.800011
11.255072
10.441923
8.443102
6.626833
6.350094
7.628530
9.578907
11.104757
10.879061
8.805431
6.894412
6.666540
7.616409
9.113874
10.576035
10.445915
8.563082
7.153587
7.084161
7.284522
8.124943
9.967020
10.406353
8.285931
6.410322
6.551448
7.348388
8.421689
10.260761
11.161961
9.913708
8.431593
8.114516
8.214276
8.985371
11.002478
12.216696
10.827124
8.704952
8.052658
8.236957
8.578568
9.969839
11.876560
12.044256
10.354795
9.011359
8.667441
8.408117
8.800549
10.451389
11.222273
9.608913
7.997234
8.249748
8.664806
8.618334
9.778038
10.949986
9.397028
6.940625
6.992887
8.434490
9.132610
10.093872
11.311031
10.527977
8.419679
7.840890
8.645262
9.317524
10.264835
11.246059
10.640917
9.140892
8.833716
9.350002
9.499512
9.914267
10.757605
10.567829
9.118063
7.903238
7.672781
8.140440
9.076159
10.003399
10.187716
9.577599
8.673523
7.784381
7.284189
7.794602
9.126186
9.729320
8.473106
6.563794
6.040911
6.868703
7.703536
8.447107
9.311921
9.264957
8.167016
7.713243
8.330637
8.717378
8.889963
9.591496
9.861383
8.949969
8.027369
7.652721
7.276809
7.488223
8.564672
8.773726
7.708391
7.363919
7.901901
7.710754
7.526401
8.627069
9.286000
8.228103
7.344226
7.444270
6.975338
6.283620
6.944952
7.794871
7.312335
6.913774
7.522126
7.541221
6.820394
7.061319
7.665473
6.860976
5.734264
6.038537
6.697655
6.478939
6.443531
7.115884
7.276389
6.710342
6.342455
6.017691
5.402368
5.429266
6.275694
6.330299
4.958406
3.671970
3.586490
4.095684
4.342896
4.190210
3.869912
11.255072
10.345247
8.313097
6.615345
6.294275
7.483243
9.536575
11.084431
10.741360
8.722635
6.893013
6.556900
7.496297
9.108866
10.506075
10.303413
8.533066
7.122406
6.941257
7.215990
8.119400
9.845831
10.297953
8.284798
6.326112
6.414408
7.329041
8.378053
10.115347
11.107529
9.901436
8.300714
8.019195
8.214263
8.887348
10.873369
12.205965
10.769911
8.559817
8.011618
8.215629
8.440230
9.888462
11.874868
11.933390
10.235781
9.006860
8.596053
8.266043
8.771681
10.419027
11.078995
9.541807
7.991133
8.127501
8.557662
8.617437
9.692417
10.813633
9.378643
6.895672
6.847375
8.381438
9.119534
9.962141
11.217073
10.527922
8.320320
7.712700
8.635268
9.258911
10.119884
11.206301
10.618568
9.001945
8.753759
9.347990
9.387434
9.796366
10.753586
10.495010
8.976444
7.875500
7.639222
7.996815
9.010477
9.996710
10.064426
9.471720
8.672836
7.697357
7.148547
7.777155
9.079908
9.583737
8.421427
6.549887
5.908351
6.776118
7.703413
8.346422
9.184669
9.255672
8.106999
7.568501
8.292144
8.693988
8.750427
9.512964
9.859024
8.836694
7.910603
7.649156
7.202561
7.347085
8.538049
8.738955
7.564445
7.299659
7.894602
7.586445
7.421803
8.626566
9.197576
8.093197
7.327697
7.396654
6.829713
6.233303
6.930194
7.661505
7.221129
6.913550
7.420124
7.414931
6.811796
6.999892
7.520969
6.823738
5.709816
5.898442
6.620549
6.476206
6.329075
7.000264
7.273254
6.634665
6.201826
5.992165
5.366370
5.285028
6.212852
6.322363
4.833096
3.568665
3.586140
4.005866
4.208747
4.174578
3.820952
11.255072
10.265350
8.208611
6.607777
6.244207
7.365677
9.508234
11.061823
10.625559
8.665613
6.888495
6.457258
7.409998
9.108456
10.432867
10.194710
8.521730
7.079165
6.822733
7.181486
8.102016
9.732576
10.233942
8.282570
6.231872
6.322080
7.327403
8.311723
10.003109
11.091761
9.864798
8.182055
7.978183
8.201522
8.777388
10.802437
12.205235
10.681557
8.461918
8.007950
8.156276
8.325192
9.867657
11.844517
11.815414
10.188007
8.998116
8.490088
8.188349
8.771635
10.336960
10.976057
9.535339
7.938757
8.010433
8.531282
8.592972
9.575939
10.758938
9.373192
6.794350
6.763173
8.381256
9.044069
9.854771
11.207071
10.482424
8.202024
7.680293
8.616206
9.144722
10.058201
11.203396
10.522470
8.911580
8.752622
9.279352
9.276295
9.782146
10.714777
10.376305
8.937635
7.861281
7.528083
7.928177
9.009338
9.906345
9.968328
9.468815
8.611153
7.583168
7.129483
7.744748
8.961613
9.538239
8.411425
6.442516
5.832887
6.775936
7.619211
8.245101
9.179217
9.200977
7.990520
7.544035
8.265765
8.576921
8.698051
9.506496
9.756086
8.754626
7.910555
7.571463
7.096596
7.338340
8.490275
8.620980
7.534094
7.278854
7.779563
7.527092
7.418135
8.528666
9.109221
8.092465
7.256765
7.286695
6.816972
6.192291
6.811533
7.624866
7.205362
6.801312
7.353795
7.413290
6.719468
6.905652
7.518741
6.759728
5.596561
5.881059
6.586045
6.357682
6.285833
6.988929
7.164552
6.561456
6.201416
5.905866
5.266728
5.280510
6.155829
6.206561
4.810489
3.540325
3.468574
3.955798
4.201180
4.070092
3.741056
11.255072
10.264763
8.207864
6.607733
6.243809
7.364834
9.508070
11.061609
10.624702
8.665274
6.888422
6.456473
7.409467
9.108452
10.432226
10.194006
8.521709
7.078708
6.821911
7.181365
8.101749
9.731714
10.233660
8.282461
6.231057
6.321607
7.327387
8.311032
10.002453
11.091753
9.864283
8.181262
7.978101
8.201200
8.776529
10.802208
12.205084
10.680719
8.461504
8.007914
8.155540
8.324588
9.867657
11.843945
11.814655
10.187956
8.997736
8.489239
8.188171
8.771437
10.336105
10.975702
9.535276
7.937983
8.009886
8.531281
8.592344
9.575222
10.758911
9.372753
6.793521
6.763041
8.381006
9.043209
9.854473
11.206974
10.481617
8.201533
7.680281
8.615529
9.144053
10.058191
11.202898
10.521667
8.911487
8.752316
9.278492
9.276052
9.782007
10.713945
10.375874
8.937605
7.860558
7.527464
7.928175
9.008781
9.905577
9.968269
9.468451
8.610300
7.582976
7.129298
7.743898
8.961241
9.538184
8.410660
6.441951
5.832886
6.775325
7.618481
8.245069
9.178794
9.200142
7.990376
7.543799
8.264905
8.576606
8.697964
9.505697
9.755579
8.754619
7.909891
7.570778
7.096582
7.337859
8.489465
8.620877
7.533804
7.277993
7.779305
7.526965
7.417309
8.528217
9.109197
8.091754
7.256131
7.286692
6.816432
6.191512
6.811464
7.624519
7.204506
6.801106
7.353624
7.412444
6.719079
6.905604
7.517988
6.759149
5.596561
5.880463
6.585303
6.357642
6.285428
6.988088
7.164394
6.561235
6.200559
5.905535
5.266651
5.279720
6.155306
6.206555
4.809840
3.539627
3.468554
3.955334
4.200361
4.069978
3.740782
11.255072
10.109573
8.016262
6.599190
6.131571
7.148901
9.475197
10.992323
10.400227
8.595987
6.855549
6.240540
7.297229
9.099909
10.240623
10.038816
8.521709
6.923518
6.630308
7.172822
7.989511
9.515781
10.200787
8.213175
6.006581
6.252321
7.294512
8.095099
9.890215
11.083210
9.672680
8.026073
7.978101
8.046010
8.584927
10.793665
12.092846
10.464787
8.428630
7.938627
7.931064
8.255301
9.834784
11.628012
11.702417
10.179413
8.806133
8.334049
8.188171
8.616247
10.144503
10.967159
9.423038
7.722048
7.977013
8.461996
8.367868
9.505936
10.726038
9.156820
6.681283
6.754498
8.189404
8.888020
9.854473
11.051785
10.290014
8.192991
7.568043
8.399593
9.111179
9.988905
10.978422
10.452381
8.878613
8.536383
9.166254
9.267509
9.590405
10.558756
10.375874
8.782415
7.668954
7.518922
7.815938
8.792849
9.872704
9.898983
9.243975
8.541014
7.550103
6.913365
7.631660
8.952698
9.346581
8.255470
6.441951
5.677697
6.583722
7.609934
8.132831
8.962861
9.167269
7.921090
7.319324
8.195619
8.543733
8.482031
9.393459
9.747036
8.563016
7.754702
7.570778
6.941392
7.146256
8.480922
8.508639
7.317871
7.245120
7.710020
7.302489
7.348023
8.495344
8.893264
7.979516
7.247588
7.095089
6.661243
6.191512
6.656275
7.432916
7.195963
6.688868
7.137690
7.379573
6.649793
6.681129
7.448701
6.726275
5.380629
5.768225
6.576760
6.166039
6.130239
6.988089
7.009204
6.369633
6.192016
5.793297
5.050718
5.246847
6.086020
5.982080
4.740554
3.506754
3.252622
3.843096
4.191818
3.878375
3.585593
11.255072
10.046366
7.940511
6.596700
6.082907
7.063980
9.465509
10.958593
10.310534
8.575191
6.835495
6.150994
7.262640
9.090763
10.156128
9.989269
8.519501
6.848420
6.566292
7.172815
7.927118
9.439383
10.197998
8.165394
5.921250
6.242078
7.261636
8.005280
9.868668
11.063889
9.583298
7.990620
7.969483
7.961955
8.534498
10.791723
12.018415
10.399969
8.428596
7.877056
7.854032
8.252198
9.787888
11.542286
11.691607
10.147388
8.716197
8.311743
8.169571
8.527046
10.108183
10.959055
9.339439
7.670743
7.975319
8.388244
8.302258
9.505857
10.665295
9.079168
6.677849
6.708488
8.103300
8.876627
9.823294
10.961754
10.266939
8.175102
7.479041
8.362403
9.103575
9.905777
10.926239
10.450920
8.805552
8.469988
9.166115
9.207602
9.512144
10.554976
10.330750
8.695948
7.656968
7.488582
7.725827
8.768995
9.855516
9.810196
9.205910
8.533894
7.467460
6.860308
7.630415
8.880339
9.279408
8.255253
6.382883
5.598841
6.579577
7.565696
8.046018
8.950265
9.137764
7.830919
7.294685
8.179123
8.455178
8.443089
9.386810
9.664892
8.509088
7.753654
7.499131
6.873451
7.145944
8.422698
8.429202
7.313347
7.201767
7.622874
7.289273
7.319346
8.405130
8.867833
7.963698
7.159282
7.055269
6.655050
6.109881
6.601480
7.432050
7.125038
6.620166
7.137266
7.322199
6.569787
6.676211
7.406234
6.638816
5.366780
5.740369
6.486520
6.139808
6.115088
6.900048
6.968503
6.363880
6.110912
5.737638
5.050016
5.176653
6.016567
5.981524
4.684036
3.426192
3.247294
3.801512
4.104060
3.863882
3.558552
11.255072
10.080000
7.979615
6.597591
6.110324
7.107401
9.469004
10.979515
10.356791
8.582808
6.850132
6.198392
7.275585
9.099794
10.202888
10.008352
8.524029
6.892814
6.591860
7.174281
7.967590
9.471296
10.198071
8.200687
5.958894
6.242534
7.290877
8.047603
9.871252
11.086666
9.628910
7.996917
7.985866
8.009208
8.545818
10.802259
12.065540
10.417242
8.434277
7.922295
7.877740
8.254376
9.829624
11.572430
11.691898
10.184269
8.752295
8.311907
8.200605
8.568165
10.109987
10.983694
9.384272
7.675833
7.993492
8.435205
8.312032
9.517981
10.712639
9.094671
6.684793
6.754438
8.125149
8.879650
9.866182
10.990088
10.267595
8.213488
7.513513
8.362421
9.136356
9.945578
10.927399
10.477415
8.849475
8.473984
9.186115
9.254128
9.520454
10.568758
10.378166
8.709730
7.665277
7.535107
7.745828
8.772991
9.899439
9.836691
9.207069
8.573694
7.500241
6.860326
7.664887
8.918724
9.280065
8.283587
6.425771
5.601864
6.601426
7.611648
8.052963
8.965768
9.185108
7.843042
7.304459
8.226084
8.473351
8.448179
9.431643
9.689531
8.510892
7.794773
7.530165
6.873615
7.182040
8.459579
8.429494
7.343491
7.243504
7.625052
7.312981
7.364585
8.410810
8.885106
8.010823
7.169819
7.066590
6.702302
6.126264
6.607780
7.477662
7.147815
6.622751
7.179593
7.351442
6.570243
6.713855
7.441527
6.638889
5.398694
5.780842
6.487986
6.165376
6.159482
6.904576
6.987586
6.410642
6.119943
5.750584
5.097415
5.191289
6.024182
6.027781
4.704958
3.429686
3.290715
3.828929
4.104951
3.902987
3.592186
11.255072
10.103540
8.006149
6.597970
6.130538
7.136457
9.470509
10.996225
10.387781
8.586128
6.863322
6.230638
7.281329
9.109615
10.235653
10.017015
8.530783
6.925335
6.603799
7.178418
7.999118
9.486719
10.200159
8.230520
5.977845
6.243239
7.318391
8.069964
9.871302
11.111341
9.654404
7.997070
8.007318
8.037410
8.546831
10.820253
12.095901
10.419827
8.448737
7.954166
7.882539
8.265395
9.862288
11.579981
11.699722
10.216967
8.763009
8.316936
8.232579
8.582308
10.112749
11.014221
9.401945
7.676960
8.021915
8.456350
8.312232
9.543739
10.737034
9.094698
6.707452
6.781713
8.125762
8.898920
9.895828
10.992022
10.283340
8.244890
7.517439
8.374670
9.168818
9.952074
10.936346
10.510189
8.859002
8.479975
9.218439
9.267004
9.523972
10.599892
10.394554
8.711372
7.694537
7.555007
7.746281
8.799776
9.922688
9.836693
9.230898
8.599974
7.500553
6.880852
7.693737
8.920097
9.297095
8.314428
6.428900
5.615371
6.633588
7.617148
8.063080
8.998517
9.193489
7.850060
7.337033
8.237715
8.477704
8.479828
9.446745
9.691780
8.540906
7.813406
7.530966
6.901362
7.204100
8.459657
8.454446
7.368715
7.243617
7.646810
7.340958
7.365489
8.429125
8.915298
8.013238
7.184601
7.098354
6.706876
6.137588
6.640402
7.484945
7.155916
6.655477
7.190008
7.356705
6.602314
6.727679
7.444469
6.669577
5.416047
5.782088
6.516624
6.186213
6.159737
6.930597
7.011700
6.410653
6.142899
5.777616
5.097945
5.210875
6.053638
6.029566
4.721025
3.460957
3.294435
3.841491
4.137347
3.909229
3.601422
11.255072
10.089272
7.990568
6.597849
6.117692
7.119705
9.470028
10.984877
10.370029
8.585058
6.853508
6.212081
7.279454
9.101337
10.216507
10.014141
8.524002
6.905829
6.599753
7.173059
7.979492
9.481361
10.196114
8.211016
5.971065
6.240365
7.299244
8.061687
9.869427
11.092785
9.644590
7.996000
7.989566
8.026061
8.546350
10.803501
12.083055
10.419704
8.433156
7.939898
7.882539
8.251126
9.846706
11.579859
11.686876
10.200214
8.762529
8.305588
8.214828
8.581238
10.102936
10.995665
9.400070
7.668682
8.002769
8.453476
8.305451
9.524235
10.732988
9.089340
6.687827
6.776354
8.121717
8.879416
9.889048
10.989147
10.264194
8.236612
7.515564
8.356113
9.159004
9.951004
10.918594
10.498840
8.858521
8.463223
9.205593
9.266882
9.508390
10.585623
10.394554
8.697104
7.678955
7.554885
7.733435
8.783024
9.922207
9.825344
9.213146
8.598904
7.490740
6.862296
7.691862
8.911819
9.277949
8.311554
6.422120
5.595866
6.629542
7.611790
8.043453
8.993159
9.189444
7.830556
7.330253
8.234840
8.458558
8.471550
9.444870
9.673223
8.531093
7.812336
7.513215
6.890013
7.203619
8.442904
8.441600
7.368594
7.228035
7.632542
7.340957
7.351221
8.413544
8.915175
8.000392
7.167849
7.097873
6.695528
6.119836
6.639332
7.475132
7.137359
6.653602
7.181730
7.337559
6.599440
6.720899
7.424963
6.665531
5.410688
5.762463
6.511266
6.182167
6.140231
6.923816
7.008825
6.391507
6.134621
5.775741
5.079389
5.201061
6.052567
6.011814
4.709676
3.460477
3.277682
3.828645
4.137226
3.893648
3.587154
11.255072
9.958282
7.852087
6.597420
5.994601
6.974206
9.468317
10.870010
10.218058
8.581224
6.747118
6.054242
7.272677
9.003588
10.053463
10.003630
8.434978
6.738295
6.584750
7.092762
7.808222
9.461153
10.124458
8.036802
5.944990
6.177183
7.122910
8.029140
9.814470
10.915167
9.605026
7.948944
7.811519
7.979003
8.506787
10.625883
12.028099
10.387157
8.256821
7.876717
7.856463
8.076913
9.775051
11.559650
11.515606
10.119917
8.747525
8.138052
8.125804
8.570726
9.939892
10.897915
9.393293
7.510841
7.896378
8.449642
8.153477
9.409369
10.731277
8.943840
6.564735
6.775925
7.983233
8.748426
9.889048
10.858158
10.125711
8.236183
7.392472
8.210613
9.157293
9.836138
10.766623
10.495007
8.752130
8.305383
9.198816
9.169132
9.345346
10.575111
10.305531
8.529568
7.663952
7.474588
7.562166
8.762815
9.850552
9.651131
9.187071
8.535723
7.314404
6.829748
7.636905
8.734201
9.238385
8.264496
6.244073
5.548808
6.589977
7.434176
7.988496
8.960612
9.013107
7.767374
7.304178
8.060626
8.386903
8.451342
9.273600
9.592926
8.516089
7.644801
7.424191
6.879501
7.040576
8.345155
8.434823
7.210754
7.121644
7.628707
7.188984
7.236355
8.411833
8.769675
7.877301
7.167420
6.959391
6.564538
6.119835
6.508343
7.336649
7.136931
6.530510
7.036231
7.335848
6.484574
6.568926
7.421130
6.559140
5.252849
5.755686
6.413516
6.019123
6.129719
6.834793
6.841290
6.376504
6.054323
5.604470
5.059181
5.129405
5.878354
5.985740
4.646494
3.284140
3.245134
3.773689
3.959608
3.854083
3.540096
11.255072
9.881475
7.773533
6.597380
5.919581
6.893946
9.468157
10.796814
10.136135
8.580866
6.675777
5.970704
7.272041
8.934134
9.968359
10.002638
8.367439
6.651676
6.583324
7.027161
7.720142
9.459215
10.060818
7.947319
5.942465
6.115521
7.032082
8.025950
9.754803
10.823053
9.601099
7.891285
7.718181
7.974263
8.451144
10.531387
12.022474
10.333536
8.161231
7.870138
7.804868
7.980300
9.767448
11.510080
11.418039
10.111221
8.699977
8.039600
8.115951
8.525194
9.840628
10.886837
9.349770
7.410839
7.884016
8.408112
8.052809
9.395660
10.691727
8.842587
6.549623
6.738334
7.881470
8.731853
9.853395
10.755959
10.107624
8.202446
7.289917
8.190961
9.125443
9.733305
10.745354
10.465012
8.649098
8.282454
9.170645
9.065981
9.320709
10.548727
10.202339
8.503183
7.639316
7.371439
7.533995
8.739885
9.747520
9.621136
9.165802
8.432890
7.282552
6.810094
7.534351
8.700464
9.220298
8.162296
6.208421
5.532235
6.488212
7.396585
7.973384
8.859359
8.973557
7.753667
7.203512
8.019095
8.374541
8.351339
9.230076
9.581848
8.416825
7.599268
7.414337
6.781049
6.993028
8.336459
8.337256
7.161184
7.114041
7.532095
7.137389
7.229777
8.316244
8.716054
7.871676
7.072925
6.903747
6.559799
6.026498
6.450683
7.332721
7.044816
6.470844
7.033041
7.245019
6.422913
6.566401
7.331646
6.495500
5.250911
5.667606
6.347916
6.017697
6.043100
6.767253
6.840299
6.291400
5.984870
5.603834
4.975643
5.058064
5.877996
5.903817
4.573298
3.283981
3.164874
3.698669
3.959568
3.775529
3.463289
11.255072
9.801153
7.694119
6.597370
5.838360
6.815452
9.468117
10.714706
10.058569
8.580774
6.592792
5.894076
7.271878
8.850285
9.892677
10.002380
8.282736
6.576951
6.582954
6.941617
7.646381
9.458712
9.974445
7.874530
5.941809
6.028331
6.960271
8.025121
9.666811
10.752228
9.600075
7.802500
7.648349
7.973023
8.361586
10.462555
12.021000
10.243216
8.093403
7.868410
7.713799
7.913484
9.765446
11.418278
11.352240
10.108925
8.607457
7.974821
8.113339
8.431971
9.776873
10.883892
9.255857
7.348114
7.880718
8.313528
7.991117
9.391991
10.596485
8.781931
6.545562
6.642452
7.821854
8.727383
9.756891
10.697384
10.102724
8.105333
7.232385
8.185612
9.027740
9.676817
10.739540
10.366735
8.593657
8.276155
9.071812
9.011587
9.313908
10.449356
10.148993
8.495861
7.539423
7.319140
7.526134
8.639490
9.696268
9.612719
9.064922
8.382685
7.273563
6.708749
7.485187
8.690884
9.118505
8.114178
6.198233
5.430012
6.441135
7.385772
7.870753
8.813321
8.962105
7.650642
7.158511
8.006986
8.271146
8.307371
9.217295
9.478100
8.373887
7.585797
7.310255
6.739135
6.978856
8.232062
8.296363
7.146292
7.009350
7.492218
7.121764
7.124811
8.277378
8.699681
7.766458
7.035064
6.886612
6.454344
5.989636
6.432772
7.227053
7.008947
6.452143
6.927179
7.210136
6.403409
6.460363
7.297743
6.475180
5.144720
5.634675
6.326767
5.911374
6.011132
6.745265
6.733862
6.260387
5.962027
5.497305
4.945578
5.034356
5.771396
5.874689
4.548712
3.177329
3.136675
3.673197
3.852885
3.748249
3.436918
11.255072
9.801699
7.694640
6.597371
5.838930
6.815948
9.468121
10.715298
10.059038
8.580784
6.593404
5.894518
7.271894
8.850916
9.893091
10.002407
8.283384
6.577338
6.582994
6.942281
7.646740
9.458765
9.975124
7.874860
5.941877
6.029022
6.960573
8.025207
9.667511
10.752502
9.600180
7.803207
7.648597
7.973149
8.362299
10.462776
12.021147
10.243933
8.093599
7.868582
7.714517
7.913655
9.765642
11.418995
11.352386
10.109146
8.608171
7.974947
8.113587
8.432678
9.776978
10.884167
9.256557
7.348200
7.881021
8.314219
7.991185
9.392321
10.597164
8.781984
6.545921
6.643117
7.821892
8.727770
9.757540
10.697411
10.103138
8.105965
7.232402
8.186054
9.028353
9.676826
10.740009
10.367327
8.593661
8.276651
9.072382
9.011587
9.314428
10.449902
10.148993
8.496407
7.539944
7.319141
7.526704
8.639986
9.696272
9.613310
9.065392
8.382694
7.274176
6.709192
7.485204
8.691515
9.118918
8.114204
6.198882
5.430399
6.441175
7.386436
7.871112
8.813375
8.962784
7.650972
7.158580
8.007676
8.271449
8.307457
9.217995
9.478374
8.373992
7.586505
7.310503
6.739261
6.979569
8.232284
8.296510
7.147008
7.009546
7.492390
7.122481
7.124981
8.277575
8.700398
7.766604
7.035285
6.887326
6.454470
5.989884
6.433479
7.227158
7.009222
6.452843
6.927265
7.210439
6.404099
6.460432
7.298073
6.475858
5.144773
5.635034
6.327432
5.911413
6.011519
6.745913
6.733889
6.260802
5.962658
5.497322
4.946020
5.034968
5.771405
5.875158
4.549303
3.177333
3.137171
3.673766
3.852886
3.748771
3.437465
11.255072
9.846092
7.735559
6.597642
5.886505
6.853163
9.469204
10.765701
10.092394
8.583200
6.646229
5.923928
7.276145
8.905710
9.918545
10.008955
8.339659
6.598899
6.592257
6.999518
7.664545
9.471115
10.032787
7.889116
5.957625
6.086568
6.971560
8.044600
9.724400
10.760553
9.623396
7.858912
7.654105
8.000295
8.416308
10.466183
12.052252
10.295773
8.095382
7.903606
7.763755
7.914325
9.804468
11.465246
11.352476
10.151585
8.651107
7.974997
8.159385
8.472034
9.777533
10.933001
9.292133
7.349792
7.932516
8.345888
7.994328
9.446047
10.624874
8.787165
6.601411
6.666889
7.829556
8.784521
9.777470
10.707956
10.160624
8.122221
7.246175
8.243736
9.041172
9.694111
10.797340
10.377010
8.614675
8.333096
9.079292
9.036478
9.369465
10.454453
10.177835
8.549541
7.542594
7.351935
7.577478
8.641228
9.732944
9.661312
9.065746
8.423096
7.319043
6.709198
7.529117
8.732944
9.119119
8.161345
6.236638
5.431334
6.491198
7.420349
7.873306
8.865880
8.992760
7.654932
7.213122
8.033692
8.277640
8.363550
9.240105
9.487226
8.431123
7.604835
7.322392
6.796897
6.994318
8.247531
8.354106
7.158443
7.028406
7.549406
7.130929
7.147643
8.333477
8.706244
7.793185
7.089565
6.891003
6.485011
6.042062
6.435463
7.261628
7.058857
6.453640
6.965558
7.257138
6.404239
6.502370
7.341501
6.475880
5.190107
5.674914
6.327881
5.959835
6.047645
6.747324
6.785028
6.293036
5.965549
5.550757
4.974297
5.039829
5.826674
5.899489
4.556585
3.233936
3.157641
3.683877
3.910300
3.765538
3.450757
11.255072
9.847891
7.737157
6.597665
5.888478
6.854544
9.469292
10.767818
10.093550
8.583395
6.648452
5.924859
7.276483
8.907999
9.919258
10.009468
8.341970
6.599413
6.592971
7.001807
7.664884
9.472046
10.035011
7.889311
5.958781
6.088685
6.971648
8.045981
9.726372
10.760576
9.624994
7.860710
7.654105
8.002093
8.417907
10.466206
12.054224
10.297153
8.095469
7.905724
7.764911
7.914519
9.806692
11.466177
11.352816
10.153873
8.651820
7.975510
8.161696
8.472548
9.778246
10.935289
9.292473
7.350722
7.934740
8.346083
7.995484
9.448164
10.624962
8.788546
6.603384
6.666912
7.831154
8.786320
9.777470
10.709755
10.162222
8.122244
7.248148
8.245117
9.041260
9.696228
10.798496
10.377205
8.616899
8.334026
9.079632
9.038767
9.370178
10.454966
10.180147
8.550055
7.543308
7.354224
7.577818
8.642159
9.735168
9.661507
9.066902
8.425213
7.319132
6.710578
7.531089
8.732967
9.120717
8.163143
6.236638
5.433132
6.492796
7.420373
7.875278
8.867261
8.992847
7.657050
7.214278
8.033887
8.279864
8.364481
9.240444
9.489515
8.431836
7.605348
7.324704
6.797411
6.995032
8.249820
8.354445
7.159374
7.030629
7.549601
7.132084
7.149759
8.333565
8.707625
7.795157
7.089588
6.892601
6.486808
6.042062
6.437261
7.263226
7.058880
6.455614
6.966938
7.257227
6.406355
6.503526
7.341696
6.478103
5.191038
5.675253
6.330170
5.960548
6.048159
6.749635
6.785542
6.293749
5.967838
5.551096
4.975227
5.042052
5.826869
5.900645
4.558702
3.234025
3.159022
3.685850
3.910323
3.767137
3.452555
11.255072
9.786982
7.684993
6.596410
5.820260
6.811994
9.464352
10.694201
10.060860
8.572578
6.571694
5.901637
7.257979
8.830563
9.904497
9.981966
8.266363
6.591558
6.555740
6.930418
7.661936
9.424990
9.969955
7.888945
5.902436
6.031665
6.971379
7.981488
9.678574
10.757912
9.554022
7.822720
7.646705
7.926728
8.389674
10.452038
11.976841
10.277996
8.072942
7.828823
7.753560
7.882581
9.732748
11.460857
11.311024
10.085167
8.650365
7.924063
8.100167
8.472540
9.717964
10.882414
9.291403
7.283004
7.891434
8.341507
7.922205
9.414722
10.614666
8.711943
6.579463
6.649053
7.753681
8.770956
9.750692
10.633921
10.153902
8.085773
7.176355
8.241868
8.994947
9.630617
10.798019
10.321541
8.559213
8.333839
9.015713
8.990231
9.367783
10.384422
10.141396
8.543095
7.468198
7.325257
7.564233
8.564842
9.715351
9.639668
8.989876
8.413321
7.287939
6.636322
7.525379
8.691935
9.051534
8.161474
6.185911
5.370991
6.492766
7.360729
7.821696
8.866361
8.925640
7.612988
7.210054
7.960959
8.245667
8.354696
9.164011
9.464888
8.414615
7.527854
7.308730
6.771356
6.918983
8.241023
8.318734
7.087190
7.027070
7.504036
7.065931
7.149155
8.278589
8.649280
7.795037
7.026253
6.843331
6.484669
5.971959
6.397748
7.256695
6.984042
6.425909
6.953928
7.179993
6.385871
6.482368
7.264558
6.465655
5.160591
5.600699
6.324056
5.920276
5.978510
6.747739
6.735541
6.231007
5.967772
5.492097
4.920946
5.041307
5.760183
5.855831
4.554817
3.161463
3.124069
3.676565
3.834075
3.741797
3.435961
11.255072
9.821663
7.713585
6.597479
5.859774
6.833837
9.468523
10.736818
10.075953
8.581583
6.615380
5.910640
7.273072
8.873180
9.908669
10.003809
8.305878
6.592628
6.584333
6.965100
7.661936
9.459671
9.998549
7.890014
5.941951
6.053508
6.975551
8.024106
9.693666
10.766916
9.597708
7.831723
7.661798
7.969346
8.393846
10.473881
12.016356
10.279064
8.101535
7.863504
7.753560
7.917262
9.761341
11.461926
11.350538
10.107010
8.654536
7.966681
8.115260
8.481544
9.761650
10.891418
9.306496
7.325621
7.895605
8.363350
7.961719
9.415791
10.643259
8.746624
6.579463
6.683735
7.782274
8.772024
9.790207
10.655764
10.158073
8.128391
7.191448
8.250874
9.038633
9.639622
10.813112
10.364159
8.563384
8.355682
9.055227
8.991299
9.396376
10.419104
10.141396
8.577776
7.496791
7.326326
7.603749
8.586685
9.719522
9.682285
9.004969
8.422325
7.331627
6.645326
7.540472
8.734552
9.055705
8.183317
6.225425
5.372060
6.521359
7.395410
7.821697
8.901042
8.954233
7.614056
7.249569
7.982802
8.249839
8.397314
9.179104
9.473892
8.458301
7.536860
7.323822
6.813973
6.923154
8.262866
8.358249
7.088259
7.055663
7.538716
7.065931
7.183838
8.307182
8.650348
7.834552
7.048096
6.847502
6.527286
5.987052
6.406752
7.300381
6.993045
6.441001
6.996544
7.184165
6.407714
6.521882
7.265627
6.494248
5.195273
5.600699
6.358738
5.948869
5.979579
6.787254
6.757384
6.235178
6.010388
5.507190
4.929950
5.084993
5.769187
5.870924
4.597434
3.165634
3.145912
3.716080
3.835144
3.770391
3.470643
11.255072
9.683750
7.604239
6.591563
5.700440
6.756262
9.445673
10.566151
10.028994
8.533112
6.445024
5.888924
7.193816
8.714743
9.903353
9.892839
8.169321
6.592610
6.445085
6.857380
7.655388
9.299469
9.922653
7.866005
5.771002
6.008046
6.925554
7.854096
9.673059
10.685976
9.440193
7.826978
7.549216
7.834167
8.393778
10.333317
11.910275
10.271856
7.940492
7.789284
7.728370
7.746067
9.717360
11.410387
11.180906
10.087488
8.571908
7.810121
8.111051
8.367363
9.627865
10.891268
9.164637
7.221185
7.887705
8.201498
7.889169
9.389395
10.471848
8.704107
6.526371
6.514514
7.763809
8.687708
9.634624
10.652060
10.042301
7.996019
7.191182
8.107738
8.935850
9.630999
10.650478
10.293274
8.535760
8.184088
9.014160
8.936640
9.227596
10.401672
10.055391
8.423199
7.493563
7.208975
7.472807
8.586271
9.575138
9.581161
8.995594
8.258940
7.262401
6.616450
7.368730
8.694916
8.999469
8.015013
6.208999
5.284367
6.367815
7.392621
7.702784
8.771550
8.953636
7.468441
7.150111
7.972647
8.085731
8.329741
9.148954
9.302034
8.420077
7.479029
7.156024
6.798526
6.833773
8.110379
8.355872
6.967789
6.927635
7.537904
6.919112
7.086050
8.296215
8.485547
7.768624
7.016651
6.675560
6.490458
5.927625
6.239491
7.285886
6.901978
6.289600
6.994547
7.062154
6.281168
6.520823
7.117627
6.398135
5.183468
5.435238
6.294449
5.916109
5.807588
6.751802
6.696345
6.068486
5.996818
5.414437
4.779657
5.083341
5.645650
5.745875
4.596094
3.016475
3.051478
3.703405
3.669052
3.707731
3.436548
11.255072
9.595732
7.537185
6.586569
5.597639
6.712504
9.426617
10.457466
10.006584
8.493505
6.340436
5.881993
7.130949
8.623478
9.903185
9.808273
8.098158
6.589251
6.344369
6.809407
7.639466
9.191118
9.896694
7.830458
5.664936
5.998884
6.866925
7.759812
9.672390
10.605049
9.365026
7.824934
7.450872
7.781938
8.380753
10.225636
11.880592
10.240253
7.833266
7.777613
7.674006
7.649012
9.715858
11.333263
11.101862
10.086443
8.476208
7.753623
8.100671
8.260677
9.594305
10.863468
9.056580
7.206741
7.837606
8.101932
7.886510
9.316216
10.389080
8.703732
6.433567
6.453761
7.755797
8.582342
9.597061
10.627899
9.933743
7.978558
7.145323
8.005944
8.931711
9.561878
10.564161
10.293232
8.446090
8.119120
9.008236
8.832907
9.185925
10.380964
9.946665
8.402491
7.451891
7.105241
7.466883
8.521303
9.485468
9.581120
8.909277
8.189819
7.258262
6.514655
7.322872
8.677454
8.890910
7.990852
6.171435
5.179000
6.359804
7.331868
7.609979
8.771174
8.870869
7.395262
7.147451
7.873080
8.035632
8.315298
9.040897
9.274235
8.386518
7.372347
7.145640
6.742029
6.738072
8.109334
8.276828
6.890666
6.926133
7.440848
6.864749
7.074379
8.188990
8.453944
7.738942
6.908969
6.662535
6.438229
5.829281
6.237450
7.210718
6.821052
6.288930
6.900262
7.003526
6.272006
6.414757
7.082079
6.372177
5.075118
5.419315
6.246475
5.815393
5.804228
6.680642
6.611779
6.068318
5.905553
5.351570
4.772726
4.978752
5.606043
5.723466
4.487410
2.997418
3.007721
3.600604
3.664059
3.640677
3.348528
11.255072
9.454432
7.433865
6.576361
5.431310
6.651147
9.388195
10.284973
9.981262
8.415525
6.182096
5.878271
7.011409
8.496269
9.901524
9.654987
8.011703
6.569627
6.173120
6.763707
7.586095
9.021931
9.882124
7.735529
5.517348
5.998468
6.732438
7.648261
9.665810
10.442348
9.295439
7.793325
7.277964
7.750329
8.311165
10.062935
11.874012
10.128702
7.698779
7.777197
7.526420
7.554083
9.701288
11.164076
11.048492
10.040743
8.304959
7.733999
8.014216
8.107390
9.592644
10.736259
8.937040
7.203022
7.679268
8.023952
7.861190
9.143723
10.350658
8.642374
6.267238
6.443553
7.652476
8.441042
9.597061
10.486599
9.830421
7.968351
6.978994
7.944586
8.893290
9.389385
10.538839
10.215252
8.287751
8.115398
8.888697
8.705698
9.184263
10.227678
9.860210
8.382868
7.280643
7.059542
7.413514
8.352116
9.470898
9.486191
8.761690
8.189404
7.123776
6.403103
7.316289
8.514753
8.821322
7.959244
5.998525
5.147393
6.290216
7.169169
7.603396
8.659623
8.736382
7.394848
6.999863
7.778152
8.021062
8.146111
8.987528
9.228535
8.215270
7.352720
7.059186
6.588744
6.736412
7.982125
8.157289
6.886944
6.767793
7.362868
6.839428
6.901886
8.150568
8.392587
7.572614
6.898761
6.559214
6.296928
5.829282
6.096148
7.107398
6.810845
6.122602
6.838907
6.965104
6.099513
6.389436
7.004099
6.213838
5.071396
5.299776
6.119267
5.813733
5.650943
6.594187
6.592155
5.897070
5.859853
5.298201
4.603539
4.964183
5.511114
5.575878
4.486994
2.862932
2.896170
3.594024
3.501358
3.571090
3.316921
11.255072
9.547382
7.499033
6.584665
5.541257
6.685934
9.418964
10.396122
9.992025
8.476299
6.278296
5.878444
7.100885
8.565777
9.907665
9.763403
8.050642
6.596536
6.285132
6.777209
7.642447
9.121134
9.882818
7.821325
5.591115
6.002758
6.839004
7.691463
9.689039
10.554880
9.311945
7.845257
7.379905
7.751885
8.393101
10.140852
11.876770
10.233103
7.746316
7.796951
7.639125
7.573838
9.748825
11.268476
11.051250
10.118660
8.386895
7.735557
8.116158
8.159322
9.609150
10.848791
8.960270
7.246219
7.785831
8.028241
7.934958
9.229519
10.351353
8.741577
6.323591
6.457055
7.764487
8.467951
9.636000
10.595015
9.836563
8.037859
7.068470
7.944759
8.989489
9.450159
10.549603
10.326401
8.318521
8.150187
8.998644
8.714003
9.249432
10.320629
9.860210
8.475819
7.345812
7.067845
7.523460
8.386904
9.501667
9.597340
8.772453
8.250177
7.219976
6.403277
7.405764
8.584261
8.827464
8.067659
6.037464
5.174302
6.402228
7.182674
7.659749
8.758826
8.737076
7.480645
7.073629
7.782442
8.127625
8.189308
9.010757
9.341066
8.231776
7.404652
7.161129
6.590301
6.818347
8.060042
8.160047
6.991346
6.815330
7.382623
6.952134
6.921640
8.198105
8.496987
7.575373
6.976679
6.641150
6.298485
5.931225
6.148080
7.123903
6.923376
6.145832
6.882103
7.071667
6.103803
6.463202
7.089896
6.214531
5.170599
5.356129
6.132769
5.925745
5.677852
6.633123
6.700572
5.903212
5.929360
5.387676
4.603713
5.060383
5.571888
5.586640
4.598142
2.893701
2.930957
3.703971
3.509662
3.636258
3.409871
11.255072
9.565130
7.510950
6.586580
5.562292
6.691571
9.425938
10.416718
9.993187
8.489656
6.294885
5.878544
7.119658
8.576231
9.910498
9.784679
8.055038
6.604914
6.305101
6.777797
7.657193
9.136452
9.883219
7.840971
5.600111
6.006656
6.860323
7.694736
9.698866
10.574047
9.312149
7.861313
7.393866
7.752778
8.413450
10.148420
11.881863
10.254265
7.748606
7.808243
7.657331
7.573855
9.766092
11.281015
11.052822
10.139530
8.393094
7.741946
8.136966
8.160784
9.621895
10.865892
8.960302
7.264571
7.796915
8.030662
7.956154
9.234434
10.359121
8.761837
6.324402
6.471213
7.780363
8.468199
9.655291
10.604633
9.839989
8.059185
7.072207
7.953962
9.009020
9.450504
10.565107
10.340952
8.319179
8.170256
9.006819
8.718569
9.270687
10.323320
9.870874
8.494455
7.345884
7.084607
7.536613
8.388163
9.522337
9.604116
8.778276
8.271160
7.221772
6.415402
7.423354
8.584263
8.845366
8.079369
6.039500
5.195383
6.407681
7.189843
7.680266
8.759894
8.750635
7.497058
7.073760
7.801349
8.137870
8.192284
9.032053
9.345293
8.240359
7.424517
7.161651
6.605238
6.833477
8.060500
8.179803
7.000135
6.819392
7.403934
6.955257
6.931676
8.217144
8.497153
7.591608
6.990438
6.642129
6.318920
5.938593
6.153351
7.145027
6.925537
6.157332
6.900159
7.071674
6.121232
6.475534
7.091578
6.235459
5.176609
5.362712
6.153508
5.927104
5.690802
6.650056
6.700623
5.921707
5.940234
5.390231
4.624941
5.065122
5.579859
5.606807
4.598875
2.908056
2.946648
3.704265
3.529075
3.645669
3.413451
11.255072
9.663982
7.574451
6.599220
5.679331
6.717740
9.471073
10.526974
9.996069
8.573191
6.376300
5.882183
7.231005
8.619129
9.938614
9.901312
8.066284
6.670716
6.402225
6.777842
7.757709
9.197645
9.897326
7.958326
5.624382
6.054051
6.969408
7.696946
9.784479
10.653309
9.316631
7.973670
7.434552
7.782889
8.529587
10.158342
11.949955
10.349600
7.748789
7.910364
7.716212
7.589498
9.883675
11.303444
11.102493
10.247372
8.394721
7.829597
8.214044
8.166190
9.735176
10.904394
8.992453
7.380126
7.805592
8.101030
8.049647
9.234842
10.462778
8.818407
6.341648
6.588932
7.801003
8.520159
9.761808
10.605764
9.929636
8.134050
7.078625
8.068087
9.045368
9.484734
10.679989
10.348459
8.391807
8.261850
9.007544
8.823692
9.324949
10.342232
9.988638
8.513367
7.400145
7.189731
7.537339
8.479757
9.594965
9.611624
8.893158
8.305389
7.258121
6.529527
7.429771
8.659128
8.935014
8.080500
6.146019
5.247344
6.428322
7.307559
7.697515
8.816464
8.854292
7.497466
7.167253
7.871718
8.146546
8.307837
9.064203
9.383795
8.353641
7.429928
7.238729
6.692892
6.835103
8.168342
8.229474
7.022563
6.936974
7.419578
7.014139
7.033797
8.217325
8.592488
7.659699
7.000361
6.758267
6.349030
5.979279
6.265706
7.149508
7.004797
6.242946
6.902368
7.180762
6.168627
6.499805
7.208934
6.249566
5.237803
5.463230
6.153553
6.024227
5.756604
6.661300
6.817254
5.949822
5.983133
5.501577
4.628579
5.146537
5.663392
5.609688
4.709131
2.953192
2.972816
3.821304
3.541715
3.709170
3.512303
11.255072
9.734467
7.617715
6.609730
5.762463
6.732960
9.507811
10.601797
9.996580
8.638624
6.426052
5.888751
7.313117
8.639708
9.968943
9.979656
8.068321
6.730515
6.458263
6.781331
7.837801
9.224102
9.921526
8.039289
5.628919
6.107766
7.031380
7.698292
9.861605
10.686016
9.335133
8.056283
7.442502
7.830222
8.596991
10.158543
12.023241
10.388779
7.762158
7.993617
7.728404
7.630309
9.955875
11.303514
11.171160
10.293081
8.403658
7.912466
8.231204
8.200501
9.811420
10.905361
9.055834
7.432268
7.810900
8.182500
8.072377
9.262833
10.542215
8.821270
6.399209
6.647245
7.803577
8.599245
9.790573
10.627769
10.011333
8.139765
7.129973
8.132160
9.046167
9.560516
10.715107
10.364964
8.474778
8.271299
9.052439
8.892975
9.324980
10.413872
10.030268
8.524986
7.483376
7.203707
7.575703
8.553568
9.595253
9.678379
8.941299
8.312866
7.340581
6.548712
7.461683
8.736673
8.936576
8.141754
6.200512
5.251516
6.509009
7.332506
7.723212
8.896861
8.858114
7.552735
7.227782
7.873509
8.224498
8.338955
9.084082
9.466087
8.360656
7.478875
7.304829
6.693284
6.909425
8.205892
8.244067
7.105751
6.948034
7.462026
7.085206
7.033804
8.287214
8.636569
7.669675
7.083422
6.774124
6.384956
6.054588
6.266354
7.214266
7.055348
6.249080
6.984279
7.202049
6.198172
6.578528
7.211232
6.308625
5.294605
5.466398
6.233324
6.051448
5.780066
6.742523
6.822170
6.002752
6.045814
5.502727
4.705271
5.180045
5.681218
5.692435
4.717568
2.999715
3.040856
3.821432
3.614464
3.749166
3.525079
11.255072
9.725599
7.612521
6.608209
5.752076
6.731439
9.502617
10.592930
9.996580
8.629757
6.420858
5.887229
7.302729
8.638187
9.963749
9.970789
8.068321
6.721648
6.453070
6.779809
7.827414
9.222582
9.916332
8.030422
5.628919
6.098899
7.026186
7.696772
9.851217
10.684496
9.329939
8.047416
7.442502
7.821355
8.591797
10.157022
12.012854
10.387259
7.756965
7.984750
7.728404
7.621442
9.950682
11.301994
11.160772
10.291561
8.398464
7.903599
8.231204
8.191634
9.806227
10.903841
9.045446
7.430748
7.805706
8.173633
8.072377
9.253965
10.537022
8.819750
6.388821
6.645724
7.798384
8.590378
9.790573
10.618902
10.006140
8.138245
7.119586
8.130640
9.040974
9.551649
10.715107
10.356096
8.469584
8.269779
9.042051
8.891455
9.319786
10.405005
10.030268
8.516119
7.478182
7.202186
7.565316
8.552048
9.590059
9.669512
8.941299
8.303999
7.335387
6.547191
7.451296
8.735153
8.931382
8.132887
6.200512
5.242650
6.503816
7.330985
7.712825
8.895341
8.852921
7.543868
7.227783
7.864642
8.219304
8.337435
9.073694
9.464567
8.355462
7.470009
7.304829
6.684417
6.904232
8.204371
8.233680
7.104229
6.942840
7.453158
7.085206
7.024938
8.282021
8.635049
7.659286
7.081901
6.768930
6.376090
6.054588
6.257487
7.209073
7.053827
6.238693
6.982759
7.196856
6.189305
6.578528
7.202365
6.303432
5.293084
5.456011
6.231803
6.046254
5.771199
6.742524
6.813304
5.997559
6.044292
5.492339
4.703750
5.174851
5.672352
5.692435
4.708702
2.994521
3.039335
3.811045
3.612943
3.743972
3.516213
11.255072
9.730238
7.615111
6.609113
5.757458
6.732050
9.505629
10.597252
9.996613
8.634665
6.423027
5.888471
7.308046
8.638557
9.967176
9.974754
8.068453
6.726769
6.454832
6.781424
7.832600
9.222767
9.920156
8.034000
5.629211
6.104174
7.027564
7.698786
9.856211
10.684557
9.334131
8.050584
7.443015
7.826720
8.592823
10.159452
12.017599
10.387262
7.761489
7.987498
7.729194
7.626832
9.951397
11.304848
11.165218
10.291573
8.403276
7.905924
8.232314
8.196982
9.806681
10.907114
9.049551
7.430833
7.810753
8.175546
8.073848
9.259207
10.537268
8.823427
6.392548
6.645949
7.803608
8.591896
9.792435
10.623976
10.006241
8.142303
7.122910
8.131065
9.046312
9.552803
10.717381
10.360941
8.469602
8.274185
9.044958
8.892134
9.325174
10.405830
10.032963
8.520683
7.478184
7.206896
7.567799
8.553032
9.595432
9.670057
8.944416
8.308235
7.335438
6.552157
7.453362
8.736485
8.936671
8.133204
6.204041
5.246521
6.503982
7.336151
7.714488
8.897054
8.858065
7.544016
7.231701
7.868119
8.219647
8.342739
9.074980
9.466684
8.360398
7.470051
7.309109
6.687481
6.904809
8.209750
8.234624
7.106766
6.947515
7.453157
7.089807
7.027580
8.282887
8.640435
7.659931
7.084860
6.773294
6.376114
6.059464
6.259708
7.210269
7.059155
6.239089
6.986135
7.200868
6.189421
6.583626
7.204177
6.304997
5.298289
5.456215
6.235579
6.049882
5.771468
6.747783
6.814728
5.999522
6.049314
5.492413
4.707898
5.178073
5.672835
5.697793
4.709770
2.996899
3.044114
3.811052
3.617429
3.746773
3.516964
11.255072
9.685438
7.591308
6.599273
5.706114
6.727696
9.473768
10.558800
9.995348
8.585375
6.407080
5.871581
7.259200
8.637587
9.927849
9.943884
8.063519
6.675286
6.445777
6.756607
7.788503
9.222746
9.874683
8.011206
5.618563
6.053009
7.023756
7.665943
9.818653
10.682961
9.284435
8.035566
7.425166
7.778352
8.592110
10.119270
11.987726
10.381716
7.709908
7.979201
7.703362
7.583467
9.951317
11.258732
11.143429
10.280092
8.352327
7.902630
8.198501
8.160336
9.804714
10.857048
9.035446
7.412014
7.762897
8.175051
8.032834
9.230339
10.531078
8.771786
6.384982
6.619104
7.761002
8.591717
9.745707
10.603184
9.993906
8.091611
7.120094
8.096294
9.010595
9.550430
10.666983
10.347731
8.449800
8.226877
9.044640
8.850311
9.297316
10.398968
9.981300
8.513821
7.450325
7.165075
7.567480
8.505724
9.575630
9.656847
8.894018
8.305862
7.299722
6.517385
7.450546
8.685793
8.924336
8.112411
6.157312
5.246342
6.461374
7.309306
7.706923
8.845412
8.851875
7.515149
7.190687
7.867624
8.171792
8.323919
9.060875
9.416618
8.358432
7.433406
7.275296
6.684187
6.853861
8.198270
8.212834
7.060649
6.947435
7.409792
7.063976
7.019283
8.231304
8.634889
7.630058
7.044678
6.772580
6.327746
6.041615
6.244692
7.160573
7.057559
6.201531
6.953291
7.197061
6.138255
6.572977
7.181383
6.259524
5.298269
5.412119
6.210761
6.040827
5.719985
6.742852
6.783857
5.960195
6.048344
5.443566
4.691008
5.162127
5.623546
5.696528
4.671317
2.965038
3.039761
3.759708
3.607589
3.722968
3.472164
11.255072
9.720856
7.609193
6.607953
5.746089
6.730090
9.501051
10.586454
9.997559
8.625252
6.416088
5.889071
7.294878
8.637590
9.962999
9.962166
8.071873
6.715349
6.448361
6.783514
7.816525
9.224779
9.914457
8.020546
5.635660
6.088942
7.023773
7.700821
9.837330
10.690996
9.324579
8.038349
7.451695
7.806741
8.593971
10.158932
11.997404
10.398420
7.746089
7.979238
7.737960
7.602540
9.959038
11.298950
11.146416
10.306242
8.381081
7.904329
8.238044
8.170356
9.821028
10.893475
9.035509
7.446327
7.782370
8.182461
8.073119
9.233538
10.556847
8.800898
6.386525
6.658520
7.771366
8.607641
9.782370
10.603283
10.027931
8.111480
7.127199
8.136637
9.014011
9.575815
10.696451
10.349125
8.489081
8.237591
9.060177
8.887205
9.297457
10.432697
10.001568
8.520626
7.490719
7.168714
7.592478
8.535545
9.576883
9.695988
8.905085
8.321012
7.336841
6.517577
7.483976
8.706459
8.930846
8.152847
6.161183
5.270953
6.491545
7.310426
7.745914
8.856835
8.866642
7.552485
7.190937
7.900748
8.192855
8.330141
9.101347
9.420727
8.382653
7.463921
7.276289
6.723023
6.865644
8.212655
8.250382
7.060966
6.980249
7.431253
7.069912
7.059782
8.235657
8.658719
7.660915
7.045551
6.811252
6.339892
6.055620
6.282444
7.160963
7.090058
6.223388
6.958950
7.237579
6.142857
6.596415
7.212576
6.260286
5.336772
5.424631
6.224388
6.078777
5.720457
6.775030
6.806111
5.965580
6.088874
5.448422
4.714052
5.193654
5.624203
5.734854
4.684198
2.978291
3.077902
3.760269
3.639444
3.745618
3.477283
11.255072
9.690863
7.594819
6.599816
5.712846
6.728792
9.476278
10.565439
9.994305
8.591228
6.411096
5.870696
7.267826
8.637119
9.930780
9.951647
8.060099
6.683784
6.448151
6.755412
7.799487
9.218805
9.880590
8.018034
5.613357
6.065383
7.021915
7.667215
9.830305
10.675295
9.295494
8.038296
7.420872
7.793679
8.584667
10.126152
11.996569
10.372480
7.726386
7.975154
7.703883
7.598456
9.939335
11.273010
11.145580
10.273462
8.371777
7.891268
8.207221
8.170301
9.791943
10.877773
9.028484
7.412721
7.780512
8.158902
8.050817
9.231026
10.522980
8.794924
6.369486
6.630417
7.771156
8.576077
9.770596
10.592764
9.995712
8.111010
7.100146
8.118261
9.009020
9.541792
10.693197
10.328110
8.464309
8.236294
9.026936
8.879068
9.283083
10.402704
10.001568
8.490633
7.476346
7.160576
7.559237
8.534248
9.552111
9.674973
8.901831
8.286989
7.331849
6.499201
7.456924
8.705988
8.898627
8.142328
6.149410
5.239388
6.491334
7.282324
7.728875
8.850862
8.832775
7.549973
7.168633
7.877191
8.190997
8.296535
9.094322
9.405025
8.353568
7.463866
7.245467
6.709962
6.856341
8.179875
8.249547
7.035026
6.960545
7.427170
7.035837
7.055699
8.215954
8.632779
7.660080
7.012773
6.801949
6.326831
6.024798
6.282391
7.131877
7.074357
6.216364
6.925345
7.235722
6.119298
6.574111
7.210064
6.226420
5.330798
5.407593
6.196285
6.078567
5.688892
6.763257
6.795593
5.933361
6.088402
5.421370
4.695677
5.188663
5.590179
5.731599
4.663182
2.953518
3.076604
3.727027
3.631308
3.731245
3.447289
11.255072
9.634699
7.569322
6.583071
5.651903
6.727428
9.427002
10.530657
9.985027
8.528027
6.405758
5.829823
7.224024
8.633379
9.868034
9.940065
8.028421
6.632010
6.447543
6.695796
7.779934
9.196323
9.822575
8.017881
5.559279
6.036811
7.007835
7.605224
9.827894
10.628685
9.257637
8.031104
7.357519
7.786489
8.546810
10.079542
11.994158
10.310490
7.712309
7.946582
7.649806
7.598304
9.881319
11.250528
11.126026
10.213848
8.371167
7.839495
8.175544
8.158721
9.729197
10.874033
8.984684
7.371848
7.775173
8.095699
8.041539
9.196243
10.473703
8.793560
6.308543
6.613672
7.745659
8.519913
9.770596
10.536600
9.970215
8.094265
7.039203
8.116899
8.959743
9.507010
10.683920
10.264908
8.458970
8.195421
8.983135
8.875328
9.220337
10.391123
9.969891
8.438860
7.475737
7.100962
7.539682
8.511766
9.494095
9.674820
8.847754
8.258417
7.317770
6.437211
7.454512
8.659378
8.860770
8.135138
6.086054
5.232198
6.453477
7.235715
7.726462
8.788871
8.818697
7.521401
7.114556
7.877038
8.132981
8.274054
9.074768
9.345411
8.352960
7.412094
7.213789
6.698382
6.793594
8.176135
8.205747
6.994153
6.955207
7.363970
7.026559
7.020916
8.166677
8.631415
7.599136
6.996028
6.776452
6.270667
6.024799
6.226226
7.106380
7.057611
6.155421
6.923981
7.186445
6.084516
6.564834
7.146862
6.221083
5.289926
5.363792
6.192546
6.015820
5.677312
6.731579
6.743819
5.932754
6.028787
5.401815
4.673195
5.130646
5.590028
5.677522
4.634610
2.939440
3.014613
3.724616
3.584698
3.693388
3.440099
11.255072
9.741905
7.615355
6.617980
5.765455
6.728583
9.526049
10.588348
10.009781
8.645870
6.410330
5.919213
7.293468
8.649334
9.987946
9.950186
8.107027
6.712843
6.456392
6.815478
7.797523
9.263430
9.914000
8.021593
5.676437
6.063500
7.063173
7.706034
9.828634
10.741125
9.294706
8.074853
7.466147
7.786536
8.652519
10.127876
12.026945
10.425072
7.713966
8.043807
7.709855
7.621177
9.999758
11.256044
11.213337
10.285612
8.385557
7.959545
8.187013
8.235071
9.812225
10.881691
9.104042
7.391136
7.839933
8.189111
8.044478
9.312630
10.502377
8.846552
6.411052
6.614089
7.856906
8.559177
9.812088
10.646578
9.970402
8.198409
7.089858
8.147606
9.075270
9.509264
10.779264
10.327314
8.480021
8.314365
8.989681
8.960516
9.294403
10.404015
10.089989
8.451752
7.549803
7.186150
7.546229
8.630711
9.515146
9.737226
8.943098
8.260672
7.433295
6.467919
7.505167
8.763521
8.860957
8.245115
6.127548
5.271464
6.564726
7.236129
7.828973
8.841863
8.847370
7.637788
7.117496
7.970449
8.197742
8.293343
9.194126
9.353069
8.435988
7.488443
7.225257
6.818432
6.807982
8.247899
8.293057
6.999671
7.073645
7.386843
7.086608
7.118141
8.168337
8.745997
7.631926
7.044362
6.882162
6.270714
6.133429
6.269976
7.143449
7.170056
6.156161
7.024793
7.241783
6.111204
6.681991
7.150574
6.312507
5.357033
5.381381
6.312227
6.024669
5.758144
6.810184
6.753939
6.052666
6.044741
5.471258
4.762585
5.135218
5.707870
5.702275
4.692302
3.038487
3.015768
3.838168
3.619607
3.739419
3.547304
11.255072
9.782846
7.631950
6.632458
5.807656
6.728694
9.565556
10.607124
10.022219
8.689144
6.410769
5.957123
7.314460
8.659832
10.032095
9.951168
8.143196
6.736070
6.465070
6.860298
7.799258
9.297728
9.939457
8.028585
5.721715
6.066190
7.095490
7.733694
9.834093
10.786644
9.298546
8.105096
7.495965
7.790627
8.698059
10.133047
12.055042
10.456980
7.716872
8.089150
7.716527
7.647077
10.033667
11.257954
11.258266
10.293941
8.409231
7.995350
8.188127
8.279371
9.822350
10.903130
9.141615
7.391666
7.883400
8.201152
8.063694
9.351830
10.502535
8.888983
6.425115
6.631117
7.897574
8.559183
9.853296
10.662745
9.985296
8.240373
7.089929
8.187414
9.093605
9.522102
10.822340
10.327669
8.518264
8.334911
9.000559
9.004507
9.295259
10.440542
10.112768
8.460783
7.594506
7.187719
7.580910
8.655724
9.522463
9.782431
8.945581
8.293392
7.460519
6.473671
7.550656
8.767117
8.891622
8.274508
6.131898
5.317018
6.569617
7.264661
7.860467
8.844991
8.892771
7.644146
7.143839
8.003967
8.199834
8.338371
9.202112
9.377190
8.471423
7.489703
7.269701
6.828187
6.829867
8.285129
8.293687
7.043319
7.085294
7.406501
7.125494
7.118356
8.210991
8.759648
7.649387
7.084750
6.882180
6.312181
6.149169
6.285292
7.185169
7.170095
6.196261
7.042691
7.255026
6.154073
6.682273
7.189142
6.332609
5.368294
5.425205
6.312966
6.061550
5.780477
6.819575
6.798516
6.054074
6.079801
5.495825
4.770233
5.180338
5.710155
5.735396
4.719086
3.044540
3.061216
3.841526
3.650688
3.768381
3.551922
11.255072
9.659931
7.585000
6.585509
5.684741
6.728694
9.442640
10.560175
9.975269
8.566229
6.410769
5.834209
7.267511
8.612883
9.909180
9.951168
8.020281
6.689120
6.418120
6.737383
7.799257
9.174812
9.892508
7.981636
5.598801
6.066190
6.972576
7.686747
9.787144
10.663729
9.298546
7.982182
7.449014
7.743678
8.575144
10.133047
11.932127
10.410030
7.669922
7.966235
7.716527
7.524161
9.986717
11.211004
11.135351
10.293941
8.286318
7.948400
8.141179
8.156455
9.822350
10.780214
9.094666
7.344718
7.760485
8.201153
7.940776
9.304880
10.455585
8.766068
6.425115
6.508203
7.850626
8.512234
9.730381
10.662745
9.862381
8.193422
7.042979
8.064497
9.093605
9.399187
10.775391
10.280720
8.395349
8.334910
8.877644
8.957558
9.248310
10.317627
10.112768
8.337868
7.547557
7.140769
7.457994
8.655724
9.399548
9.735481
8.898632
8.170477
7.460519
6.350757
7.503707
8.720167
8.768706
8.274508
6.008984
5.270069
6.522668
7.141746
7.860466
8.722075
8.845821
7.597198
7.020925
8.003967
8.076919
8.291422
9.155163
9.254274
8.471423
7.366784
7.222752
6.781238
6.706953
8.285129
8.170772
6.996370
7.038345
7.283587
7.125495
6.995442
8.164042
8.712699
7.526474
7.084749
6.759265
6.265232
6.102220
6.162377
7.185170
7.047179
6.149312
6.995741
7.132112
6.154073
6.559359
7.142192
6.285660
5.245379
5.425205
6.190052
6.014601
5.733527
6.696660
6.798516
5.931160
6.032851
5.448875
4.647319
5.180338
5.587240
5.688447
4.672136
2.921626
3.061216
3.718612
3.603739
3.721432
3.429008
11.255072
9.605000
7.565269
6.562952
5.631620
6.728548
9.386137
10.543167
9.949814
8.515139
6.410188
5.776387
7.253102
8.584482
9.860323
9.949867
7.961407
6.677156
6.386760
6.690938
7.796959
9.115162
9.882814
7.947325
5.554925
6.062626
6.912435
7.679125
9.749924
10.622555
9.293459
7.921835
7.443250
7.703616
8.536777
10.126198
11.871868
10.405888
7.627114
7.930755
7.707688
7.464281
9.983944
11.165569
11.102808
10.282909
8.227097
7.946733
8.093266
8.126872
9.808939
10.721939
9.093832
7.294496
7.733856
8.185202
7.883713
9.304594
10.403252
8.742359
6.406487
6.452612
7.850601
8.457998
9.709530
10.641329
9.808508
8.193369
6.987074
8.046413
9.069315
9.347260
10.775019
10.223392
8.379916
8.307693
8.827869
8.956579
9.189823
10.304705
10.082592
8.290438
7.545691
7.081395
7.447415
8.622589
9.354628
9.732456
8.838652
8.162052
7.424457
6.308488
7.499259
8.659868
8.762227
8.235571
5.969483
5.263952
6.462339
7.136985
7.818744
8.685431
8.837803
7.537130
7.017635
7.959566
8.043195
8.281290
9.095644
9.252197
8.424481
7.336015
7.210312
6.722552
6.705819
8.235808
8.142962
6.981452
6.980765
7.283116
7.073981
6.970570
8.146498
8.656489
7.526381
7.031247
6.737280
6.244942
6.047631
6.162371
7.129903
7.028000
6.126180
6.943009
7.131902
6.097284
6.542882
7.116150
6.235001
5.244678
5.367150
6.176145
5.985609
5.685139
6.695185
6.739465
5.919665
6.000898
5.402932
4.644789
5.120566
5.577978
5.653550
4.628791
2.917778
3.001010
3.711381
3.565944
3.680811
3.423588
11.255072
9.486847
7.525442
6.511025
5.521491
6.727308
9.262024
10.514496
9.885302
8.414785
6.405277
5.648602
7.234206
8.507385
9.771124
9.938995
7.832382
6.666284
6.297560
6.613841
7.778063
8.987377
9.877903
7.846972
5.490413
6.033955
6.788322
7.677884
9.639795
10.570627
9.253633
7.803682
7.443249
7.585464
8.496952
10.074270
11.761740
10.404648
7.503002
7.902083
7.643176
7.363932
9.979033
11.037785
11.083912
10.205812
8.137898
7.935862
7.964240
8.116001
9.719740
10.644842
9.074936
7.166709
7.728945
8.084848
7.819201
9.275923
10.279139
8.741119
6.296358
6.400685
7.810776
8.339846
9.709530
10.523176
9.768682
8.141441
6.876945
8.045176
8.945202
9.318588
10.710506
10.123039
8.375005
8.179909
8.808973
8.879482
9.100624
10.293833
9.953568
8.279566
7.456492
7.004297
7.428521
8.494804
9.349716
9.632103
8.774139
8.133381
7.300343
6.307249
7.389130
8.607941
8.722402
8.117418
5.969483
5.145800
6.422515
7.085058
7.708615
8.684192
8.713690
7.508460
6.953123
7.859213
8.038283
8.153505
9.076748
9.175100
8.335282
7.325147
7.081288
6.711679
6.616619
8.158711
8.124066
6.853668
6.975853
7.182764
7.009469
6.941899
8.022385
8.655250
7.416254
6.979321
6.697456
6.126791
6.047631
6.044219
7.090079
6.976073
6.016051
6.941770
7.007789
6.068613
6.478370
7.015797
6.230089
5.116893
5.348255
6.099047
5.896409
5.674266
6.566158
6.728591
5.830465
5.923800
5.384037
4.517004
5.115655
5.477625
5.589038
4.600120
2.793665
2.999770
3.601252
3.514017
3.640986
3.305436
11.255072
9.574017
7.552950
6.551859
5.599538
6.729345
9.354883
10.530382
9.940022
8.481066
6.413251
5.743228
7.241179
8.575352
9.824003
9.956295
7.924702
6.667816
6.376997
6.652840
7.807272
9.073515
9.877939
7.935112
5.516249
6.076635
6.864936
7.680498
9.733124
10.585150
9.310183
7.868246
7.452287
7.680017
8.502985
10.143892
11.812769
10.423407
7.594712
7.903182
7.723952
7.401108
10.009972
11.122829
11.084057
10.294861
8.162095
7.980394
8.039371
8.119254
9.813465
10.658051
9.133299
7.229529
7.739103
8.179256
7.824357
9.347166
10.328314
8.761381
6.387391
6.401422
7.892840
8.375216
9.742226
10.607071
9.769011
8.231333
6.899539
8.091564
9.018808
9.322554
10.804560
10.134987
8.435166
8.240961
8.820311
8.973671
9.104971
10.366661
10.000885
8.301373
7.546781
7.004744
7.511818
8.528387
9.384190
9.714790
8.774721
8.224051
7.321372
6.355495
7.461172
8.612684
8.816709
8.128159
6.031422
5.205065
6.435086
7.178959
7.712217
8.758565
8.759150
7.531851
7.042601
7.859439
8.122760
8.185320
9.113020
9.256527
8.336192
7.416523
7.100792
6.761782
6.687057
8.164298
8.218556
6.863258
7.039548
7.240222
7.023328
7.035435
8.025309
8.731126
7.459859
7.004333
6.786058
6.126873
6.133229
6.074290
7.128165
7.056187
6.017358
7.033794
7.025813
6.120568
6.547169
7.022292
6.324688
5.125391
5.413680
6.154682
5.911607
5.767368
6.568472
6.805926
5.872221
5.950468
5.471700
4.517013
5.202315
5.505980
5.628953
4.678868
2.795441
3.092368
3.617839
3.567818
3.708114
3.312902
11.255072
9.562748
7.549629
6.546254
5.589880
6.728882
9.342794
10.528925
9.932060
8.473564
6.411469
5.731232
7.240880
8.565319
9.818872
9.952539
7.913698
6.667797
6.365496
6.649935
7.801189
9.064255
9.877275
7.922966
5.515086
6.068224
6.857902
7.678366
9.721256
10.584982
9.299799
7.863583
7.448083
7.669309
8.502909
10.132191
11.810261
10.416847
7.585868
7.902286
7.711787
7.400211
10.001127
11.116270
11.081549
10.283159
8.162019
7.969687
8.035167
8.114591
9.803082
10.657883
9.121431
7.227397
7.732069
8.170847
7.823195
9.335020
10.327650
8.752121
6.381308
6.398517
7.881339
8.375196
9.731222
10.603315
9.763880
8.221300
6.899240
8.079568
9.017027
9.315052
10.796598
10.133530
8.423078
8.240499
8.810654
8.968065
9.101650
10.355392
10.000885
8.290104
7.543460
6.999138
7.502161
8.527924
9.372101
9.713333
8.766760
8.216549
7.319590
6.343499
7.460873
8.602652
8.811578
8.124403
6.020420
5.205046
6.423585
7.176054
7.706135
8.749305
8.758486
7.519705
7.041438
7.851029
8.115726
8.183187
9.101152
9.256359
8.325809
7.411860
7.096590
6.751075
6.686982
8.152596
8.216048
6.856699
7.030704
7.239326
7.011163
7.034539
8.016464
8.724566
7.457351
6.992632
6.785983
6.116166
6.129026
6.069628
7.117782
7.056020
6.005492
7.031662
7.018779
6.112158
6.546006
7.010146
6.324024
5.116131
5.407598
6.151777
5.900105
5.767349
6.557470
6.802172
5.867090
5.940435
5.471401
4.505016
5.200533
5.498477
5.620991
4.677410
2.783351
3.091905
3.608181
3.562212
3.704792
3.301633
11.255072
9.585007
7.555740
6.557969
5.608074
6.730293
9.366684
10.530811
9.949434
8.486217
6.416780
5.753932
7.240918
8.587072
9.825819
9.963318
7.932671
6.668799
6.389312
6.652358
7.817711
9.077841
9.881828
7.946043
5.515234
6.089410
6.865715
7.688215
9.740967
10.585642
9.323467
7.866600
7.463726
7.683820
8.506748
10.155575
11.810591
10.437410
7.594575
7.911218
7.732186
7.400599
10.024578
11.119938
11.096287
10.298578
8.165195
7.993307
8.035752
8.134477
9.812700
10.665916
9.142467
7.227584
7.755230
8.175217
7.837014
9.351324
10.330215
8.775908
6.382218
6.417678
7.891885
8.382357
9.752838
10.603373
9.786680
8.226418
6.912127
8.096731
9.019041
9.338930
10.797901
10.151922
8.434558
8.246815
8.832792
8.968067
9.124025
10.361300
10.012835
8.308096
7.544984
7.023034
7.503922
8.545506
9.384520
9.718840
8.789356
8.216570
7.341475
6.350234
7.471884
8.621433
8.812676
8.148245
6.022702
5.221784
6.436939
7.180792
7.729124
8.749417
8.779819
7.527300
7.051518
7.870559
8.116464
8.206900
9.104015
9.272224
8.340089
7.415874
7.119903
6.751354
6.707706
8.161077
8.225209
6.876930
7.031154
7.262836
7.014663
7.049506
8.031656
8.727902
7.480919
6.993147
6.806043
6.125555
6.137283
6.090509
7.118012
7.079259
6.009681
7.045712
7.034864
6.114871
6.569757
7.010968
6.343371
5.126443
5.414974
6.173254
5.900188
5.790246
6.562396
6.815292
5.884043
5.942582
5.495263
4.506215
5.219121
5.509723
5.627516
4.699424
2.783361
3.114392
3.613887
3.574396
3.722580
3.303273
11.255072
9.694096
7.583561
6.618514
5.692781
6.740111
9.483021
10.536161
10.041935
8.537628
6.452743
5.857942
7.241634
8.699987
9.846241
10.032942
8.008932
6.684277
6.504219
6.654544
7.917164
9.120285
9.926487
8.043846
5.518085
6.204808
6.879671
7.766639
9.808338
10.607832
9.435549
7.867002
7.569116
7.717687
8.560436
10.246199
11.816940
10.553883
7.603161
7.997943
7.790444
7.430389
10.132509
11.119982
11.206453
10.324471
8.228023
8.075956
8.046878
8.250592
9.817135
10.760242
9.191612
7.265677
7.857788
8.176336
7.950681
9.370037
10.402073
8.849979
6.399281
6.532007
7.893494
8.483395
9.793093
10.650265
9.882774
8.230019
7.027926
8.109236
9.099594
9.404036
10.821917
10.263088
8.434737
8.353514
8.864601
9.024038
9.212723
10.368727
10.129351
8.315523
7.633681
7.079005
7.535731
8.652205
9.384699
9.830006
8.813372
8.281675
7.422029
6.362740
7.587683
8.625034
8.908771
8.195137
6.062957
5.322823
6.438548
7.295118
7.746186
8.823489
8.851677
7.546013
7.165184
7.871678
8.219022
8.244993
9.153160
9.366550
8.344523
7.531988
7.131029
6.834002
6.770535
8.186969
8.335376
6.876975
7.139083
7.292628
7.072921
7.136230
8.040241
8.844375
7.487272
7.083771
6.859730
6.159422
6.242674
6.090913
7.230093
7.101449
6.077053
7.124135
7.048822
6.230268
6.572608
7.108772
6.388029
5.168887
5.514427
6.175441
6.015096
5.805723
6.638656
6.884916
5.904465
6.055498
5.495980
4.610225
5.255084
5.561133
5.720017
4.704775
2.899698
3.124210
3.698594
3.634941
3.750398
3.412361
11.255072
9.664457
7.576560
6.601221
5.671006
6.736536
9.451826
10.535482
10.015051
8.526451
6.440067
5.832202
7.240434
8.668566
9.843586
10.009769
7.993183
6.675951
6.475376
6.654468
7.886866
9.114527
9.907665
8.023525
5.513471
6.173989
6.879368
7.738716
9.798616
10.593626
9.411051
7.865143
7.537617
7.715827
8.535938
10.231993
11.807219
10.525961
7.602858
7.967124
7.785830
7.410068
10.113688
11.114223
11.176155
10.324394
8.199180
8.067631
8.031129
8.227420
9.814480
10.728821
9.190413
7.239938
7.845112
8.165159
7.923797
9.369358
10.370878
8.846403
6.377506
6.514714
7.886494
8.453756
9.793093
10.620626
9.875774
8.212727
7.006151
8.105659
9.068399
9.403357
10.795033
10.251911
8.422061
8.327774
8.863401
8.992617
9.210068
10.345554
10.113602
8.307198
7.604838
7.078929
7.505433
8.646446
9.365877
9.809685
8.808758
8.250856
7.421726
6.334817
7.577962
8.610828
8.884273
8.193277
6.031460
5.320962
6.414050
7.280913
7.736465
8.795568
8.851374
7.515194
7.160570
7.851357
8.200200
8.239235
9.122862
9.366474
8.315681
7.523663
7.115280
6.810830
6.767880
8.155547
8.334176
6.851235
7.126407
7.281450
7.046037
7.135551
8.009047
8.840798
7.465497
7.066478
6.852730
6.129785
6.242673
6.061275
7.223094
7.084156
6.055277
7.120558
7.017626
6.229589
6.545724
7.097594
6.375353
5.143147
5.513227
6.144019
6.012441
5.782551
6.622907
6.876591
5.875622
6.055422
5.465682
4.604466
5.236262
5.540813
5.715404
4.673956
2.899395
3.096288
3.688871
3.620736
3.725900
3.410501
11.255072
9.644749
7.572265
6.589168
5.657363
6.733483
9.431492
10.535355
9.996197
8.520761
6.429645
5.817050
7.238445
8.647850
9.843077
9.991978
7.985983
6.667160
6.458829
6.653332
7.866022
9.113392
9.891117
8.014734
5.506269
6.156198
6.878858
7.718000
9.796627
10.578472
9.400629
7.859453
7.518764
7.715699
8.515604
10.228941
11.793575
10.513908
7.598562
7.947415
7.785830
7.390360
10.109392
11.102171
11.162512
10.321342
8.178845
8.067503
8.012275
8.221730
9.804058
10.713667
9.188423
7.219222
7.844603
8.147367
7.916596
9.360567
10.354330
8.845268
6.356662
6.513578
7.869946
8.444965
9.785892
10.602835
9.875265
8.192011
7.004161
8.090506
9.057978
9.397667
10.776178
10.251783
8.401727
8.324721
8.849758
8.980564
9.205772
10.325846
10.113602
8.287489
7.600543
7.066876
7.491789
8.643394
9.345543
9.809557
8.789904
8.245167
7.411304
6.319664
7.575972
8.590113
8.883763
8.175486
6.024259
5.312171
6.397503
7.279775
7.715621
8.794433
8.834826
7.506403
7.153369
7.833566
8.199691
8.218519
9.120872
9.351320
8.305259
7.517973
7.096426
6.810702
6.747547
8.152495
8.320533
6.839182
7.122111
7.261743
7.046037
7.115843
8.004751
8.828746
7.451853
7.063425
6.832397
6.129657
6.223820
6.055585
7.212672
7.069002
6.053287
7.099844
7.017118
6.211799
6.538523
7.088803
6.358806
5.142012
5.492384
6.142883
5.995893
5.773760
6.615706
6.858800
5.875112
6.034706
5.463692
4.589314
5.225841
5.535123
5.696550
4.673828
2.879061
3.093235
3.675229
3.608684
3.721603
3.390793
11.255072
9.748554
7.593079
6.655520
5.724761
6.753461
9.535755
10.535366
10.099524
8.542423
6.494947
5.885488
7.257600
8.752554
9.843119
10.094809
8.008507
6.731407
6.528302
6.671678
7.971146
9.113487
9.993433
8.038134
5.569459
6.226701
6.896409
7.823522
9.796797
10.680254
9.424913
7.921581
7.590291
7.732471
8.621510
10.229204
11.894806
10.539091
7.659625
8.019959
7.801835
7.496628
10.109772
11.202833
11.188604
10.381340
8.252398
8.082756
8.118884
8.222243
9.904133
10.740679
9.247353
7.293779
7.859119
8.254297
7.917268
9.460037
10.382273
8.903128
6.432214
6.527375
7.977178
8.445816
9.884741
10.631720
9.932053
8.268551
7.017253
8.198020
9.059029
9.495874
10.806013
10.307497
8.479245
8.337127
8.957531
8.981834
9.303326
10.356642
10.168243
8.365976
7.612273
7.174890
7.493300
8.740274
9.377308
9.863127
8.869352
8.256243
7.519536
6.321435
7.672162
8.622856
8.936259
8.255884
6.034695
5.420603
6.399555
7.375259
7.749355
8.845857
8.916166
7.516216
7.261978
7.835920
8.294457
8.253246
9.171227
9.433592
8.314467
7.626741
7.099100
6.904732
6.783276
8.201781
8.403724
6.847805
7.231018
7.264759
7.139317
7.152583
8.052971
8.912847
7.459906
7.172445
6.835775
6.222170
6.261577
6.102740
7.297671
7.076501
6.162402
7.103604
7.108849
6.250579
6.584617
7.174688
6.365773
5.251200
5.496544
6.233821
6.035704
5.818796
6.702466
6.865252
5.984352
6.039287
5.553820
4.630158
5.269822
5.622744
5.702506
4.783100
2.884080
3.182541
3.717115
3.651615
3.810073
3.396271
11.255072
9.765224
7.596140
6.666627
5.734863
6.757343
9.551939
10.535425
10.116568
8.544744
6.507026
5.894567
7.262370
8.768150
9.843359
10.112112
8.010174
6.744411
6.536352
6.677390
7.986059
9.114027
10.010878
8.039248
5.583330
6.233733
6.903105
7.837667
9.797749
10.697720
9.425577
7.936247
7.596328
7.740180
8.634809
10.230677
11.912170
10.539419
7.675004
8.025037
7.810571
7.509022
10.111864
11.219976
11.188711
10.397339
8.256570
8.092518
8.130319
8.225049
9.920940
10.740685
9.263872
7.297107
7.869894
8.264738
7.920869
9.476395
10.382299
8.920059
6.434772
6.539135
7.986598
8.450283
9.900545
10.631887
9.949284
8.270426
7.029955
8.206412
9.064421
9.511024
10.806440
10.324909
8.480533
8.350717
8.964899
8.988199
9.317736
10.357443
10.185715
8.366777
7.626683
7.181254
7.500669
8.753864
9.378595
9.880539
8.869780
8.271393
7.524929
6.329828
7.684863
8.624731
8.953490
8.256052
6.050498
5.425070
6.408977
7.387020
7.751913
8.862788
8.916193
7.532574
7.265579
7.846361
8.305232
8.256573
9.187746
9.433598
8.331275
7.629547
7.110535
6.914495
6.787447
8.217780
8.403831
6.864949
7.233109
7.277152
7.148052
7.157661
8.068350
8.913175
7.477271
7.173917
6.849075
6.229879
6.267612
6.117406
7.298335
7.093967
6.163353
7.117748
7.115544
6.257610
6.598488
7.175801
6.383219
5.251739
5.511457
6.239532
6.043754
5.831800
6.704133
6.882557
5.984592
6.054883
5.558589
4.639237
5.281901
5.625064
5.719550
4.783160
2.900265
3.186423
3.727218
3.662723
3.813135
3.412940
11.255072
9.620275
7.571843
6.566201
5.653285
6.717359
9.416891
10.532974
9.966211
8.532810
6.389357
5.832222
7.204384
8.646851
9.833715
9.961189
8.006472
6.612223
6.492378
6.600261
7.881468
9.092913
9.864265
8.039118
5.440287
6.206077
6.806929
7.751658
9.761629
10.560017
9.424124
7.786718
7.581882
7.626287
8.568056
10.176992
11.787399
10.531837
7.523775
8.019834
7.681439
7.460945
10.039190
11.111320
11.170588
10.249308
8.256048
7.951612
8.099137
8.133195
9.830540
10.708294
9.123732
7.296395
7.721447
8.247568
7.810884
9.405205
10.332838
8.791988
6.429015
6.387861
7.979649
8.324392
9.848276
10.563658
9.836679
8.255095
6.880757
8.205236
8.925880
9.476164
10.718964
10.230165
8.451720
8.208359
8.964666
8.841087
9.297640
10.251486
10.110071
8.321447
7.495492
7.177080
7.349614
8.744934
9.256121
9.823996
8.805969
8.154966
7.512181
6.179718
7.682775
8.488775
8.914807
8.172995
5.951479
5.399674
6.264637
7.387007
7.606381
8.839572
8.814367
7.452476
7.224277
7.712245
8.302392
8.105999
9.176600
9.314701
8.270389
7.570114
6.990430
6.904112
6.636684
8.214524
8.270667
6.822318
7.154496
7.173938
7.125897
7.011575
8.068293
8.769469
7.450754
7.076316
6.764540
6.192485
6.130772
6.115649
7.148501
7.080385
6.048186
7.052469
7.060434
6.133979
6.590244
7.024644
6.378544
5.121567
5.464762
6.165374
5.936440
5.812702
6.556547
6.882194
5.842950
6.024895
5.465286
4.550296
5.248283
5.485711
5.718619
4.634323
2.884026
3.075121
3.657509
3.611862
3.686144
3.406601
11.255072
9.505886
7.554427
6.483989
5.593827
6.680655
9.315390
10.528448
9.847296
8.528284
6.287856
5.795517
7.144927
8.564640
9.816301
9.846800
8.006472
6.497832
6.474964
6.518050
7.822010
9.056208
9.762764
8.034592
5.321371
6.201552
6.705427
7.714953
9.702171
10.477806
9.406710
7.672329
7.581882
7.511897
8.550642
10.094782
11.727942
10.495132
7.422275
8.015307
7.562524
7.456418
9.937689
11.074615
11.111130
10.167097
8.238633
7.837223
8.099139
8.018805
9.813126
10.626083
9.064274
7.259692
7.619946
8.243042
7.691968
9.400679
10.231337
8.755283
6.369557
6.305650
7.962234
8.210003
9.848276
10.449268
9.819265
8.172884
6.821300
8.168531
8.824379
9.471638
10.600048
10.225639
8.350219
8.171654
8.905209
8.758877
9.280226
10.137096
10.110071
8.207058
7.478078
7.094868
7.290156
8.708229
9.154619
9.819469
8.687054
8.150440
7.410680
6.143013
7.623318
8.406565
8.897393
8.058605
5.951479
5.285284
6.247223
7.304795
7.546924
8.802867
8.712866
7.447951
7.105361
7.707718
8.200891
8.069294
9.117142
9.232491
8.252975
7.455725
6.990429
6.789722
6.619270
8.132314
8.211209
6.785614
7.052993
7.169414
7.006982
7.007051
7.966791
8.732764
7.391296
6.994103
6.747126
6.078095
6.130772
6.001259
7.131087
6.998171
5.988728
7.015764
6.958932
6.129454
6.471329
7.020119
6.277042
5.084863
5.405304
6.083162
5.919026
5.698312
6.556547
6.767803
5.825536
5.942683
5.405828
4.513592
5.146782
5.481186
5.599704
4.629798
2.782525
3.038417
3.598051
3.529651
3.668730
3.292211
11.255072
9.516668
7.555910
6.492009
5.598972
6.684617
9.324429
10.529215
9.858393
8.528414
6.298081
5.797907
7.151813
8.570988
9.819157
9.856699
8.006744
6.508988
6.475476
6.527503
7.825457
9.061899
9.770279
8.036467
5.331928
6.201579
6.716384
7.716084
9.710670
10.482407
9.411203
7.680922
7.582948
7.522882
8.550680
10.105289
11.729898
10.502544
7.428077
8.018653
7.572055
7.456885
9.948851
11.074923
11.120958
10.170048
8.244872
7.844215
8.101439
8.029089
9.813232
10.637163
9.065096
7.268645
7.624012
8.248077
7.700086
9.402088
10.242157
8.755283
6.380298
6.307208
7.970156
8.215258
9.852133
10.458393
9.819977
8.183998
6.821453
8.178696
8.826860
9.478416
10.606504
10.228399
8.360187
8.171894
8.916357
8.759436
9.289598
10.140644
10.115654
8.214676
7.479871
7.105475
7.290174
8.719154
9.155817
9.827875
8.691763
8.154827
7.419364
6.144016
7.634329
8.406616
8.907847
8.060646
5.958787
5.291195
6.250468
7.314403
7.547349
8.814033
8.713211
7.457707
7.108410
7.713848
8.207990
8.071507
9.127485
9.232576
8.264033
7.456606
6.999293
6.793895
6.624197
8.140529
8.212546
6.796471
7.052996
7.180112
7.008616
7.014871
7.972155
8.736518
7.400505
6.994762
6.758254
6.078275
6.140871
6.003832
7.137759
7.004736
5.991394
7.025798
6.959141
6.140593
6.471937
7.029411
6.280693
5.090336
5.413023
6.084875
5.929680
5.698321
6.567440
6.769070
5.833847
5.947501
5.410108
4.522367
5.147722
5.492223
5.599772
4.640198
2.784650
3.045620
3.604072
3.532797
3.678412
3.292594
11.255072
9.569473
7.562438
6.532566
5.621954
6.706547
9.365908
10.535065
9.911549
8.528435
6.350496
5.805146
7.191426
8.595030
9.840042
9.899080
8.011948
6.562454
6.475561
6.579488
7.833437
9.100550
9.795385
8.056316
5.375186
6.206171
6.770120
7.716276
9.762190
10.491158
9.448874
7.707096
7.601773
7.566993
8.554695
10.159254
11.730234
10.553558
7.437628
8.055327
7.599299
7.474700
9.993788
11.078398
11.175112
10.170572
8.295345
7.854593
8.137103
8.057404
9.830051
10.682901
9.068066
7.322945
7.624765
8.297974
7.711316
9.436728
10.271540
8.771122
6.426807
6.309711
8.024561
8.216282
9.901419
10.470501
9.853580
8.214445
6.836329
8.225946
8.828936
9.532885
10.607838
10.277039
8.373197
8.204454
8.947863
8.773369
9.337559
10.142328
10.170143
8.216360
7.527831
7.119407
7.321679
8.751715
9.168827
9.876514
8.693096
8.209295
7.421440
6.191267
7.649204
8.437063
8.941451
8.072754
6.008072
5.292219
6.304873
7.316905
7.593858
8.829871
8.742594
7.492347
7.119641
7.763743
8.208743
8.125807
9.130455
9.278315
8.280852
7.484921
7.034957
6.804273
6.674671
8.141053
8.266700
6.799945
7.097935
7.197927
7.035861
7.051546
7.981707
8.787532
7.400841
7.048728
6.762269
6.122386
6.159697
6.030006
7.175429
7.013487
6.042913
7.025989
7.012877
6.145185
6.515195
7.049261
6.305800
5.128986
5.421003
6.136861
5.929765
5.751787
6.572644
6.811450
5.854732
5.971543
5.449720
4.529606
5.200137
5.492245
5.652927
4.646048
2.826129
3.067550
3.627054
3.573354
3.684940
3.345399
11.255072
9.833239
7.591557
6.741313
5.725919
6.828879
9.558315
10.576691
10.168018
8.529715
6.619141
5.823762
7.415135
8.681225
9.980993
10.074076
8.067854
6.809347
6.480654
6.850504
7.843760
9.337557
9.864742
8.215784
5.532028
6.277863
7.005340
7.727641
10.033024
10.495552
9.697268
7.760864
7.779309
7.705281
8.643379
10.380920
11.750219
10.821659
7.438568
8.312983
7.639023
7.669515
10.113472
11.184958
11.381601
10.201359
8.558213
7.854622
8.401718
8.084890
10.041027
10.784283
9.193050
7.512923
7.668326
8.553211
7.712990
9.705866
10.288834
8.996838
6.510531
6.453321
8.197001
8.274359
10.146769
10.476341
10.124727
8.223774
7.075086
8.292993
8.991020
9.687094
10.681890
10.510431
8.385654
8.475053
8.951611
9.023220
9.389219
10.322390
10.305769
8.307550
7.747422
7.140806
7.589182
8.752369
9.427620
9.914373
8.890295
8.326338
7.530607
6.395472
7.681699
8.698986
8.941556
8.338165
6.033975
5.505394
6.403684
7.444547
7.781385
8.875407
8.996552
7.494457
7.389223
7.779758
8.436431
8.207081
9.276722
9.448185
8.341128
7.728683
7.041597
7.075498
6.683053
8.381518
8.331462
6.964637
7.249503
7.274364
7.267390
7.065141
8.252018
8.790683
7.652102
7.098314
6.944837
6.255350
6.253412
6.247490
7.198286
7.280347
6.043332
7.285868
7.048910
6.344744
6.629604
7.161044
6.507696
5.163231
5.681931
6.137096
6.195924
5.776146
6.787989
6.907706
5.985033
6.156601
5.497265
4.782241
5.202744
5.762218
5.667710
4.875674
2.904974
3.216469
3.794341
3.635859
3.927075
3.352885
11.255072
10.085524
7.616251
6.946625
5.815268
6.958186
9.727581
10.629992
10.401937
8.536043
6.877756
5.830090
7.649053
8.734526
10.150259
10.203382
8.157202
7.014659
6.505348
7.102790
7.843763
9.589842
9.889437
8.421097
5.621377
6.407170
7.174603
7.780941
10.266943
10.501881
9.955881
7.767191
8.013228
7.758585
8.812645
10.510227
11.839567
11.026972
7.463262
8.565267
7.639025
7.921799
10.138166
11.390270
11.470949
10.330666
8.727480
7.907924
8.635637
8.091219
10.299641
10.790611
9.426970
7.566224
7.837595
8.682518
7.802336
9.911179
10.313528
9.249123
6.510530
6.705607
8.221695
8.479671
10.236116
10.605648
10.293993
8.277073
7.309005
8.299318
9.249634
9.693422
10.915810
10.563732
8.554922
8.604360
9.040958
9.228533
9.413914
10.574675
10.305769
8.559835
7.772117
7.346118
7.678530
8.881676
9.596886
9.967674
9.124214
8.332666
7.789220
6.401800
7.915619
8.752287
9.110822
8.467472
6.123324
5.710705
6.428378
7.696832
7.781384
9.127692
9.021246
7.699772
7.478572
7.909065
8.605697
8.260383
9.510641
9.454514
8.599742
7.735012
7.275515
7.128800
6.852318
8.510825
8.420810
7.169949
7.274197
7.526649
7.267387
7.317428
8.276712
8.995996
7.741452
7.227621
7.114101
6.308651
6.487331
6.253818
7.456901
7.286671
6.277251
7.339173
7.218173
6.474051
6.718953
7.366355
6.532391
5.415517
5.681930
6.389382
6.220618
5.981458
6.877338
7.037013
6.154298
6.209903
5.731184
4.788568
5.461358
5.768545
5.901629
4.928976
3.074239
3.345776
3.883690
3.841170
3.951770
3.605171
11.255072
10.183029
7.624649
7.028059
5.846027
7.012896
9.787127
10.656330
10.486994
8.541927
6.976449
5.830330
7.744911
8.745836
10.227766
10.238745
8.207027
7.078948
6.527493
7.191131
7.847559
9.689253
9.890394
8.514864
5.635971
6.480483
7.214707
7.825884
10.335836
10.520098
10.047134
7.769336
8.112880
7.760729
8.903898
10.528444
11.908461
11.071915
7.503367
8.638578
7.653620
8.015565
10.139124
11.489681
11.474743
10.419006
8.749624
7.972212
8.685463
8.126581
10.377148
10.801922
9.522827
7.566463
7.936289
8.688402
7.887394
9.937517
10.373074
9.303831
6.541289
6.787042
8.230093
8.577177
10.236116
10.703154
10.302391
8.358509
7.339764
8.354027
9.309179
9.719761
11.000866
10.569616
8.653615
8.604599
9.136816
9.239843
9.491421
10.610037
10.355595
8.624125
7.794261
7.434459
7.682327
8.981087
9.597843
10.061441
9.138809
8.405979
7.829326
6.446742
7.984512
8.770504
9.202075
8.469618
6.222974
5.712852
6.519631
7.715049
7.850276
9.172635
9.061352
7.773085
7.493165
8.002833
8.606654
8.359793
9.514435
9.542854
8.621886
7.799301
7.325341
7.164162
6.929825
8.522136
8.516667
7.170189
7.372889
7.532535
7.352445
7.343767
8.336258
9.050704
7.772211
7.309055
7.122500
6.406156
6.487332
6.351322
7.465299
7.368108
6.308010
7.393882
7.277719
6.500389
6.804010
7.372240
6.631083
5.415757
5.777787
6.400693
6.298125
6.016820
6.927164
7.101302
6.176442
6.298244
5.734978
4.887980
5.462317
5.862312
5.916224
5.002289
3.114344
3.390718
3.952582
3.859387
4.043023
3.607318
11.255072
10.190434
7.625204
7.034394
5.848087
7.017405
9.791195
10.658796
10.492985
8.542738
6.983707
5.830356
7.752410
8.746183
10.234407
10.240421
8.211966
7.082573
6.530384
7.196747
7.848663
9.696318
9.890499
8.522408
5.636155
6.487392
7.216030
7.831236
10.339020
10.523426
10.052351
7.770772
8.119704
7.760962
8.911432
10.528517
11.915596
11.072916
7.509111
8.641327
7.657393
8.020362
10.140924
11.496225
11.475153
10.426479
8.749636
7.979525
8.686184
8.132690
10.379477
10.806139
9.527189
7.568657
7.942513
8.689037
7.894754
9.937519
10.380514
9.304312
6.547729
6.788971
8.234747
8.581099
10.238724
10.709023
10.303295
8.365707
7.339809
8.361546
9.309465
9.726496
11.002420
10.574696
8.657092
8.607635
9.142302
9.241055
9.498411
10.610178
10.363140
8.624266
7.801251
7.435670
7.687813
8.984123
9.601320
10.066521
9.140364
8.412714
7.829612
6.454261
7.984558
8.777702
9.202979
8.475487
6.225581
5.716773
6.524285
7.716977
7.856717
9.173116
9.068792
7.773087
7.500526
8.003469
8.612878
8.361986
9.518797
9.547071
8.624215
7.805410
7.326061
7.171475
6.929837
8.529609
8.517077
7.176733
7.374690
7.537332
7.356217
7.346515
8.342003
9.051705
7.779346
7.309128
7.130034
6.406389
6.494158
6.352759
7.470516
7.371438
6.311192
7.399234
7.279042
6.507298
6.804194
7.379782
6.631187
5.422822
5.778893
6.406309
6.301017
6.020445
6.932103
7.102979
6.183084
6.298590
5.742477
4.888005
5.469575
5.863122
5.922214
5.004756
3.118412
3.395226
3.954642
3.865722
4.043579
3.614722
11.255072
10.175329
7.624225
7.021183
5.844421
7.007499
9.783819
10.652765
10.481823
8.540161
6.969647
5.829932
7.737081
8.746063
10.219759
10.238678
8.199776
7.077694
6.521805
7.188018
7.843924
9.684008
9.888851
8.507696
5.636061
6.472075
7.215555
7.817260
10.336329
10.512400
10.046171
7.763547
8.109654
7.757423
8.898117
10.527611
11.900454
11.072914
7.494046
8.640272
7.644287
8.016567
10.131163
11.488699
11.469269
10.415184
8.747169
7.965382
8.685808
8.117350
10.379330
10.791555
9.525351
7.556590
7.937492
8.680607
7.885876
9.932919
10.368084
9.302755
6.532959
6.788898
8.219446
8.580570
10.224836
10.706215
10.292404
8.359381
7.332735
8.351353
9.306053
9.713079
11.001583
10.559521
8.657086
8.592610
9.141171
9.228056
9.494486
10.600563
10.355463
8.618526
7.789822
7.433314
7.673590
8.983793
9.585972
10.066341
9.125847
8.410776
7.817670
6.449099
7.976278
8.768675
9.198516
8.462940
6.224114
5.701947
6.524232
7.701696
7.856133
9.159318
9.065868
7.762333
7.494050
7.996545
8.602544
8.358698
9.505281
9.546301
8.609008
7.805397
7.311082
7.170264
6.916949
8.525550
8.507607
7.168905
7.369097
7.525773
7.353969
7.332214
8.341715
9.036353
7.779133
7.294681
7.127994
6.394573
6.488853
6.344630
7.461341
7.367110
6.298529
7.397856
7.264163
6.507261
6.788935
7.379138
6.617481
5.419778
5.768278
6.399684
6.294242
6.009970
6.928938
7.089367
6.182378
6.283356
5.742454
4.873075
5.468281
5.850346
5.918021
4.995434
3.110434
3.389778
3.942954
3.863579
4.029204
3.614474
11.255072
10.206530
7.625950
7.049031
5.850942
7.029372
9.797165
10.667343
10.502531
8.547716
6.996652
5.832263
7.767946
8.746113
10.251204
10.239883
8.228394
7.083240
6.544806
7.200145
7.859743
9.703520
9.897490
8.533789
5.639083
6.502510
7.215751
7.848850
10.337103
10.541706
10.050806
7.787632
8.120585
7.774485
8.916410
10.537376
11.925571
11.076704
7.523960
8.640712
7.675926
8.017005
10.161077
11.492489
11.494387
10.424950
8.765463
7.982443
8.696739
8.141434
10.383965
10.820862
9.526125
7.588179
7.937687
8.711040
7.888895
9.959011
10.376722
9.322268
6.548779
6.801025
8.242447
8.586117
10.253454
10.707420
10.323849
8.359429
7.363599
8.353685
9.333057
9.720634
11.022291
10.574099
8.670432
8.614484
9.147692
9.255905
9.496210
10.631763
10.355463
8.649727
7.791546
7.461162
7.680109
9.005667
9.599318
10.080919
9.146555
8.418331
7.844674
6.451431
8.007143
8.768724
9.229960
8.464146
6.252731
5.707492
6.547233
7.713823
7.871952
9.178830
9.074507
7.788426
7.497072
8.026978
8.602738
8.390287
9.506056
9.575607
8.613643
7.829481
7.322015
7.187324
6.935243
8.535316
8.532725
7.172696
7.399010
7.526211
7.385607
7.332652
8.371630
9.040143
7.804251
7.304446
7.146288
6.411633
6.499784
6.368715
7.465975
7.396420
6.299304
7.429443
7.264359
6.537696
6.791957
7.405232
6.626120
5.439290
5.784098
6.411811
6.317243
6.015515
6.957555
7.090572
6.213821
6.283405
5.773317
4.875407
5.495286
5.857900
5.938729
5.010013
3.123779
3.411652
3.949475
3.891427
4.030930
3.645675
11.255072
10.231667
7.627119
7.071887
5.855400
7.048083
9.806429
10.680807
10.517237
8.555798
7.016433
5.835813
7.791505
8.746815
10.276548
10.239944
8.253204
7.084985
6.566860
7.205591
7.877325
9.714001
9.909706
8.549715
5.646026
6.523293
7.218481
7.873009
10.337454
10.567137
10.051050
7.811998
8.123013
7.795650
8.922913
10.553783
11.937290
11.087679
7.541077
8.646573
7.697634
8.019012
10.185724
11.492609
11.519781
10.425497
8.789274
7.985653
8.716930
8.149054
10.399162
10.833828
9.535873
7.606445
7.942530
8.733587
7.890282
9.984032
10.376732
9.347502
6.549747
6.824174
8.246531
8.605263
10.262241
10.721382
10.338060
8.367980
7.382959
8.357588
9.356346
9.721510
11.047567
10.574120
8.695388
8.615986
9.170078
9.260946
9.514250
10.641754
10.368179
8.665169
7.798939
7.481554
7.683155
9.029598
9.599794
10.106331
9.146711
8.442888
7.846818
6.472961
8.013214
8.785606
9.241181
8.475616
6.269376
5.713778
6.568581
7.716106
7.896419
9.179029
9.099930
7.788838
7.521119
8.029864
8.623328
8.397453
9.521740
9.588074
8.623878
7.847294
7.327256
7.209546
6.936864
8.560201
8.532763
7.198008
7.399796
7.549637
7.389331
7.352224
8.379944
9.054601
7.817965
7.313471
7.165218
6.415903
6.522789
6.369781
7.491164
7.396420
6.324386
7.430719
7.287063
6.542345
6.810447
7.414737
6.639335
5.454242
5.791947
6.431798
6.320621
6.039203
6.958177
7.115943
6.213909
6.308136
5.775191
4.897290
5.500937
5.875251
5.949456
5.021980
3.139946
3.418373
3.970450
3.894004
4.055194
3.645971
11.255072
10.360928
7.632086
7.191405
5.874513
7.149596
9.846714
10.758797
10.582495
8.608324
7.106664
5.864816
7.902908
8.757812
10.402098
10.241199
8.383720
7.086239
6.692409
7.216588
7.988726
9.743004
9.999937
8.602242
5.711284
6.601283
7.258767
7.974523
10.356567
10.686655
10.056017
7.941260
8.123013
7.924910
8.927879
10.673302
11.956404
11.189192
7.581362
8.724563
7.762892
8.071539
10.275955
11.521612
11.631184
10.436495
8.914823
7.986908
8.847446
8.150308
10.524712
10.844826
9.647276
7.635448
8.032761
8.786114
7.955540
10.062021
10.417017
9.449015
6.568861
6.943692
8.251497
8.734524
10.262241
10.850643
10.343027
8.487499
7.402073
8.459101
9.396631
9.799500
11.112825
10.626646
8.785619
8.644989
9.281481
9.271944
9.639799
10.643009
10.498695
8.666424
7.924489
7.492551
7.794557
9.058601
9.690025
10.158857
9.211969
8.520878
7.887103
6.574474
8.032327
8.905125
9.246148
8.604877
6.269376
5.843040
6.573548
7.835624
7.915531
9.280541
9.140215
7.866827
7.586377
8.082391
8.713559
8.426457
9.633142
9.599072
8.749427
7.848547
7.457772
7.210800
7.062413
8.571198
8.644166
7.227011
7.490027
7.602163
7.454589
7.430213
8.420229
9.156114
7.837081
7.432988
7.170186
6.545165
6.522789
6.499043
7.496131
7.515937
6.343500
7.532230
7.327348
6.620335
6.875705
7.467264
6.729566
5.483245
5.903350
6.442796
6.446169
6.040457
7.088695
7.117198
6.339458
6.319134
5.886594
4.926293
5.591168
5.927777
6.014714
5.099970
3.180232
3.519886
3.989564
4.013522
4.060162
3.775233
11.255072
10.487251
7.636020
7.309983
5.889765
7.253638
9.879267
10.843311
10.636194
8.670732
7.182741
5.905272
7.999826
8.779184
10.515747
10.248716
8.507921
7.086839
6.819675
7.218067
8.111197
9.753048
10.110340
8.627478
5.803842
6.646461
7.329908
8.041928
10.405365
10.775824
10.084309
8.049040
8.135171
8.045842
8.930269
10.800310
11.956600
11.314445
7.587209
8.840445
7.781536
8.171596
10.312962
11.601343
11.689846
10.493914
8.995760
8.022785
8.948521
8.168077
10.641298
10.850161
9.772833
7.635557
8.159636
8.788855
8.075920
10.074923
10.523886
9.478352
6.656879
6.993708
8.317654
8.806904
10.306227
10.944309
10.367275
8.598742
7.411453
8.582038
9.397854
9.926804
11.113609
10.750448
8.793735
8.757854
9.303797
9.367790
9.681423
10.717857
10.562353
8.718891
8.010180
7.524019
7.899554
9.073051
9.809225
10.162371
9.338501
8.520889
8.013196
6.578852
8.150263
8.921198
9.349216
8.638527
6.352705
5.897975
6.634706
7.912925
7.954828
9.378520
9.160662
7.981242
7.593316
8.206964
8.714000
8.553661
9.634901
9.721052
8.760156
7.958096
7.484011
7.302238
7.108791
8.641095
8.712819
7.274596
7.580338
7.629422
7.563260
7.441646
8.541697
9.158175
7.964197
7.433295
7.295111
6.551546
6.637947
6.518579
7.595156
7.554085
6.422019
7.592140
7.383524
6.702472
6.910462
7.569343
6.746478
5.600516
5.908195
6.568633
6.446218
6.167172
7.091809
7.236997
6.353124
6.425076
5.916990
5.013153
5.642407
5.992685
6.088330
5.142772
3.274994
3.543159
4.101627
4.022260
4.183543
3.776223
11.255072
10.503750
7.636426
7.325680
5.891350
7.267809
9.882689
10.855381
10.641930
8.680332
7.191041
5.912274
8.010693
8.783716
10.528927
10.251148
8.522938
7.087744
6.835871
7.218169
8.127798
9.753151
10.126535
8.628382
5.818858
6.648892
7.343088
8.046460
10.416231
10.782825
10.092609
8.058640
8.140906
8.057912
8.933691
10.814480
11.958185
11.330143
7.587615
8.856943
7.781535
8.188095
10.313368
11.617041
11.691431
10.508083
8.999181
8.034855
8.954256
8.177677
10.649599
10.857162
9.783699
7.640089
8.172815
8.791286
8.090937
10.075827
10.540081
9.478455
6.673481
6.993810
8.333849
8.807808
10.321243
10.946741
10.380455
8.603274
7.422319
8.589040
9.406155
9.936403
11.119345
10.762518
8.797156
8.772025
9.305382
9.383488
9.681829
10.734356
10.562353
8.735390
8.010587
7.539716
7.901139
9.087221
9.812647
10.174440
9.344236
8.530489
8.021497
6.585854
8.161129
8.925730
9.362395
8.640959
6.367722
5.898880
6.650902
7.913028
7.971431
9.378623
9.176857
7.982146
7.608333
8.209397
8.727180
8.558193
9.645767
9.728054
8.768456
7.967695
7.489746
7.314308
7.112213
8.655265
8.714404
7.290292
7.580744
7.645922
7.563261
7.458146
8.542103
9.173873
7.965782
7.447466
7.298533
6.563615
6.643682
6.528179
7.603457
7.561088
6.432885
7.596672
7.396702
6.704903
6.925479
7.570248
6.762673
5.600618
5.924797
6.568735
6.462413
6.168077
7.106825
7.239429
6.366303
6.429608
5.927856
5.020155
5.650708
6.002285
6.094066
5.154841
3.278416
3.557330
4.103212
4.037956
4.183949
3.792723
11.255072
10.430519
7.635045
7.255186
5.885929
7.202582
9.870871
10.797558
10.621841
8.631491
7.161430
5.873319
7.971018
8.754810
10.479404
10.231701
8.464525
7.076452
6.770191
7.213118
8.057022
9.751959
10.053213
8.628374
5.745734
6.647307
7.272888
8.040655
10.351469
10.770473
10.035381
8.037906
8.092750
8.027591
8.895458
10.774084
11.929985
11.279945
7.568802
8.797951
7.770760
8.121975
10.308676
11.545994
11.690414
10.434683
8.999153
7.961851
8.952456
8.107788
10.643398
10.792873
9.770802
7.583467
8.151428
8.743818
8.059901
10.038315
10.498968
9.450954
6.622613
6.975623
8.274284
8.797537
10.254692
10.942396
10.309153
8.602417
7.348856
8.588976
9.333284
9.934372
11.049778
10.755909
8.733354
8.758574
9.249371
9.361441
9.635056
10.702608
10.525564
8.693560
7.983783
7.488184
7.883574
9.027094
9.802872
10.107471
9.340225
8.458942
8.020789
6.512341
8.161014
8.853008
9.360120
8.571726
6.360695
5.835573
6.636889
7.857636
7.948719
9.332545
9.144392
7.946080
7.565789
8.183287
8.674989
8.541239
9.585087
9.718765
8.701079
7.964006
7.417971
7.313734
7.038664
8.655087
8.641843
7.287761
7.511855
7.638465
7.500458
7.443560
8.487339
9.150493
7.920405
7.414283
7.263188
6.520360
6.618261
6.475336
7.587106
7.499862
6.424070
7.528902
7.393322
6.632910
6.925025
7.496678
6.762418
5.528234
5.921996
6.500208
6.454515
6.105791
7.091660
7.185298
6.342247
6.384935
5.893954
4.985532
5.606742
5.977549
6.040575
5.139088
3.216655
3.548979
4.035056
4.034872
4.111753
3.792375
11.255072
10.469063
7.635579
7.292668
5.888036
7.238001
9.875504
10.830023
10.629812
8.660278
7.173368
5.897907
7.987331
8.774908
10.500261
10.247267
8.489840
7.087694
6.799634
7.220484
8.090035
9.756111
10.089041
8.630150
5.783465
6.647678
7.311507
8.040670
10.389908
10.771198
10.072586
8.040371
8.127734
8.032729
8.927357
10.782679
11.958103
11.292591
7.592656
8.815016
7.790098
8.143587
10.323500
11.572025
11.700974
10.464766
9.005932
7.995389
8.956148
8.143999
10.644871
10.830826
9.771040
7.622129
8.151487
8.782124
8.060848
10.075216
10.501818
9.485479
6.628277
7.006934
8.283518
8.824972
10.268055
10.965508
10.326973
8.620996
7.371220
8.603065
9.360023
9.944262
11.080484
10.762121
8.767399
8.761834
9.285940
9.362637
9.673199
10.702742
10.564241
8.693693
8.021926
7.489379
7.920144
9.030354
9.836916
10.113684
9.370932
8.468832
8.047528
6.526431
8.183377
8.871588
9.377940
8.594837
6.374058
5.863008
6.646123
7.888947
7.954385
9.367070
9.147242
7.982981
7.566735
8.221591
8.675048
8.579901
9.585325
9.756718
8.702552
8.000217
7.421664
7.347273
7.045443
8.685170
8.652402
7.313794
7.526680
7.660076
7.519796
7.460626
8.511192
9.163138
7.948522
7.422877
7.295086
6.525497
6.653246
6.477801
7.624312
7.500588
6.462510
7.528916
7.431942
6.633281
6.962756
7.498454
6.798245
5.532385
5.955009
6.507574
6.483957
6.117033
7.116975
7.200864
6.363103
6.405033
5.910268
5.010119
5.618680
6.006336
6.048547
5.171554
3.221288
3.584397
4.037164
4.072354
4.112288
3.830919
11.255072
10.389200
7.634809
7.214336
5.884989
7.162672
9.868757
10.759054
10.618088
8.594858
7.155578
5.839011
7.962622
8.723261
10.468042
10.203316
8.449812
7.051590
6.751798
7.192076
8.034689
9.734953
10.026775
8.615515
5.715134
6.638592
7.238197
8.035944
10.312901
10.769474
9.993299
8.040178
8.047679
8.032537
8.848070
10.780954
11.881096
11.287865
7.519347
8.805929
7.721766
8.128952
10.261234
11.550867
11.645628
10.436357
8.958096
7.959285
8.916121
8.100048
10.612652
10.779179
9.746330
7.563233
8.133698
8.716703
8.049123
10.004248
10.495071
9.410151
6.625230
6.928602
8.282750
8.745110
10.268055
10.885645
10.326204
8.542666
7.368173
8.527736
9.353277
9.873293
11.068760
10.696701
8.749608
8.702935
9.261230
9.310989
9.640980
10.658791
10.524214
8.657589
7.974090
7.460971
7.864798
9.009195
9.774651
10.099049
9.302601
8.459745
7.974219
6.521704
8.106371
8.869864
9.298654
8.594645
6.294003
5.862815
6.566837
7.887223
7.877378
9.362344
9.073933
7.973895
7.498404
8.206956
8.612782
8.558743
9.529980
9.728310
8.654716
7.964113
7.381636
7.303322
7.013224
8.633523
8.627692
7.254898
7.508891
7.594655
7.508073
7.389657
8.504446
9.087810
7.945473
7.344545
7.294314
6.445634
6.653246
6.397939
7.623541
7.422252
6.459463
7.453588
7.425195
6.562311
6.951033
7.433033
6.780456
5.473489
5.930300
6.455927
6.451738
6.073082
7.076948
7.164760
6.315267
6.376625
5.854922
4.988960
5.556415
5.991702
5.980215
5.162468
3.147979
3.579671
3.960155
4.070631
4.033002
3.830726
11.255072
10.426668
7.635039
7.251344
5.885907
7.198770
9.870802
10.793816
10.621670
8.627888
7.161073
5.869959
7.970356
8.751827
10.478287
10.229259
8.462776
7.074733
6.767625
7.212311
8.053452
9.752243
10.048473
8.629896
5.739695
6.650175
7.265478
8.044903
10.342691
10.776051
10.025330
8.044674
8.081622
8.035300
8.883551
10.782381
11.917704
11.288382
7.556642
8.805986
7.759293
8.129008
10.298529
11.551384
11.682236
10.437784
8.993576
7.962049
8.950064
8.104544
10.644682
10.785755
9.776121
7.572192
8.160978
8.728285
8.073683
10.018629
10.516769
9.427441
6.643993
6.948837
8.298577
8.768253
10.281019
10.911589
10.336449
8.571232
7.375906
8.558683
9.358772
9.906322
11.072342
10.731462
8.751654
8.739036
9.262148
9.347998
9.641211
10.696259
10.524214
8.695057
7.974320
7.497978
7.865714
9.045294
9.776695
10.133810
9.306183
8.492775
7.979714
6.552653
8.114105
8.898430
9.308898
8.620588
6.306967
5.885958
6.582664
7.907458
7.896140
9.379634
9.095631
7.988276
7.522964
8.218537
8.640063
8.567701
9.559771
9.734886
8.686746
7.968609
7.415578
7.306086
7.048706
8.634950
8.664300
7.255415
7.546186
7.594712
7.545599
7.389714
8.541740
9.088326
7.982080
7.345973
7.329796
6.448398
6.687188
6.402433
7.655571
7.428829
6.489254
7.462548
7.452476
6.573894
6.975594
7.447415
6.802154
5.490779
5.949062
6.476162
6.467566
6.096225
7.089911
7.190701
6.325511
6.405191
5.862656
5.019909
5.561910
6.024733
5.983798
5.197229
3.150023
3.615768
3.961073
4.107638
4.033232
3.868194
11.255072
10.390562
7.634914
7.215488
5.885408
7.163411
9.869686
10.759193
10.619701
8.594231
7.158028
5.837485
7.966026
8.720734
10.472483
10.199728
8.455328
7.046923
6.758385
7.186358
8.042297
9.728254
10.035309
8.607956
5.724453
6.630335
7.248119
8.027189
10.323206
10.760458
10.003736
8.031168
8.057971
8.023818
8.857918
10.772831
11.890194
11.280645
7.527388
8.799919
7.728448
8.124446
10.266272
11.548140
11.648762
10.435650
8.959099
7.960805
8.914812
8.103958
10.608892
10.785585
9.740040
7.572188
8.124855
8.728197
8.037771
10.018209
10.481312
9.426443
6.609231
6.947026
8.264744
8.765402
10.248333
10.907488
10.305113
8.565687
7.346103
8.551522
9.330666
9.897390
11.046070
10.720634
8.727331
8.726213
9.239862
9.333105
9.621019
10.679255
10.506145
8.675924
7.958375
7.476733
7.851863
9.021980
9.764881
10.108501
9.296318
8.465570
7.971684
6.523679
8.107771
8.867838
9.304097
8.588552
6.303517
5.852672
6.580360
7.873134
7.894765
9.344495
9.094952
7.952559
7.522742
8.182488
8.640050
8.531569
9.559715
9.698919
8.686399
7.933058
7.414695
7.271192
7.047046
8.600947
8.661637
7.222524
7.542309
7.563137
7.540307
7.359643
8.534859
9.059926
7.973454
7.319387
7.319293
6.423745
6.674704
6.379803
7.641029
7.408285
6.472603
7.444125
7.433698
6.557596
6.954699
7.433218
6.779181
5.478630
5.924080
6.465979
6.440669
6.087898
7.061223
7.184096
6.295177
6.400147
5.830848
5.016247
5.528818
6.022252
5.949631
5.195715
3.115003
3.614990
3.925435
4.107357
3.997220
3.868162
11.255072
10.424992
7.634967
7.249811
5.885621
7.197523
9.870163
10.792990
10.620544
8.627609
7.159339
5.870346
7.967903
8.752981
10.475021
10.231268
8.458618
7.077668
6.762511
7.216225
8.047343
9.757166
10.041346
8.635839
5.731552
6.657124
7.256343
8.052826
10.332609
10.784889
10.014368
8.054351
8.069871
8.045714
8.871119
10.793411
11.904722
11.299891
7.543258
8.817816
7.745669
8.140992
10.284843
11.563337
11.668676
10.449512
8.980341
7.973351
8.937355
8.115219
10.632704
10.795597
9.765079
7.580996
8.151075
8.735851
8.065114
10.024769
10.509718
9.431974
6.638630
6.951602
8.295061
8.769100
10.279486
10.910391
10.337017
8.567883
7.378668
8.553105
9.363798
9.898455
11.079670
10.721281
8.761296
8.726543
9.274094
9.333225
9.655409
10.679268
10.540588
8.675938
7.992764
7.476854
7.886096
9.022312
9.798847
10.109148
9.329918
8.466635
8.004817
6.525261
8.140336
8.870033
9.336001
8.591455
6.334671
5.856369
6.610677
7.877709
7.924162
9.350026
9.123358
7.959118
7.550086
8.190144
8.666270
8.540375
9.584755
9.708931
8.710210
7.944319
7.437236
7.283739
7.068287
8.614810
8.681552
7.237722
7.560882
7.579682
7.557528
7.377541
8.550730
9.079171
7.987983
7.339969
7.332494
6.445641
6.686604
6.402985
7.651659
7.432717
6.482007
7.469759
7.441921
6.584385
6.961798
7.461101
6.785218
5.507542
5.929124
6.495846
6.444796
6.118644
7.064512
7.215635
6.297715
6.432394
5.832726
5.049108
5.530129
6.055631
5.950474
5.229511
3.115479
3.649102
3.925647
4.141680
3.997273
3.902592
11.255072
10.567377
7.635022
7.392088
5.885840
7.339580
9.870657
10.934717
10.621420
8.768900
7.160707
6.011091
7.969869
8.893074
10.477694
10.370602
8.462103
7.216138
6.766912
7.353727
8.052762
9.893599
10.047886
8.771101
5.739312
6.791116
7.265421
8.185453
10.343102
10.916054
10.026367
8.183961
8.083468
8.173682
8.886404
10.919649
11.921782
11.424313
7.562174
8.940340
7.766523
8.261539
10.307713
11.681831
11.693636
10.565880
9.007461
8.087524
8.966703
8.227129
10.664347
10.905184
9.799078
7.688198
8.187485
8.840614
8.103990
10.127041
10.551109
9.531708
6.682582
7.048752
8.341618
8.863626
10.328684
11.002258
10.388889
8.657059
7.433246
8.639564
9.421106
9.982170
11.139730
10.802237
8.824126
8.804723
9.339706
9.408617
9.723812
10.751865
10.611788
8.745739
8.066760
7.543861
7.962882
9.086533
9.878416
10.170591
9.412256
8.525318
8.089908
6.581202
8.228156
8.923256
9.426528
8.641987
6.427872
5.904242
6.706520
7.922960
8.022608
9.392692
9.224365
7.999245
7.653610
8.227780
8.772260
8.575571
9.693155
9.741743
8.820966
7.974808
7.550287
7.311965
7.183567
8.640841
8.798991
7.261627
7.680412
7.601532
7.679075
7.397416
8.674213
9.097148
8.113319
7.356129
7.459610
6.460071
6.815405
6.415771
7.782063
7.443951
6.613914
7.479530
7.575242
6.592792
7.096436
7.468237
6.921077
5.513509
6.066103
6.500743
6.582794
6.122573
7.203427
7.218701
6.437441
6.434701
5.973158
5.050761
5.671161
6.056739
6.091996
5.230183
3.257385
3.649445
4.067827
4.141803
4.139618
3.902605
11.255072
10.567228
7.635022
7.391939
5.885840
7.339431
9.870657
10.934568
10.621420
8.768751
7.160707
6.010942
7.969869
8.892925
10.477694
10.370453
8.462103
7.215989
6.766912
7.353578
8.052762
9.893450
10.047886
8.770952
5.739312
6.790967
7.265421
8.185305
10.343102
10.915905
10.026367
8.183812
8.083468
8.173533
8.886404
10.919500
11.921782
11.424164
7.562174
8.940191
7.766523
8.261390
10.307713
11.681683
11.693636
10.565731
9.007461
8.087376
8.966703
8.226980
10.664347
10.905035
9.799078
7.688049
8.187485
8.840466
8.103990
10.126892
10.551109
9.531559
6.682582
7.048603
8.341618
8.863478
10.328684
11.002110
10.388889
8.656910
7.433246
8.639415
9.421106
9.982021
11.139730
10.802088
8.824126
8.804574
9.339706
9.408468
9.723812
10.751717
10.611788
8.745590
8.066760
7.543713
7.962882
9.086384
9.878416
10.170443
9.412256
8.525169
8.089908
6.581053
8.228156
8.923107
9.426528
8.641838
6.427872
5.904093
6.706520
7.922812
8.022608
9.392543
9.224365
7.999096
7.653610
8.227632
8.772260
8.575422
9.693155
9.741594
8.820966
7.974659
7.550287
7.311817
7.183567
8.640693
8.798991
7.261478
7.680412
7.601383
7.679075
7.397267
8.674213
9.096999
8.113319
7.355980
7.459610
6.459922
6.815405
6.415623
7.782063
7.443802
6.613914
7.479381
7.575242
6.592643
7.096436
7.468089
6.921077
5.513360
6.066103
6.500594
6.582794
6.122424
7.203427
7.218553
6.437441
6.434552
5.973158
5.050612
5.671161
6.056590
6.091996
5.230034
3.257385
3.649296
4.067827
4.141654
4.139618
3.902457
11.255072
10.567228
7.635022
7.391939
5.885840
7.339431
9.870657
10.934568
10.621420
8.768751
7.160707
6.010942
7.969869
8.892925
10.477694
10.370453
8.462103
7.215989
6.766912
7.353578
8.052762
9.893450
10.047886
8.770952
5.739312
6.790967
7.265421
8.185305
10.343102
10.915905
10.026367
8.183812
8.083468
8.173533
8.886404
10.919500
11.921782
11.424164
7.562174
8.940191
7.766523
8.261390
10.307713
11.681683
11.693636
10.565731
9.007461
8.087376
8.966703
8.226980
10.664347
10.905035
9.799078
7.688049
8.187485
8.840466
8.103990
10.126892
10.551109
9.531559
6.682582
7.048603
8.341618
8.863478
10.328684
11.002110
10.388889
8.656910
7.433246
8.639415
9.421106
9.982021
11.139730
10.802088
8.824126
8.804574
9.339706
9.408468
9.723812
10.751717
10.611788
8.745590
8.066760
7.543713
7.962882
9.086384
9.878416
10.170443
9.412256
8.525169
8.089908
6.581053
8.228156
8.923107
9.426528
8.641838
6.427872
5.904093
6.706520
7.922812
8.022608
9.392543
9.224365
7.999096
7.653610
8.227632
8.772260
8.575422
9.693155
9.741594
8.820966
7.974659
7.550287
7.311817
7.183567
8.640693
8.798991
7.261478
7.680412
7.601383
7.679075
7.397267
8.674213
9.096999
8.113319
7.355980
7.459610
6.459922
6.815405
6.415623
7.782063
7.443802
6.613914
7.479381
7.575242
6.592643
7.096436
7.468089
6.921077
5.513360
6.066103
6.500594
6.582794
6.122424
7.203427
7.218553
6.437441
6.434552
5.973158
5.050612
5.671161
6.056590
6.091996
5.230034
3.257385
3.649296
4.067827
4.141654
4.139618
3.902457
11.255072
10.567228
7.635022
7.391939
5.885840
7.339431
9.870657
10.934568
10.621420
8.768751
7.160707
6.010942
7.969869
8.892925
10.477694
10.370453
8.462103
7.215989
6.766912
7.353578
8.052762
9.893450
10.047886
8.770952
5.739312
6.790967
7.265421
8.185305
10.343102
10.915905
10.026367
8.183812
8.083468
8.173533
8.886404
10.919500
11.921782
11.424164
7.562174
8.940191
7.766523
8.261390
10.307713
11.681683
11.693636
10.565731
9.007461
8.087376
8.966703
8.226980
10.664347
10.905035
9.799078
7.688049
8.187485
8.840466
8.103990
10.126892
10.551109
9.531559
6.682582
7.048603
8.341618
8.863478
10.328684
11.002110
10.388889
8.656910
7.433246
8.639415
9.421106
9.982021
11.139730
10.802088
8.824126
8.804574
9.339706
9.408468
9.723812
10.751717
10.611788
8.745590
8.066760
7.543713
7.962882
9.086384
9.878416
10.170443
9.412256
8.525169
8.089908
6.581053
8.228156
8.923107
9.426528
8.641838
6.427872
5.904093
6.706520
7.922812
8.022608
9.392543
9.224365
7.999096
7.653610
8.227632
8.772260
8.575422
9.693155
9.741594
8.820966
7.974659
7.550287
7.311817
7.183567
8.640693
8.798991
7.261478
7.680412
7.601383
7.679075
7.397267
8.674213
9.096999
8.113319
7.355980
7.459610
6.459922
6.815405
6.415623
7.782063
7.443802
6.613914
7.479381
7.575242
6.592643
7.096436
7.468089
6.921077
5.513360
6.066103
6.500594
6.582794
6.122424
7.203427
7.218553
6.437441
6.434552
5.973158
5.050612
5.671161
6.056590
6.091996
5.230034
3.257385
3.649296
4.067827
4.141654
4.139618
3.902457
11.255072
10.567228
7.635022
7.391939
5.885840
7.339431
9.870657
10.934568
10.621420
8.768751
7.160707
6.010942
7.969869
8.892925
10.477694
10.370453
8.462103
7.215989
6.766912
7.353578
8.052762
9.893450
10.047886
8.770952
5.739312
6.790967
7.265421
8.185305
10.343102
10.915905
10.026367
8.183812
8.083468
8.173533
8.886404
10.919500
11.921782
11.424164
7.562174
8.940191
7.766523
8.261390
10.307713
11.681683
11.693636
10.565731
9.007461
8.087376
8.966703
8.226980
10.664347
10.905035
9.799078
7.688049
8.187485
8.840466
8.103990
10.126892
10.551109
9.531559
6.682582
7.048603
8.341618
8.863478
10.328684
11.002110
10.388889
8.656910
7.433246
8.639415
9.421106
9.982021
11.139730
10.802088
8.824126
8.804574
9.339706
9.408468
9.723812
10.751717
10.611788
8.745590
8.066760
7.543713
7.962882
9.086384
9.878416
10.170443
9.412256
8.525169
8.089908
6.581053
8.228156
8.923107
9.426528
8.641838
6.427872
5.904093
6.706520
7.922812
8.022608
9.392543
9.224365
7.999096
7.653610
8.227632
8.772260
8.575422
9.693155
9.741594
8.820966
7.974659
7.550287
7.311817
7.183567
8.640693
8.798991
7.261478
7.680412
7.601383
7.679075
7.397267
8.674213
9.096999
8.113319
7.355980
7.459610
6.459922
6.815405
6.415623
7.782063
7.443802
6.613914
7.479381
7.575242
6.592643
7.096436
7.468089
6.921077
5.513360
6.066103
6.500594
6.582794
6.122424
7.203427
7.218553
6.437441
6.434552
5.973158
5.050612
5.671161
6.056590
6.091996
5.230034
3.257385
3.649296
4.067827
4.141654
4.139618
3.902457
11.255072
10.567228
7.635022
7.391939
5.885840
7.339431
9.870657
10.934568
10.621420
8.768751
7.160707
6.010942
7.969869
8.892925
10.477694
10.370453
8.462103
7.215989
6.766912
7.353578
8.052762
9.893450
10.047886
8.770952
5.739312
6.790967
7.265421
8.185305
10.343102
10.915905
10.026367
8.183812
8.083468
8.173533
8.886404
10.919500
11.921782
11.424164
7.562174
8.940191
7.766523
8.261390
10.307713
11.681683
11.693636
10.565731
9.007461
8.087376
8.966703
8.226980
10.664347
10.905035
9.799078
7.688049
8.187485
8.840466
8.103990
10.126892
10.551109
9.531559
6.682582
7.048603
8.341618
8.863478
10.328684
11.002110
10.388889
8.656910
7.433246
8.639415
9.421106
9.982021
11.139730
10.802088
8.824126
8.804574
9.339706
9.408468
9.723812
10.751717
10.611788
8.745590
8.066760
7.543713
7.962882
9.086384
9.878416
10.170443
9.412256
8.525169
8.089908
6.581053
8.228156
8.923107
9.426528
8.641838
6.427872
5.904093
6.706520
7.922812
8.022608
9.392543
9.224365
7.999096
7.653610
8.227632
8.772260
8.575422
9.693155
9.741594
8.820966
7.974659
7.550287
7.311817
7.183567
8.640693
8.798991
7.261478
7.680412
7.601383
7.679075
7.397267
8.674213
9.096999
8.113319
7.355980
7.459610
6.459922
6.815405
6.415623
7.782063
7.443802
6.613914
7.479381
7.575242
6.592643
7.096436
7.468089
6.921077
5.513360
6.066103
6.500594
6.582794
6.122424
7.203427
7.218553
6.437441
6.434552
5.973158
5.050612
5.671161
6.056590
6.091996
5.230034
3.257385
3.649296
4.067827
4.141654
4.139618
3.902457
11.255072
10.567228
7.635022
7.391939
5.885840
7.339431
9.870657
10.934568
10.621420
8.768751
7.160707
6.010942
7.969869
8.892925
10.477694
10.370453
8.462103
7.215989
6.766912
7.353578
8.052762
9.893450
10.047886
8.770952
5.739312
6.790967
7.265421
8.185305
10.343102
10.915905
10.026367
8.183812
8.083468
8.173533
8.886404
10.919500
11.921782
11.424164
7.562174
8.940191
7.766523
8.261390
10.307713
11.681683
11.693636
10.565731
9.007461
8.087376
8.966703
8.226980
10.664347
10.905035
9.799078
7.688049
8.187485
8.840466
8.103990
10.126892
10.551109
9.531559
6.682582
7.048603
8.341618
8.863478
10.328684
11.002110
10.388889
8.656910
7.433246
8.639415
9.421106
9.982021
11.139730
10.802088
8.824126
8.804574
9.339706
9.408468
9.723812
10.751717
10.611788
8.745590
8.066760
7.543713
7.962882
9.086384
9.878416
10.170443
9.412256
8.525169
8.089908
6.581053
8.228156
8.923107
9.426528
8.641838
6.427872
5.904093
6.706520
7.922812
8.022608
9.392543
9.224365
7.999096
7.653610
8.227632
8.772260
8.575422
9.693155
9.741594
8.820966
7.974659
7.550287
7.311817
7.183567
8.640693
8.798991
7.261478
7.680412
7.601383
7.679075
7.397267
8.674213
9.096999
8.113319
7.355980
7.459610
6.459922
6.815405
6.415623
7.782063
7.443802
6.613914
7.479381
7.575242
6.592643
7.096436
7.468089
6.921077
5.513360
6.066103
6.500594
6.582794
6.122424
7.203427
7.218553
6.437441
6.434552
5.973158
5.050612
5.671161
6.056590
6.091996
5.230034
3.257385
3.649296
4.067827
4.141654
4.139618
3.902457
11.255072
10.567228
7.635022
7.391939
5.885840
7.339431
9.870657
10.934568
10.621420
8.768751
7.160707
6.010942
7.969869
8.892925
10.477694
10.370453
8.462103
7.215989
6.766912
7.353578
8.052762
9.893450
10.047886
8.770952
5.739312
6.790967
7.265421
8.185305
10.343102
10.915905
10.026367
8.183812
8.083468
8.173533
8.886404
10.919500
11.921782
11.424164
7.562174
8.940191
7.766523
8.261390
10.307713
11.681683
11.693636
10.565731
9.007461
8.087376
8.966703
8.226980
10.664347
10.905035
9.799078
7.688049
8.187485
8.840466
8.103990
10.126892
10.551109
9.531559
6.682582
7.048603
8.341618
8.863478
10.328684
11.002110
10.388889
8.656910
7.433246
8.639415
9.421106
9.982021
11.139730
10.802088
8.824126
8.804574
9.339706
9.408468
9.723812
10.751717
10.611788
8.745590
8.066760
7.543713
7.962882
9.086384
9.878416
10.170443
9.412256
8.525169
8.089908
6.581053
8.228156
8.923107
9.426528
8.641838
6.427872
5.904093
6.706520
7.922812
8.022608
9.392543
9.224365
7.999096
7.653610
8.227632
8.772260
8.575422
9.693155
9.741594
8.820966
7.974659
7.550287
7.311817
7.183567
8.640693
8.798991
7.261478
7.680412
7.601383
7.679075
7.397267
8.674213
9.096999
8.113319
7.355980
7.459610
6.459922
6.815405
6.415623
7.782063
7.443802
6.613914
7.479381
7.575242
6.592643
7.096436
7.468089
6.921077
5.513360
6.066103
6.500594
6.582794
6.122424
7.203427
7.218553
6.437441
6.434552
5.973158
5.050612
5.671161
6.056590
6.091996
5.230034
3.257385
3.649296
4.067827
4.141654
4.139618
3.902457
11.255072
10.567228
7.635022
7.391939
5.885840
7.339431
9.870657
10.934568
10.621420
8.768751
7.160707
6.010942
7.969869
8.892925
10.477694
10.370453
8.462103
7.215989
6.766912
7.353578
8.052762
9.893450
10.047886
8.770952
5.739312
6.790967
7.265421
8.185305
10.343102
10.915905
10.026367
8.183812
8.083468
8.173533
8.886404
10.919500
11.921782
11.424164
7.562174
8.940191
7.766523
8.261390
10.307713
11.681683
11.693636
10.565731
9.007461
8.087376
8.966703
8.226980
10.664347
10.905035
9.799078
7.688049
8.187485
8.840466
8.103990
10.126892
10.551109
9.531559
6.682582
7.048603
8.341618
8.863478
10.328684
11.002110
10.388889
8.656910
7.433246
8.639415
9.421106
9.982021
11.139730
10.802088
8.824126
8.804574
9.339706
9.408468
9.723812
10.751717
10.611788
8.745590
8.066760
7.543713
7.962882
9.086384
9.878416
10.170443
9.412256
8.525169
8.089908
6.581053
8.228156
8.923107
9.426528
8.641838
6.427872
5.904093
6.706520
7.922812
8.022608
9.392543
9.224365
7.999096
7.653610
8.227632
8.772260
8.575422
9.693155
9.741594
8.820966
7.974659
7.550287
7.311817
7.183567
8.640693
8.798991
7.261478
7.680412
7.601383
7.679075
7.397267
8.674213
9.096999
8.113319
7.355980
7.459610
6.459922
6.815405
6.415623
7.782063
7.443802
6.613914
7.479381
7.575242
6.592643
7.096436
7.468089
6.921077
5.513360
6.066103
6.500594
6.582794
6.122424
7.203427
7.218553
6.437441
6.434552
5.973158
5.050612
5.671161
6.056590
6.091996
5.230034
3.257385
3.649296
4.067827
4.141654
4.139618
3.902457
11.255072
10.567228
7.635022
7.391939
5.885840
7.339431
9.870657
10.934568
10.621420
8.768751
7.160707
6.010942
7.969869
8.892925
10.477694
10.370453
8.462103
7.215989
6.766912
7.353578
8.052762
9.893450
10.047886
8.770952
5.739312
6.790967
7.265421
8.185305
10.343102
10.915905
10.026367
8.183812
8.083468
8.173533
8.886404
10.919500
11.921782
11.424164
7.562174
8.940191
7.766523
8.261390
10.307713
11.681683
11.693636
10.565731
9.007461
8.087376
8.966703
8.226980
10.664347
10.905035
9.799078
7.688049
8.187485
8.840466
8.103990
10.126892
10.551109
9.531559
6.682582
7.048603
8.341618
8.863478
10.328684
11.002110
10.388889
8.656910
7.433246
8.639415
9.421106
9.982021
11.139730
10.802088
8.824126
8.804574
9.339706
9.408468
9.723812
10.751717
10.611788
8.745590
8.066760
7.543713
7.962882
9.086384
9.878416
10.170443
9.412256
8.525169
8.089908
6.581053
8.228156
8.923107
9.426528
8.641838
6.427872
5.904093
6.706520
7.922812
8.022608
9.392543
9.224365
7.999096
7.653610
8.227632
8.772260
8.575422
9.693155
9.741594
8.820966
7.974659
7.550287
7.311817
7.183567
8.640693
8.798991
7.261478
7.680412
7.601383
7.679075
7.397267
8.674213
9.096999
8.113319
7.355980
7.459610
6.459922
6.815405
6.415623
7.782063
7.443802
6.613914
7.479381
7.575242
6.592643
7.096436
7.468089
6.921077
5.513360
6.066103
6.500594
6.582794
6.122424
7.203427
7.218553
6.437441
6.434552
5.973158
5.050612
5.671161
6.056590
6.091996
5.230034
3.257385
3.649296
4.067827
4.141654
4.139618
3.902457
11.255072
10.567228
7.635022
7.391939
5.885840
7.339431
9.870657
10.934568
10.621420
8.768751
7.160707
6.010942
7.969869
8.892925
10.477694
10.370453
8.462103
7.215989
6.766912
7.353578
8.052762
9.893450
10.047886
8.770952
5.739312
6.790967
7.265421
8.185305
10.343102
10.915905
10.026367
8.183812
8.083468
8.173533
8.886404
10.919500
11.921782
11.424164
7.562174
8.940191
7.766523
8.261390
10.307713
11.681683
11.693636
10.565731
9.007461
8.087376
8.966703
8.226980
10.664347
10.905035
9.799078
7.688049
8.187485
8.840466
8.103990
10.126892
10.551109
9.531559
6.682582
7.048603
8.341618
8.863478
10.328684
11.002110
10.388889
8.656910
7.433246
8.639415
9.421106
9.982021
11.139730
10.802088
8.824126
8.804574
9.339706
9.408468
9.723812
10.751717
10.611788
8.745590
8.066760
7.543713
7.962882
9.086384
9.878416
10.170443
9.412256
8.525169
8.089908
6.581053
8.228156
8.923107
9.426528
8.641838
6.427872
5.904093
6.706520
7.922812
8.022608
9.392543
9.224365
7.999096
7.653610
8.227632
8.772260
8.575422
9.693155
9.741594
8.820966
7.974659
7.550287
7.311817
7.183567
8.640693
8.798991
7.261478
7.680412
7.601383
7.679075
7.397267
8.674213
9.096999
8.113319
7.355980
7.459610
6.459922
6.815405
6.415623
7.782063
7.443802
6.613914
7.479381
7.575242
6.592643
7.096436
7.468089
6.921077
5.513360
6.066103
6.500594
6.582794
6.122424
7.203427
7.218553
6.437441
6.434552
5.973158
5.050612
5.671161
6.056590
6.091996
5.230034
3.257385
3.649296
4.067827
4.141654
4.139618
3.902457
11.255072
10.567228
7.635022
7.391939
5.885840
7.339431
9.870657
10.934568
10.621420
8.768751
7.160707
6.010942
7.969869
8.892925
10.477694
10.370453
8.462103
7.215989
6.766912
7.353578
8.052762
9.893450
10.047886
8.770952
5.739312
6.790967
7.265421
8.185305
10.343102
10.915905
10.026367
8.183812
8.083468
8.173533
8.886404
10.919500
11.921782
11.424164
7.562174
8.940191
7.766523
8.261390
10.307713
11.681683
11.693636
10.565731
9.007461
8.087376
8.966703
8.226980
10.664347
10.905035
9.799078
7.688049
8.187485
8.840466
8.103990
10.126892
10.551109
9.531559
6.682582
7.048603
8.341618
8.863478
10.328684
11.002110
10.388889
8.656910
7.433246
8.639415
9.421106
9.982021
11.139730
10.802088
8.824126
8.804574
9.339706
9.408468
9.723812
10.751717
10.611788
8.745590
8.066760
7.543713
7.962882
9.086384
9.878416
10.170443
9.412256
8.525169
8.089908
6.581053
8.228156
8.923107
9.426528
8.641838
6.427872
5.904093
6.706520
7.922812
8.022608
9.392543
9.224365
7.999096
7.653610
8.227632
8.772260
8.575422
9.693155
9.741594
8.820966
7.974659
7.550287
7.311817
7.183567
8.640693
8.798991
7.261478
7.680412
7.601383
7.679075
7.397267
8.674213
9.096999
8.113319
7.355980
7.459610
6.459922
6.815405
6.415623
7.782063
7.443802
6.613914
7.479381
7.575242
6.592643
7.096436
7.468089
6.921077
5.513360
6.066103
6.500594
6.582794
6.122424
7.203427
7.218553
6.437441
6.434552
5.973158
5.050612
5.671161
6.056590
6.091996
5.230034
3.257385
3.649296
4.067827
4.141654
4.139618
3.902457
11.255072
10.567228
7.635022
7.391939
5.885840
7.339431
9.870657
10.934568
10.621420
8.768751
7.160707
6.010942
7.969869
8.892925
10.477694
10.370453
8.462103
7.215989
6.766912
7.353578
8.052762
9.893450
10.047886
8.770952
5.739312
6.790967
7.265421
8.185305
10.343102
10.915905
10.026367
8.183812
8.083468
8.173533
8.886404
10.919500
11.921782
11.424164
7.562174
8.940191
7.766523
8.261390
10.307713
11.681683
11.693636
10.565731
9.007461
8.087376
8.966703
8.226980
10.664347
10.905035
9.799078
7.688049
8.187485
8.840466
8.103990
10.126892
10.551109
9.531559
6.682582
7.048603
8.341618
8.863478
10.328684
11.002110
10.388889
8.656910
7.433246
8.639415
9.421106
9.982021
11.139730
10.802088
8.824126
8.804574
9.339706
9.408468
9.723812
10.751717
10.611788
8.745590
8.066760
7.543713
7.962882
9.086384
9.878416
10.170443
9.412256
8.525169
8.089908
6.581053
8.228156
8.923107
9.426528
8.641838
6.427872
5.904093
6.706520
7.922812
8.022608
9.392543
9.224365
7.999096
7.653610
8.227632
8.772260
8.575422
9.693155
9.741594
8.820966
7.974659
7.550287
7.311817
7.183567
8.640693
8.798991
7.261478
7.680412
7.601383
7.679075
7.397267
8.674213
9.096999
8.113319
7.355980
7.459610
6.459922
6.815405
6.415623
7.782063
7.443802
6.613914
7.479381
7.575242
6.592643
7.096436
7.468089
6.921077
5.513360
6.066103
6.500594
6.582794
6.122424
7.203427
7.218553
6.437441
6.434552
5.973158
5.050612
5.671161
6.056590
6.091996
5.230034
3.257385
3.649296
4.067827
4.141654
4.139618
3.902457
11.255072
10.567228
7.635022
7.391939
5.885840
7.339431
9.870657
10.934568
10.621420
8.768751
7.160707
6.010942
7.969869
8.892925
10.477694
10.370453
8.462103
7.215989
6.766912
7.353578
8.052762
9.893450
10.047886
8.770952
5.739312
6.790967
7.265421
8.185305
10.343102
10.915905
10.026367
8.183812
8.083468
8.173533
8.886404
10.919500
11.921782
11.424164
7.562174
8.940191
7.766523
8.261390
10.307713
11.681683
11.693636
10.565731
9.007461
8.087376
8.966703
8.226980
10.664347
10.905035
9.799078
7.688049
8.187485
8.840466
8.103990
10.126892
10.551109
9.531559
6.682582
7.048603
8.341618
8.863478
10.328684
11.002110
10.388889
8.656910
7.433246
8.639415
9.421106
9.982021
11.139730
10.802088
8.824126
8.804574
9.339706
9.408468
9.723812
10.751717
10.611788
8.745590
8.066760
7.543713
7.962882
9.086384
9.878416
10.170443
9.412256
8.525169
8.089908
6.581053
8.228156
8.923107
9.426528
8.641838
6.427872
5.904093
6.706520
7.922812
8.022608
9.392543
9.224365
7.999096
7.653610
8.227632
8.772260
8.575422
9.693155
9.741594
8.820966
7.974659
7.550287
7.311817
7.183567
8.640693
8.798991
7.261478
7.680412
7.601383
7.679075
7.397267
8.674213
9.096999
8.113319
7.355980
7.459610
6.459922
6.815405
6.415623
7.782063
7.443802
6.613914
7.479381
7.575242
6.592643
7.096436
7.468089
6.921077
5.513360
6.066103
6.500594
6.582794
6.122424
7.203427
7.218553
6.437441
6.434552
5.973158
5.050612
5.671161
6.056590
6.091996
5.230034
3.257385
3.649296
4.067827
4.141654
4.139618
3.902457
11.255072
10.567228
7.635022
7.391939
5.885840
7.339431
9.870657
10.934568
10.621420
8.768751
7.160707
6.010942
7.969869
8.892925
10.477694
10.370453
8.462103
7.215989
6.766912
7.353578
8.052762
9.893450
10.047886
8.770952
5.739312
6.790967
7.265421
8.185305
10.343102
10.915905
10.026367
8.183812
8.083468
8.173533
8.886404
10.919500
11.921782
11.424164
7.562174
8.940191
7.766523
8.261390
10.307713
11.681683
11.693636
10.565731
9.007461
8.087376
8.966703
8.226980
10.664347
10.905035
9.799078
7.688049
8.187485
8.840466
8.103990
10.126892
10.551109
9.531559
6.682582
7.048603
8.341618
8.863478
10.328684
11.002110
10.388889
8.656910
7.433246
8.639415
9.421106
9.982021
11.139730
10.802088
8.824126
8.804574
9.339706
9.408468
9.723812
10.751717
10.611788
8.745590
8.066760
7.543713
7.962882
9.086384
9.878416
10.170443
9.412256
8.525169
8.089908
6.581053
8.228156
8.923107
9.426528
8.641838
6.427872
5.904093
6.706520
7.922812
8.022608
9.392543
9.224365
7.999096
7.653610
8.227632
8.772260
8.575422
9.693155
9.741594
8.820966
7.974659
7.550287
7.311817
7.183567
8.640693
8.798991
7.261478
7.680412
7.601383
7.679075
7.397267
8.674213
9.096999
8.113319
7.355980
7.459610
6.459922
6.815405
6.415623
7.782063
7.443802
6.613914
7.479381
7.575242
6.592643
7.096436
7.468089
6.921077
5.513360
6.066103
6.500594
6.582794
6.122424
7.203427
7.218553
6.437441
6.434552
5.973158
5.050612
5.671161
6.056590
6.091996
5.230034
3.257385
3.649296
4.067827
4.141654
4.139618
3.902457
11.255072
10.567228
7.635022
7.391939
5.885840
7.339431
9.870657
10.934568
10.621420
8.768751
7.160707
6.010942
7.969869
8.892925
10.477694
10.370453
8.462103
7.215989
6.766912
7.353578
8.052762
9.893450
10.047886
8.770952
5.739312
6.790967
7.265421
8.185305
10.343102
10.915905
10.026367
8.183812
8.083468
8.173533
8.886404
10.919500
11.921782
11.424164
7.562174
8.940191
7.766523
8.261390
10.307713
11.681683
11.693636
10.565731
9.007461
8.087376
8.966703
8.226980
10.664347
10.905035
9.799078
7.688049
8.187485
8.840466
8.103990
10.126892
10.551109
9.531559
6.682582
7.048603
8.341618
8.863478
10.328684
11.002110
10.388889
8.656910
7.433246
8.639415
9.421106
9.982021
11.139730
10.802088
8.824126
8.804574
9.339706
9.408468
9.723812
10.751717
10.611788
8.745590
8.066760
7.543713
7.962882
9.086384
9.878416
10.170443
9.412256
8.525169
8.089908
6.581053
8.228156
8.923107
9.426528
8.641838
6.427872
5.904093
6.706520
7.922812
8.022608
9.392543
9.224365
7.999096
7.653610
8.227632
8.772260
8.575422
9.693155
9.741594
8.820966
7.974659
7.550287
7.311817
7.183567
8.640693
8.798991
7.261478
7.680412
7.601383
7.679075
7.397267
8.674213
9.096999
8.113319
7.355980
7.459610
6.459922
6.815405
6.415623
7.782063
7.443802
6.613914
7.479381
7.575242
6.592643
7.096436
7.468089
6.921077
5.513360
6.066103
6.500594
6.582794
6.122424
7.203427
7.218553
6.437441
6.434552
5.973158
5.050612
5.671161
6.056590
6.091996
5.230034
3.257385
3.649296
4.067827
4.141654
4.139618
3.902457
11.255072
10.567228
7.635022
7.391939
5.885840
7.339431
9.870657
10.934568
10.621420
8.768751
7.160707
6.010942
7.969869
8.892925
10.477694
10.370453
8.462103
7.215989
6.766912
7.353578
8.052762
9.893450
10.047886
8.770952
5.739312
6.790967
7.265421
8.185305
10.343102
10.915905
10.026367
8.183812
8.083468
8.173533
8.886404
10.919500
11.921782
11.424164
7.562174
8.940191
7.766523
8.261390
10.307713
11.681683
11.693636
10.565731
9.007461
8.087376
8.966703
8.226980
10.664347
10.905035
9.799078
7.688049
8.187485
8.840466
8.103990
10.126892
10.551109
9.531559
6.682582
7.048603
8.341618
8.863478
10.328684
11.002110
10.388889
8.656910
7.433246
8.639415
9.421106
9.982021
11.139730
10.802088
8.824126
8.804574
9.339706
9.408468
9.723812
10.751717
10.611788
8.745590
8.066760
7.543713
7.962882
9.086384
9.878416
10.170443
9.412256
8.525169
8.089908
6.581053
8.228156
8.923107
9.426528
8.641838
6.427872
5.904093
6.706520
7.922812
8.022608
9.392543
9.224365
7.999096
7.653610
8.227632
8.772260
8.575422
9.693155
9.741594
8.820966
7.974659
7.550287
7.311817
7.183567
8.640693
8.798991
7.261478
7.680412
7.601383
7.679075
7.397267
8.674213
9.096999
8.113319
7.355980
7.459610
6.459922
6.815405
6.415623
7.782063
7.443802
6.613914
7.479381
7.575242
6.592643
7.096436
7.468089
6.921077
5.513360
6.066103
6.500594
6.582794
6.122424
7.203427
7.218553
6.437441
6.434552
5.973158
5.050612
5.671161
6.056590
6.091996
5.230034
3.257385
3.649296
4.067827
4.141654
4.139618
3.902457
11.255072
10.567228
7.635022
7.391939
5.885840
7.339431
9.870657
10.934568
10.621420
8.768751
7.160707
6.010942
7.969869
8.892925
10.477694
10.370453
8.462103
7.215989
6.766912
7.353578
8.052762
9.893450
10.047886
8.770952
5.739312
6.790967
7.265421
8.185305
10.343102
10.915905
10.026367
8.183812
8.083468
8.173533
8.886404
10.919500
11.921782
11.424164
7.562174
8.940191
7.766523
8.261390
10.307713
11.681683
11.693636
10.565731
9.007461
8.087376
8.966703
8.226980
10.664347
10.905035
9.799078
7.688049
8.187485
8.840466
8.103990
10.126892
10.551109
9.531559
6.682582
7.048603
8.341618
8.863478
10.328684
11.002110
10.388889
8.656910
7.433246
8.639415
9.421106
9.982021
11.139730
10.802088
8.824126
8.804574
9.339706
9.408468
9.723812
10.751717
10.611788
8.745590
8.066760
7.543713
7.962882
9.086384
9.878416
10.170443
9.412256
8.525169
8.089908
6.581053
8.228156
8.923107
9.426528
8.641838
6.427872
5.904093
6.706520
7.922812
8.022608
9.392543
9.224365
7.999096
7.653610
8.227632
8.772260
8.575422
9.693155
9.741594
8.820966
7.974659
7.550287
7.311817
7.183567
8.640693
8.798991
7.261478
7.680412
7.601383
7.679075
7.397267
8.674213
9.096999
8.113319
7.355980
7.459610
6.459922
6.815405
6.415623
7.782063
7.443802
6.613914
7.479381
7.575242
6.592643
7.096436
7.468089
6.921077
5.513360
6.066103
6.500594
6.582794
6.122424
7.203427
7.218553
6.437441
6.434552
5.973158
5.050612
5.671161
6.056590
6.091996
5.230034
3.257385
3.649296
4.067827
4.141654
4.139618
3.902457
11.255072
10.567228
7.635022
7.391939
5.885840
7.339431
9.870657
10.934568
10.621420
8.768751
7.160707
6.010942
7.969869
8.892925
10.477694
10.370453
8.462103
7.215989
6.766912
7.353578
8.052762
9.893450
10.047886
8.770952
5.739312
6.790967
7.265421
8.185305
10.343102
10.915905
10.026367
8.183812
8.083468
8.173533
8.886404
10.919500
11.921782
11.424164
7.562174
8.940191
7.766523
8.261390
10.307713
11.681683
11.693636
10.565731
9.007461
8.087376
8.966703
8.226980
10.664347
10.905035
9.799078
7.688049
8.187485
8.840466
8.103990
10.126892
10.551109
9.531559
6.682582
7.048603
8.341618
8.863478
10.328684
11.002110
10.388889
8.656910
7.433246
8.639415
9.421106
9.982021
11.139730
10.802088
8.824126
8.804574
9.339706
9.408468
9.723812
10.751717
10.611788
8.745590
8.066760
7.543713
7.962882
9.086384
9.878416
10.170443
9.412256
8.525169
8.089908
6.581053
8.228156
8.923107
9.426528
8.641838
6.427872
5.904093
6.706520
7.922812
8.022608
9.392543
9.224365
7.999096
7.653610
8.227632
8.772260
8.575422
9.693155
9.741594
8.820966
7.974659
7.550287
7.311817
7.183567
8.640693
8.798991
7.261478
7.680412
7.601383
7.679075
7.397267
8.674213
9.096999
8.113319
7.355980
7.459610
6.459922
6.815405
6.415623
7.782063
7.443802
6.613914
7.479381
7.575242
6.592643
7.096436
7.468089
6.921077
5.513360
6.066103
6.500594
6.582794
6.122424
7.203427
7.218553
6.437441
6.434552
5.973158
5.050612
5.671161
6.056590
6.091996
5.230034
3.257385
3.649296
4.067827
4.141654
4.139618
3.902457
11.255072
10.567228
7.635022
7.391939
5.885840
7.339431
9.870657
10.934568
10.621420
8.768751
7.160707
6.010942
7.969869
8.892925
10.477694
10.370453
8.462103
7.215989
6.766912
7.353578
8.052762
9.893450
10.047886
8.770952
5.739312
6.790967
7.265421
8.185305
10.343102
10.915905
10.026367
8.183812
8.083468
8.173533
8.886404
10.919500
11.921782
11.424164
7.562174
8.940191
7.766523
8.261390
10.307713
11.681683
11.693636
10.565731
9.007461
8.087376
8.966703
8.226980
10.664347
10.905035
9.799078
7.688049
8.187485
8.840466
8.103990
10.126892
10.551109
9.531559
6.682582
7.048603
8.341618
8.863478
10.328684
11.002110
10.388889
8.656910
7.433246
8.639415
9.421106
9.982021
11.139730
10.802088
8.824126
8.804574
9.339706
9.408468
9.723812
10.751717
10.611788
8.745590
8.066760
7.543713
7.962882
9.086384
9.878416
10.170443
9.412256
8.525169
8.089908
6.581053
8.228156
8.923107
9.426528
8.641838
6.427872
5.904093
6.706520
7.922812
8.022608
9.392543
9.224365
7.999096
7.653610
8.227632
8.772260
8.575422
9.693155
9.741594
8.820966
7.974659
7.550287
7.311817
7.183567
8.640693
8.798991
7.261478
7.680412
7.601383
7.679075
7.397267
8.674213
9.096999
8.113319
7.355980
7.459610
6.459922
6.815405
6.415623
7.782063
7.443802
6.613914
7.479381
7.575242
6.592643
7.096436
7.468089
6.921077
5.513360
6.066103
6.500594
6.582794
6.122424
7.203427
7.218553
6.437441
6.434552
5.973158
5.050612
5.671161
6.056590
6.091996
5.230034
3.257385
3.649296
4.067827
4.141654
4.139618
3.902457
11.255072
10.567228
7.635022
7.391939
5.885840
7.339431
9.870657
10.934568
10.621420
8.768751
7.160707
6.010942
7.969869
8.892925
10.477694
10.370453
8.462103
7.215989
6.766912
7.353578
8.052762
9.893450
10.047886
8.770952
5.739312
6.790967
7.265421
8.185305
10.343102
10.915905
10.026367
8.183812
8.083468
8.173533
8.886404
10.919500
11.921782
11.424164
7.562174
8.940191
7.766523
8.261390
10.307713
11.681683
11.693636
10.565731
9.007461
8.087376
8.966703
8.226980
10.664347
10.905035
9.799078
7.688049
8.187485
8.840466
8.103990
10.126892
10.551109
9.531559
6.682582
7.048603
8.341618
8.863478
10.328684
11.002110
10.388889
8.656910
7.433246
8.639415
9.421106
9.982021
11.139730
10.802088
8.824126
8.804574
9.339706
9.408468
9.723812
10.751717
10.611788
8.745590
8.066760
7.543713
7.962882
9.086384
9.878416
10.170443
9.412256
8.525169
8.089908
6.581053
8.228156
8.923107
9.426528
8.641838
6.427872
5.904093
6.706520
7.922812
8.022608
9.392543
9.224365
7.999096
7.653610
8.227632
8.772260
8.575422
9.693155
9.741594
8.820966
7.974659
7.550287
7.311817
7.183567
8.640693
8.798991
7.261478
7.680412
7.601383
7.679075
7.397267
8.674213
9.096999
8.113319
7.355980
7.459610
6.459922
6.815405
6.415623
7.782063
7.443802
6.613914
7.479381
7.575242
6.592643
7.096436
7.468089
6.921077
5.513360
6.066103
6.500594
6.582794
6.122424
7.203427
7.218553
6.437441
6.434552
5.973158
5.050612
5.671161
6.056590
6.091996
5.230034
3.257385
3.649296
4.067827
4.141654
4.139618
3.902457
11.255072
10.567228
7.635022
7.391939
5.885840
7.339431
9.870657
10.934568
10.621420
8.768751
7.160707
6.010942
7.969869
8.892925
10.477694
10.370453
8.462103
7.215989
6.766912
7.353578
8.052762
9.893450
10.047886
8.770952
5.739312
6.790967
7.265421
8.185305
10.343102
10.915905
10.026367
8.183812
8.083468
8.173533
8.886404
10.919500
11.921782
11.424164
7.562174
8.940191
7.766523
8.261390
10.307713
11.681683
11.693636
10.565731
9.007461
8.087376
8.966703
8.226980
10.664347
10.905035
9.799078
7.688049
8.187485
8.840466
8.103990
10.126892
10.551109
9.531559
6.682582
7.048603
8.341618
8.863478
10.328684
11.002110
10.388889
8.656910
7.433246
8.639415
9.421106
9.982021
11.139730
10.802088
8.824126
8.804574
9.339706
9.408468
9.723812
10.751717
10.611788
8.745590
8.066760
7.543713
7.962882
9.086384
9.878416
10.170443
9.412256
8.525169
8.089908
6.581053
8.228156
8.923107
9.426528
8.641838
6.427872
5.904093
6.706520
7.922812
8.022608
9.392543
9.224365
7.999096
7.653610
8.227632
8.772260
8.575422
9.693155
9.741594
8.820966
7.974659
7.550287
7.311817
7.183567
8.640693
8.798991
7.261478
7.680412
7.601383
7.679075
7.397267
8.674213
9.096999
8.113319
7.355980
7.459610
6.459922
6.815405
6.415623
7.782063
7.443802
6.613914
7.479381
7.575242
6.592643
7.096436
7.468089
6.921077
5.513360
6.066103
6.500594
6.582794
6.122424
7.203427
7.218553
6.437441
6.434552
5.973158
5.050612
5.671161
6.056590
6.091996
5.230034
3.257385
3.649296
4.067827
4.141654
4.139618
3.902457
11.255072
10.567228
7.635022
7.391939
5.885840
7.339431
9.870657
10.934568
10.621420
8.768751
7.160707
6.010942
7.969869
8.892925
10.477694
10.370453
8.462103
7.215989
6.766912
7.353578
8.052762
9.893450
10.047886
8.770952
5.739312
6.790967
7.265421
8.185305
10.343102
10.915905
10.026367
8.183812
8.083468
8.173533
8.886404
10.919500
11.921782
11.424164
7.562174
8.940191
7.766523
8.261390
10.307713
11.681683
11.693636
10.565731
9.007461
8.087376
8.966703
8.226980
10.664347
10.905035
9.799078
7.688049
8.187485
8.840466
8.103990
10.126892
10.551109
9.531559
6.682582
7.048603
8.341618
8.863478
10.328684
11.002110
10.388889
8.656910
7.433246
8.639415
9.421106
9.982021
11.139730
10.802088
8.824126
8.804574
9.339706
9.408468
9.723812
10.751717
10.611788
8.745590
8.066760
7.543713
7.962882
9.086384
9.878416
10.170443
9.412256
8.525169
8.089908
6.581053
8.228156
8.923107
9.426528
8.641838
6.427872
5.904093
6.706520
7.922812
8.022608
9.392543
9.224365
7.999096
7.653610
8.227632
8.772260
8.575422
9.693155
9.741594
8.820966
7.974659
7.550287
7.311817
7.183567
8.640693
8.798991
7.261478
7.680412
7.601383
7.679075
7.397267
8.674213
9.096999
8.113319
7.355980
7.459610
6.459922
6.815405
6.415623
7.782063
7.443802
6.613914
7.479381
7.575242
6.592643
7.096436
7.468089
6.921077
5.513360
6.066103
6.500594
6.582794
6.122424
7.203427
7.218553
6.437441
6.434552
5.973158
5.050612
5.671161
6.056590
6.091996
5.230034
3.257385
3.649296
4.067827
4.141654
4.139618
3.902457
11.255072
10.567228
7.635022
7.391939
5.885840
7.339431
9.870657
10.934568
10.621420
8.768751
7.160707
6.010942
7.969869
8.892925
10.477694
10.370453
8.462103
7.215989
6.766912
7.353578
8.052762
9.893450
10.047886
8.770952
5.739312
6.790967
7.265421
8.185305
10.343102
10.915905
10.026367
8.183812
8.083468
8.173533
8.886404
10.919500
11.921782
11.424164
7.562174
8.940191
7.766523
8.261390
10.307713
11.681683
11.693636
10.565731
9.007461
8.087376
8.966703
8.226980
10.664347
10.905035
9.799078
7.688049
8.187485
8.840466
8.103990
10.126892
10.551109
9.531559
6.682582
7.048603
8.341618
8.863478
10.328684
11.002110
10.388889
8.656910
7.433246
8.639415
9.421106
9.982021
11.139730
10.802088
8.824126
8.804574
9.339706
9.408468
9.723812
10.751717
10.611788
8.745590
8.066760
7.543713
7.962882
9.086384
9.878416
10.170443
9.412256
8.525169
8.089908
6.581053
8.228156
8.923107
9.426528
8.641838
6.427872
5.904093
6.706520
7.922812
8.022608
9.392543
9.224365
7.999096
7.653610
8.227632
8.772260
8.575422
9.693155
9.741594
8.820966
7.974659
7.550287
7.311817
7.183567
8.640693
8.798991
7.261478
7.680412
7.601383
7.679075
7.397267
8.674213
9.096999
8.113319
7.355980
7.459610
6.459922
6.815405
6.415623
7.782063
7.443802
6.613914
7.479381
7.575242
6.592643
7.096436
7.468089
6.921077
5.513360
6.066103
6.500594
6.582794
6.122424
7.203427
7.218553
6.437441
6.434552
5.973158
5.050612
5.671161
6.056590
6.091996
5.230034
3.257385
3.649296
4.067827
4.141654
4.139618
3.902457
11.255072
10.567228
7.635022
7.391939
5.885840
7.339431
9.870657
10.934568
10.621420
8.768751
7.160707
6.010942
7.969869
8.892925
10.477694
10.370453
8.462103
7.215989
6.766912
7.353578
8.052762
9.893450
10.047886
8.770952
5.739312
6.790967
7.265421
8.185305
10.343102
10.915905
10.026367
8.183812
8.083468
8.173533
8.886404
10.919500
11.921782
11.424164
7.562174
8.940191
7.766523
8.261390
10.307713
11.681683
11.693636
10.565731
9.007461
8.087376
8.966703
8.226980
10.664347
10.905035
9.799078
7.688049
8.187485
8.840466
8.103990
10.126892
10.551109
9.531559
6.682582
7.048603
8.341618
8.863478
10.328684
11.002110
10.388889
8.656910
7.433246
8.639415
9.421106
9.982021
11.139730
10.802088
8.824126
8.804574
9.339706
9.408468
9.723812
10.751717
10.611788
8.745590
8.066760
7.543713
7.962882
9.086384
9.878416
10.170443
9.412256
8.525169
8.089908
6.581053
8.228156
8.923107
9.426528
8.641838
6.427872
5.904093
6.706520
7.922812
8.022608
9.392543
9.224365
7.999096
7.653610
8.227632
8.772260
8.575422
9.693155
9.741594
8.820966
7.974659
7.550287
7.311817
7.183567
8.640693
8.798991
7.261478
7.680412
7.601383
7.679075
7.397267
8.674213
9.096999
8.113319
7.355980
7.459610
6.459922
6.815405
6.415623
7.782063
7.443802
6.613914
7.479381
7.575242
6.592643
7.096436
7.468089
6.921077
5.513360
6.066103
6.500594
6.582794
6.122424
7.203427
7.218553
6.437441
6.434552
5.973158
5.050612
5.671161
6.056590
6.091996
5.230034
3.257385
3.649296
4.067827
4.141654
4.139618
3.902457
11.255072
10.567228
7.635022
7.391939
5.885840
7.339431
9.870657
10.934568
10.621420
8.768751
7.160707
6.010942
7.969869
8.892925
10.477694
10.370453
8.462103
7.215989
6.766912
7.353578
8.052762
9.893450
10.047886
8.770952
5.739312
6.790967
7.265421
8.185305
10.343102
10.915905
10.026367
8.183812
8.083468
8.173533
8.886404
10.919500
11.921782
11.424164
7.562174
8.940191
7.766523
8.261390
10.307713
11.681683
11.693636
10.565731
9.007461
8.087376
8.966703
8.226980
10.664347
10.905035
9.799078
7.688049
8.187485
8.840466
8.103990
10.126892
10.551109
9.531559
6.682582
7.048603
8.341618
8.863478
10.328684
11.002110
10.388889
8.656910
7.433246
8.639415
9.421106
9.982021
11.139730
10.802088
8.824126
8.804574
9.339706
9.408468
9.723812
10.751717
10.611788
8.745590
8.066760
7.543713
7.962882
9.086384
9.878416
10.170443
9.412256
8.525169
8.089908
6.581053
8.228156
8.923107
9.426528
8.641838
6.427872
5.904093
6.706520
7.922812
8.022608
9.392543
9.224365
7.999096
7.653610
8.227632
8.772260
8.575422
9.693155
9.741594
8.820966
7.974659
7.550287
7.311817
7.183567
8.640693
8.798991
7.261478
7.680412
7.601383
7.679075
7.397267
8.674213
9.096999
8.113319
7.355980
7.459610
6.459922
6.815405
6.415623
7.782063
7.443802
6.613914
7.479381
7.575242
6.592643
7.096436
7.468089
6.921077
5.513360
6.066103
6.500594
6.582794
6.122424
7.203427
7.218553
6.437441
6.434552
5.973158
5.050612
5.671161
6.056590
6.091996
5.230034
3.257385
3.649296
4.067827
4.141654
4.139618
3.902457
11.255072
10.567228
7.635022
7.391939
5.885840
7.339431
9.870657
10.934568
10.621420
8.768751
7.160707
6.010942
7.969869
8.892925
10.477694
10.370453
8.462103
7.215989
6.766912
7.353578
8.052762
9.893450
10.047886
8.770952
5.739312
6.790967
7.265421
8.185305
10.343102
10.915905
10.026367
8.183812
8.083468
8.173533
8.886404
10.919500
11.921782
11.424164
7.562174
8.940191
7.766523
8.261390
10.307713
11.681683
11.693636
10.565731
9.007461
8.087376
8.966703
8.226980
10.664347
10.905035
9.799078
7.688049
8.187485
8.840466
8.103990
10.126892
10.551109
9.531559
6.682582
7.048603
8.341618
8.863478
10.328684
11.002110
10.388889
8.656910
7.433246
8.639415
9.421106
9.982021
11.139730
10.802088
8.824126
8.804574
9.339706
9.408468
9.723812
10.751717
10.611788
8.745590
8.066760
7.543713
7.962882
9.086384
9.878416
10.170443
9.412256
8.525169
8.089908
6.581053
8.228156
8.923107
9.426528
8.641838
6.427872
5.904093
6.706520
7.922812
8.022608
9.392543
9.224365
7.999096
7.653610
8.227632
8.772260
8.575422
9.693155
9.741594
8.820966
7.974659
7.550287
7.311817
7.183567
8.640693
8.798991
7.261478
7.680412
7.601383
7.679075
7.397267
8.674213
9.096999
8.113319
7.355980
7.459610
6.459922
6.815405
6.415623
7.782063
7.443802
6.613914
7.479381
7.575242
6.592643
7.096436
7.468089
6.921077
5.513360
6.066103
6.500594
6.582794
6.122424
7.203427
7.218553
6.437441
6.434552
5.973158
5.050612
5.671161
6.056590
6.091996
5.230034
3.257385
3.649296
4.067827
4.141654
4.139618
3.902457
11.255072
10.567228
7.635022
7.391939
5.885840
7.339431
9.870657
10.934568
10.621420
8.768751
7.160707
6.010942
7.969869
8.892925
10.477694
10.370453
8.462103
7.215989
6.766912
7.353578
8.052762
9.893450
10.047886
8.770952
5.739312
6.790967
7.265421
8.185305
10.343102
10.915905
10.026367
8.183812
8.083468
8.173533
8.886404
10.919500
11.921782
11.424164
7.562174
8.940191
7.766523
8.261390
10.307713
11.681683
11.693636
10.565731
9.007461
8.087376
8.966703
8.226980
10.664347
10.905035
9.799078
7.688049
8.187485
8.840466
8.103990
10.126892
10.551109
9.531559
6.682582
7.048603
8.341618
8.863478
10.328684
11.002110
10.388889
8.656910
7.433246
8.639415
9.421106
9.982021
11.139730
10.802088
8.824126
8.804574
9.339706
9.408468
9.723812
10.751717
10.611788
8.745590
8.066760
7.543713
7.962882
9.086384
9.878416
10.170443
9.412256
8.525169
8.089908
6.581053
8.228156
8.923107
9.426528
8.641838
6.427872
5.904093
6.706520
7.922812
8.022608
9.392543
9.224365
7.999096
7.653610
8.227632
8.772260
8.575422
9.693155
9.741594
8.820966
7.974659
7.550287
7.311817
7.183567
8.640693
8.798991
7.261478
7.680412
7.601383
7.679075
7.397267
8.674213
9.096999
8.113319
7.355980
7.459610
6.459922
6.815405
6.415623
7.782063
7.443802
6.613914
7.479381
7.575242
6.592643
7.096436
7.468089
6.921077
5.513360
6.066103
6.500594
6.582794
6.122424
7.203427
7.218553
6.437441
6.434552
5.973158
5.050612
5.671161
6.056590
6.091996
5.230034
3.257385
3.649296
4.067827
4.141654
4.139618
3.902457
11.255072
10.567228
7.635022
7.391939
5.885840
7.339431
9.870657
10.934568
10.621420
8.768751
7.160707
6.010942
7.969869
8.892925
10.477694
10.370453
8.462103
7.215989
6.766912
7.353578
8.052762
9.893450
10.047886
8.770952
5.739312
6.790967
7.265421
8.185305
10.343102
10.915905
10.026367
8.183812
8.083468
8.173533
8.886404
10.919500
11.921782
11.424164
7.562174
8.940191
7.766523
8.261390
10.307713
11.681683
11.693636
10.565731
9.007461
8.087376
8.966703
8.226980
10.664347
10.905035
9.799078
7.688049
8.187485
8.840466
8.103990
10.126892
10.551109
9.531559
6.682582
7.048603
8.341618
8.863478
10.328684
11.002110
10.388889
8.656910
7.433246
8.639415
9.421106
9.982021
11.139730
10.802088
8.824126
8.804574
9.339706
9.408468
9.723812
10.751717
10.611788
8.745590
8.066760
7.543713
7.962882
9.086384
9.878416
10.170443
9.412256
8.525169
8.089908
6.581053
8.228156
8.923107
9.426528
8.641838
6.427872
5.904093
6.706520
7.922812
8.022608
9.392543
9.224365
7.999096
7.653610
8.227632
8.772260
8.575422
9.693155
9.741594
8.820966
7.974659
7.550287
7.311817
7.183567
8.640693
8.798991
7.261478
7.680412
7.601383
7.679075
7.397267
8.674213
9.096999
8.113319
7.355980
7.459610
6.459922
6.815405
6.415623
7.782063
7.443802
6.613914
7.479381
7.575242
6.592643
7.096436
7.468089
6.921077
5.513360
6.066103
6.500594
6.582794
6.122424
7.203427
7.218553
6.437441
6.434552
5.973158
5.050612
5.671161
6.056590
6.091996
5.230034
3.257385
3.649296
4.067827
4.141654
4.139618
3.902457
11.255072
10.567228
7.635022
7.391939
5.885840
7.339431
9.870657
10.934568
10.621420
8.768751
7.160707
6.010942
7.969869
8.892925
10.477694
10.370453
8.462103
7.215989
6.766912
7.353578
8.052762
9.893450
10.047886
8.770952
5.739312
6.790967
7.265421
8.185305
10.343102
10.915905
10.026367
8.183812
8.083468
8.173533
8.886404
10.919500
11.921782
11.424164
7.562174
8.940191
7.766523
8.261390
10.307713
11.681683
11.693636
10.565731
9.007461
8.087376
8.966703
8.226980
10.664347
10.905035
9.799078
7.688049
8.187485
8.840466
8.103990
10.126892
10.551109
9.531559
6.682582
7.048603
8.341618
8.863478
10.328684
11.002110
10.388889
8.656910
7.433246
8.639415
9.421106
9.982021
11.139730
10.802088
8.824126
8.804574
9.339706
9.408468
9.723812
10.751717
10.611788
8.745590
8.066760
7.543713
7.962882
9.086384
9.878416
10.170443
9.412256
8.525169
8.089908
6.581053
8.228156
8.923107
9.426528
8.641838
6.427872
5.904093
6.706520
7.922812
8.022608
9.392543
9.224365
7.999096
7.653610
8.227632
8.772260
8.575422
9.693155
9.741594
8.820966
7.974659
7.550287
7.311817
7.183567
8.640693
8.798991
7.261478
7.680412
7.601383
7.679075
7.397267
8.674213
9.096999
8.113319
7.355980
7.459610
6.459922
6.815405
6.415623
7.782063
7.443802
6.613914
7.479381
7.575242
6.592643
7.096436
7.468089
6.921077
5.513360
6.066103
6.500594
6.582794
6.122424
7.203427
7.218553
6.437441
6.434552
5.973158
5.050612
5.671161
6.056590
6.091996
5.230034
3.257385
3.649296
4.067827
4.141654
4.139618
3.902457
11.255072
10.567228
7.635022
7.391939
5.885840
7.339431
9.870657
10.934568
10.621420
8.768751
7.160707
6.010942
7.969869
8.892925
10.477694
10.370453
8.462103
7.215989
6.766912
7.353578
8.052762
9.893450
10.047886
8.770952
5.739312
6.790967
7.265421
8.185305
10.343102
10.915905
10.026367
8.183812
8.083468
8.173533
8.886404
10.919500
11.921782
11.424164
7.562174
8.940191
7.766523
8.261390
10.307713
11.681683
11.693636
10.565731
9.007461
8.087376
8.966703
8.226980
10.664347
10.905035
9.799078
7.688049
8.187485
8.840466
8.103990
10.126892
10.551109
9.531559
6.682582
7.048603
8.341618
8.863478
10.328684
11.002110
10.388889
8.656910
7.433246
8.639415
9.421106
9.982021
11.139730
10.802088
8.824126
8.804574
9.339706
9.408468
9.723812
10.751717
10.611788
8.745590
8.066760
7.543713
7.962882
9.086384
9.878416
10.170443
9.412256
8.525169
8.089908
6.581053
8.228156
8.923107
9.426528
8.641838
6.427872
5.904093
6.706520
7.922812
8.022608
9.392543
9.224365
7.999096
7.653610
8.227632
8.772260
8.575422
9.693155
9.741594
8.820966
7.974659
7.550287
7.311817
7.183567
8.640693
8.798991
7.261478
7.680412
7.601383
7.679075
7.397267
8.674213
9.096999
8.113319
7.355980
7.459610
6.459922
6.815405
6.415623
7.782063
7.443802
6.613914
7.479381
7.575242
6.592643
7.096436
7.468089
6.921077
5.513360
6.066103
6.500594
6.582794
6.122424
7.203427
7.218553
6.437441
6.434552
5.973158
5.050612
5.671161
6.056590
6.091996
5.230034
3.257385
3.649296
4.067827
4.141654
4.139618
3.902457
11.255072
10.567228
7.635022
7.391939
5.885840
7.339431
9.870657
10.934568
10.621420
8.768751
7.160707
6.010942
7.969869
8.892925
10.477694
10.370453
8.462103
7.215989
6.766912
7.353578
8.052762
9.893450
10.047886
8.770952
5.739312
6.790967
7.265421
8.185305
10.343102
10.915905
10.026367
8.183812
8.083468
8.173533
8.886404
10.919500
11.921782
11.424164
7.562174
8.940191
7.766523
8.261390
10.307713
11.681683
11.693636
10.565731
9.007461
8.087376
8.966703
8.226980
10.664347
10.905035
9.799078
7.688049
8.187485
8.840466
8.103990
10.126892
10.551109
9.531559
6.682582
7.048603
8.341618
8.863478
10.328684
11.002110
10.388889
8.656910
7.433246
8.639415
9.421106
9.982021
11.139730
10.802088
8.824126
8.804574
9.339706
9.408468
9.723812
10.751717
10.611788
8.745590
8.066760
7.543713
7.962882
9.086384
9.878416
10.170443
9.412256
8.525169
8.089908
6.581053
8.228156
8.923107
9.426528
8.641838
6.427872
5.904093
6.706520
7.922812
8.022608
9.392543
9.224365
7.999096
7.653610
8.227632
8.772260
8.575422
9.693155
9.741594
8.820966
7.974659
7.550287
7.311817
7.183567
8.640693
8.798991
7.261478
7.680412
7.601383
7.679075
7.397267
8.674213
9.096999
8.113319
7.355980
7.459610
6.459922
6.815405
6.415623
7.782063
7.443802
6.613914
7.479381
7.575242
6.592643
7.096436
7.468089
6.921077
5.513360
6.066103
6.500594
6.582794
6.122424
7.203427
7.218553
6.437441
6.434552
5.973158
5.050612
5.671161
6.056590
6.091996
5.230034
3.257385
3.649296
4.067827
4.141654
4.139618
3.902457
11.255072
10.567228
7.635022
7.391939
5.885840
7.339431
9.870657
10.934568
10.621420
8.768751
7.160707
6.010942
7.969869
8.892925
10.477694
10.370453
8.462103
7.215989
6.766912
7.353578
8.052762
9.893450
10.047886
8.770952
5.739312
6.790967
7.265421
8.185305
10.343102
10.915905
10.026367
8.183812
8.083468
8.173533
8.886404
10.919500
11.921782
11.424164
7.562174
8.940191
7.766523
8.261390
10.307713
11.681683
11.693636
10.565731
9.007461
8.087376
8.966703
8.226980
10.664347
10.905035
9.799078
7.688049
8.187485
8.840466
8.103990
10.126892
10.551109
9.531559
6.682582
7.048603
8.341618
8.863478
10.328684
11.002110
10.388889
8.656910
7.433246
8.639415
9.421106
9.982021
11.139730
10.802088
8.824126
8.804574
9.339706
9.408468
9.723812
10.751717
10.611788
8.745590
8.066760
7.543713
7.962882
9.086384
9.878416
10.170443
9.412256
8.525169
8.089908
6.581053
8.228156
8.923107
9.426528
8.641838
6.427872
5.904093
6.706520
7.922812
8.022608
9.392543
9.224365
7.999096
7.653610
8.227632
8.772260
8.575422
9.693155
9.741594
8.820966
7.974659
7.550287
7.311817
7.183567
8.640693
8.798991
7.261478
7.680412
7.601383
7.679075
7.397267
8.674213
9.096999
8.113319
7.355980
7.459610
6.459922
6.815405
6.415623
7.782063
7.443802
6.613914
7.479381
7.575242
6.592643
7.096436
7.468089
6.921077
5.513360
6.066103
6.500594
6.582794
6.122424
7.203427
7.218553
6.437441
6.434552
5.973158
5.050612
5.671161
6.056590
6.091996
5.230034
3.257385
3.649296
4.067827
4.141654
4.139618
3.902457
11.255072
10.567228
7.635022
7.391939
5.885840
7.339431
9.870657
10.934568
10.621420
8.768751
7.160707
6.010942
7.969869
8.892925
10.477694
10.370453
8.462103
7.215989
6.766912
7.353578
8.052762
9.893450
10.047886
8.770952
5.739312
6.790967
7.265421
8.185305
10.343102
10.915905
10.026367
8.183812
8.083468
8.173533
8.886404
10.919500
11.921782
11.424164
7.562174
8.940191
7.766523
8.261390
10.307713
11.681683
11.693636
10.565731
9.007461
8.087376
8.966703
8.226980
10.664347
10.905035
9.799078
7.688049
8.187485
8.840466
8.103990
10.126892
10.551109
9.531559
6.682582
7.048603
8.341618
8.863478
10.328684
11.002110
10.388889
8.656910
7.433246
8.639415
9.421106
9.982021
11.139730
10.802088
8.824126
8.804574
9.339706
9.408468
9.723812
10.751717
10.611788
8.745590
8.066760
7.543713
7.962882
9.086384
9.878416
10.170443
9.412256
8.525169
8.089908
6.581053
8.228156
8.923107
9.426528
8.641838
6.427872
5.904093
6.706520
7.922812
8.022608
9.392543
9.224365
7.999096
7.653610
8.227632
8.772260
8.575422
9.693155
9.741594
8.820966
7.974659
7.550287
7.311817
7.183567
8.640693
8.798991
7.261478
7.680412
7.601383
7.679075
7.397267
8.674213
9.096999
8.113319
7.355980
7.459610
6.459922
6.815405
6.415623
7.782063
7.443802
6.613914
7.479381
7.575242
6.592643
7.096436
7.468089
6.921077
5.513360
6.066103
6.500594
6.582794
6.122424
7.203427
7.218553
6.437441
6.434552
5.973158
5.050612
5.671161
6.056590
6.091996
5.230034
3.257385
3.649296
4.067827
4.141654
4.139618
3.902457
11.255072
10.567228
7.635022
7.391939
5.885840
7.339431
9.870657
10.934568
10.621420
8.768751
7.160707
6.010942
7.969869
8.892925
10.477694
10.370453
8.462103
7.215989
6.766912
7.353578
8.052762
9.893450
10.047886
8.770952
5.739312
6.790967
7.265421
8.185305
10.343102
10.915905
10.026367
8.183812
8.083468
8.173533
8.886404
10.919500
11.921782
11.424164
7.562174
8.940191
7.766523
8.261390
10.307713
11.681683
11.693636
10.565731
9.007461
8.087376
8.966703
8.226980
10.664347
10.905035
9.799078
7.688049
8.187485
8.840466
8.103990
10.126892
10.551109
9.531559
6.682582
7.048603
8.341618
8.863478
10.328684
11.002110
10.388889
8.656910
7.433246
8.639415
9.421106
9.982021
11.139730
10.802088
8.824126
8.804574
9.339706
9.408468
9.723812
10.751717
10.611788
8.745590
8.066760
7.543713
7.962882
9.086384
9.878416
10.170443
9.412256
8.525169
8.089908
6.581053
8.228156
8.923107
9.426528
8.641838
6.427872
5.904093
6.706520
7.922812
8.022608
9.392543
9.224365
7.999096
7.653610
8.227632
8.772260
8.575422
9.693155
9.741594
8.820966
7.974659
7.550287
7.311817
7.183567
8.640693
8.798991
7.261478
7.680412
7.601383
7.679075
7.397267
8.674213
9.096999
8.113319
7.355980
7.459610
6.459922
6.815405
6.415623
7.782063
7.443802
6.613914
7.479381
7.575242
6.592643
7.096436
7.468089
6.921077
5.513360
6.066103
6.500594
6.582794
6.122424
7.203427
7.218553
6.437441
6.434552
5.973158
5.050612
5.671161
6.056590
6.091996
5.230034
3.257385
3.649296
4.067827
4.141654
4.139618
3.902457
11.255072
10.567228
7.635022
7.391939
5.885840
7.339431
9.870657
10.934568
10.621420
8.768751
7.160707
6.010942
7.969869
8.892925
10.477694
10.370453
8.462103
7.215989
6.766912
7.353578
8.052762
9.893450
10.047886
8.770952
5.739312
6.790967
7.265421
8.185305
10.343102
10.915905
10.026367
8.183812
8.083468
8.173533
8.886404
10.919500
11.921782
11.424164
7.562174
8.940191
7.766523
8.261390
10.307713
11.681683
11.693636
10.565731
9.007461
8.087376
8.966703
8.226980
10.664347
10.905035
9.799078
7.688049
8.187485
8.840466
8.103990
10.126892
10.551109
9.531559
6.682582
7.048603
8.341618
8.863478
10.328684
11.002110
10.388889
8.656910
7.433246
8.639415
9.421106
9.982021
11.139730
10.802088
8.824126
8.804574
9.339706
9.408468
9.723812
10.751717
10.611788
8.745590
8.066760
7.543713
7.962882
9.086384
9.878416
10.170443
9.412256
8.525169
8.089908
6.581053
8.228156
8.923107
9.426528
8.641838
6.427872
5.904093
6.706520
7.922812
8.022608
9.392543
9.224365
7.999096
7.653610
8.227632
8.772260
8.575422
9.693155
9.741594
8.820966
7.974659
7.550287
7.311817
7.183567
8.640693
8.798991
7.261478
7.680412
7.601383
7.679075
7.397267
8.674213
9.096999
8.113319
7.355980
7.459610
6.459922
6.815405
6.415623
7.782063
7.443802
6.613914
7.479381
7.575242
6.592643
7.096436
7.468089
6.921077
5.513360
6.066103
6.500594
6.582794
6.122424
7.203427
7.218553
6.437441
6.434552
5.973158
5.050612
5.671161
6.056590
6.091996
5.230034
3.257385
3.649296
4.067827
4.141654
4.139618
3.902457
11.255072
10.567228
7.635022
7.391939
5.885840
7.339431
9.870657
10.934568
10.621420
8.768751
7.160707
6.010942
7.969869
8.892925
10.477694
10.370453
8.462103
7.215989
6.766912
7.353578
8.052762
9.893450
10.047886
8.770952
5.739312
6.790967
7.265421
8.185305
10.343102
10.915905
10.026367
8.183812
8.083468
8.173533
8.886404
10.919500
11.921782
11.424164
7.562174
8.940191
7.766523
8.261390
10.307713
11.681683
11.693636
10.565731
9.007461
8.087376
8.966703
8.226980
10.664347
10.905035
9.799078
7.688049
8.187485
8.840466
8.103990
10.126892
10.551109
9.531559
6.682582
7.048603
8.341618
8.863478
10.328684
11.002110
10.388889
8.656910
7.433246
8.639415
9.421106
9.982021
11.139730
10.802088
8.824126
8.804574
9.339706
9.408468
9.723812
10.751717
10.611788
8.745590
8.066760
7.543713
7.962882
9.086384
9.878416
10.170443
9.412256
8.525169
8.089908
6.581053
8.228156
8.923107
9.426528
8.641838
6.427872
5.904093
6.706520
7.922812
8.022608
9.392543
9.224365
7.999096
7.653610
8.227632
8.772260
8.575422
9.693155
9.741594
8.820966
7.974659
7.550287
7.311817
7.183567
8.640693
8.798991
7.261478
7.680412
7.601383
7.679075
7.397267
8.674213
9.096999
8.113319
7.355980
7.459610
6.459922
6.815405
6.415623
7.782063
7.443802
6.613914
7.479381
7.575242
6.592643
7.096436
7.468089
6.921077
5.513360
6.066103
6.500594
6.582794
6.122424
7.203427
7.218553
6.437441
6.434552
5.973158
5.050612
5.671161
6.056590
6.091996
5.230034
3.257385
3.649296
4.067827
4.141654
4.139618
3.902457
11.255072
10.567228
7.635022
7.391939
5.885840
7.339431
9.870657
10.934568
10.621420
8.768751
7.160707
6.010942
7.969869
8.892925
10.477694
10.370453
8.462103
7.215989
6.766912
7.353578
8.052762
9.893450
10.047886
8.770952
5.739312
6.790967
7.265421
8.185305
10.343102
10.915905
10.026367
8.183812
8.083468
8.173533
8.886404
10.919500
11.921782
11.424164
7.562174
8.940191
7.766523
8.261390
10.307713
11.681683
11.693636
10.565731
9.007461
8.087376
8.966703
8.226980
10.664347
10.905035
9.799078
7.688049
8.187485
8.840466
8.103990
10.126892
10.551109
9.531559
6.682582
7.048603
8.341618
8.863478
10.328684
11.002110
10.388889
8.656910
7.433246
8.639415
9.421106
9.982021
11.139730
10.802088
8.824126
8.804574
9.339706
9.408468
9.723812
10.751717
10.611788
8.745590
8.066760
7.543713
7.962882
9.086384
9.878416
10.170443
9.412256
8.525169
8.089908
6.581053
8.228156
8.923107
9.426528
8.641838
6.427872
5.904093
6.706520
7.922812
8.022608
9.392543
9.224365
7.999096
7.653610
8.227632
8.772260
8.575422
9.693155
9.741594
8.820966
7.974659
7.550287
7.311817
7.183567
8.640693
8.798991
7.261478
7.680412
7.601383
7.679075
7.397267
8.674213
9.096999
8.113319
7.355980
7.459610
6.459922
6.815405
6.415623
7.782063
7.443802
6.613914
7.479381
7.575242
6.592643
7.096436
7.468089
6.921077
5.513360
6.066103
6.500594
6.582794
6.122424
7.203427
7.218553
6.437441
6.434552
5.973158
5.050612
5.671161
6.056590
6.091996
5.230034
3.257385
3.649296
4.067827
4.141654
4.139618
3.902457
11.255072
10.567228
7.635022
7.391939
5.885840
7.339431
9.870657
10.934568
10.621420
8.768751
7.160707
6.010942
7.969869
8.892925
10.477694
10.370453
8.462103
7.215989
6.766912
7.353578
8.052762
9.893450
10.047886
8.770952
5.739312
6.790967
7.265421
8.185305
10.343102
10.915905
10.026367
8.183812
8.083468
8.173533
8.886404
10.919500
11.921782
11.424164
7.562174
8.940191
7.766523
8.261390
10.307713
11.681683
11.693636
10.565731
9.007461
8.087376
8.966703
8.226980
10.664347
10.905035
9.799078
7.688049
8.187485
8.840466
8.103990
10.126892
10.551109
9.531559
6.682582
7.048603
8.341618
8.863478
10.328684
11.002110
10.388889
8.656910
7.433246
8.639415
9.421106
9.982021
11.139730
10.802088
8.824126
8.804574
9.339706
9.408468
9.723812
10.751717
10.611788
8.745590
8.066760
7.543713
7.962882
9.086384
9.878416
10.170443
9.412256
8.525169
8.089908
6.581053
8.228156
8.923107
9.426528
8.641838
6.427872
5.904093
6.706520
7.922812
8.022608
9.392543
9.224365
7.999096
7.653610
8.227632
8.772260
8.575422
9.693155
9.741594
8.820966
7.974659
7.550287
7.311817
7.183567
8.640693
8.798991
7.261478
7.680412
7.601383
7.679075
7.397267
8.674213
9.096999
8.113319
7.355980
7.459610
6.459922
6.815405
6.415623
7.782063
7.443802
6.613914
7.479381
7.575242
6.592643
7.096436
7.468089
6.921077
5.513360
6.066103
6.500594
6.582794
6.122424
7.203427
7.218553
6.437441
6.434552
5.973158
5.050612
5.671161
6.056590
6.091996
5.230034
3.257385
3.649296
4.067827
4.141654
4.139618
3.902457
11.255072
10.567228
7.635022
7.391939
5.885840
7.339431
9.870657
10.934568
10.621420
8.768751
7.160707
6.010942
7.969869
8.892925
10.477694
10.370453
8.462103
7.215989
6.766912
7.353578
8.052762
9.893450
10.047886
8.770952
5.739312
6.790967
7.265421
8.185305
10.343102
10.915905
10.026367
8.183812
8.083468
8.173533
8.886404
10.919500
11.921782
11.424164
7.562174
8.940191
7.766523
8.261390
10.307713
11.681683
11.693636
10.565731
9.007461
8.087376
8.966703
8.226980
10.664347
10.905035
9.799078
7.688049
8.187485
8.840466
8.103990
10.126892
10.551109
9.531559
6.682582
7.048603
8.341618
8.863478
10.328684
11.002110
10.388889
8.656910
7.433246
8.639415
9.421106
9.982021
11.139730
10.802088
8.824126
8.804574
9.339706
9.408468
9.723812
10.751717
10.611788
8.745590
8.066760
7.543713
7.962882
9.086384
9.878416
10.170443
9.412256
8.525169
8.089908
6.581053
8.228156
8.923107
9.426528
8.641838
6.427872
5.904093
6.706520
7.922812
8.022608
9.392543
9.224365
7.999096
7.653610
8.227632
8.772260
8.575422
9.693155
9.741594
8.820966
7.974659
7.550287
7.311817
7.183567
8.640693
8.798991
7.261478
7.680412
7.601383
7.679075
7.397267
8.674213
9.096999
8.113319
7.355980
7.459610
6.459922
6.815405
6.415623
7.782063
7.443802
6.613914
7.479381
7.575242
6.592643
7.096436
7.468089
6.921077
5.513360
6.066103
6.500594
6.582794
6.122424
7.203427
7.218553
6.437441
6.434552
5.973158
5.050612
5.671161
6.056590
6.091996
5.230034
3.257385
3.649296
4.067827
4.141654
4.139618
3.902457
11.255072
10.567228
7.635022
7.391939
5.885840
7.339431
9.870657
10.934568
10.621420
8.768751
7.160707
6.010942
7.969869
8.892925
10.477694
10.370453
8.462103
7.215989
6.766912
7.353578
8.052762
9.893450
10.047886
8.770952
5.739312
6.790967
7.265421
8.185305
10.343102
10.915905
10.026367
8.183812
8.083468
8.173533
8.886404
10.919500
11.921782
11.424164
7.562174
8.940191
7.766523
8.261390
10.307713
11.681683
11.693636
10.565731
9.007461
8.087376
8.966703
8.226980
10.664347
10.905035
9.799078
7.688049
8.187485
8.840466
8.103990
10.126892
10.551109
9.531559
6.682582
7.048603
8.341618
8.863478
10.328684
11.002110
10.388889
8.656910
7.433246
8.639415
9.421106
9.982021
11.139730
10.802088
8.824126
8.804574
9.339706
9.408468
9.723812
10.751717
10.611788
8.745590
8.066760
7.543713
7.962882
9.086384
9.878416
10.170443
9.412256
8.525169
8.089908
6.581053
8.228156
8.923107
9.426528
8.641838
6.427872
5.904093
6.706520
7.922812
8.022608
9.392543
9.224365
7.999096
7.653610
8.227632
8.772260
8.575422
9.693155
9.741594
8.820966
7.974659
7.550287
7.311817
7.183567
8.640693
8.798991
7.261478
7.680412
7.601383
7.679075
7.397267
8.674213
9.096999
8.113319
7.355980
7.459610
6.459922
6.815405
6.415623
7.782063
7.443802
6.613914
7.479381
7.575242
6.592643
7.096436
7.468089
6.921077
5.513360
6.066103
6.500594
6.582794
6.122424
7.203427
7.218553
6.437441
6.434552
5.973158
5.050612
5.671161
6.056590
6.091996
5.230034
3.257385
3.649296
4.067827
4.141654
4.139618
3.902457
11.255072
10.567228
7.635022
7.391939
5.885840
7.339431
9.870657
10.934568
10.621420
8.768751
7.160707
6.010942
7.969869
8.892925
10.477694
10.370453
8.462103
7.215989
6.766912
7.353578
8.052762
9.893450
10.047886
8.770952
5.739312
6.790967
7.265421
8.185305
10.343102
10.915905
10.026367
8.183812
8.083468
8.173533
8.886404
10.919500
11.921782
11.424164
7.562174
8.940191
7.766523
8.261390
10.307713
11.681683
11.693636
10.565731
9.007461
8.087376
8.966703
8.226980
10.664347
10.905035
9.799078
7.688049
8.187485
8.840466
8.103990
10.126892
10.551109
9.531559
6.682582
7.048603
8.341618
8.863478
10.328684
11.002110
10.388889
8.656910
7.433246
8.639415
9.421106
9.982021
11.139730
10.802088
8.824126
8.804574
9.339706
9.408468
9.723812
10.751717
10.611788
8.745590
8.066760
7.543713
7.962882
9.086384
9.878416
10.170443
9.412256
8.525169
8.089908
6.581053
8.228156
8.923107
9.426528
8.641838
6.427872
5.904093
6.706520
7.922812
8.022608
9.392543
9.224365
7.999096
7.653610
8.227632
8.772260
8.575422
9.693155
9.741594
8.820966
7.974659
7.550287
7.311817
7.183567
8.640693
8.798991
7.261478
7.680412
7.601383
7.679075
7.397267
8.674213
9.096999
8.113319
7.355980
7.459610
6.459922
6.815405
6.415623
7.782063
7.443802
6.613914
7.479381
7.575242
6.592643
7.096436
7.468089
6.921077
5.513360
6.066103
6.500594
6.582794
6.122424
7.203427
7.218553
6.437441
6.434552
5.973158
5.050612
5.671161
6.056590
6.091996
5.230034
3.257385
3.649296
4.067827
4.141654
4.139618
3.902457
11.255072
10.567228
7.635022
7.391939
5.885840
7.339431
9.870657
10.934568
10.621420
8.768751
7.160707
6.010942
7.969869
8.892925
10.477694
10.370453
8.462103
7.215989
6.766912
7.353578
8.052762
9.893450
10.047886
8.770952
5.739312
6.790967
7.265421
8.185305
10.343102
10.915905
10.026367
8.183812
8.083468
8.173533
8.886404
10.919500
11.921782
11.424164
7.562174
8.940191
7.766523
8.261390
10.307713
11.681683
11.693636
10.565731
9.007461
8.087376
8.966703
8.226980
10.664347
10.905035
9.799078
7.688049
8.187485
8.840466
8.103990
10.126892
10.551109
9.531559
6.682582
7.048603
8.341618
8.863478
10.328684
11.002110
10.388889
8.656910
7.433246
8.639415
9.421106
9.982021
11.139730
10.802088
8.824126
8.804574
9.339706
9.408468
9.723812
10.751717
10.611788
8.745590
8.066760
7.543713
7.962882
9.086384
9.878416
10.170443
9.412256
8.525169
8.089908
6.581053
8.228156
8.923107
9.426528
8.641838
6.427872
5.904093
6.706520
7.922812
8.022608
9.392543
9.224365
7.999096
7.653610
8.227632
8.772260
8.575422
9.693155
9.741594
8.820966
7.974659
7.550287
7.311817
7.183567
8.640693
8.798991
7.261478
7.680412
7.601383
7.679075
7.397267
8.674213
9.096999
8.113319
7.355980
7.459610
6.459922
6.815405
6.415623
7.782063
7.443802
6.613914
7.479381
7.575242
6.592643
7.096436
7.468089
6.921077
5.513360
6.066103
6.500594
6.582794
6.122424
7.203427
7.218553
6.437441
6.434552
5.973158
5.050612
5.671161
6.056590
6.091996
5.230034
3.257385
3.649296
4.067827
4.141654
4.139618
3.902457
11.255072
10.567228
7.635022
7.391939
5.885840
7.339431
9.870657
10.934568
10.621420
8.768751
7.160707
6.010942
7.969869
8.892925
10.477694
10.370453
8.462103
7.215989
6.766912
7.353578
8.052762
9.893450
10.047886
8.770952
5.739312
6.790967
7.265421
8.185305
10.343102
10.915905
10.026367
8.183812
8.083468
8.173533
8.886404
10.919500
11.921782
11.424164
7.562174
8.940191
7.766523
8.261390
10.307713
11.681683
11.693636
10.565731
9.007461
8.087376
8.966703
8.226980
10.664347
10.905035
9.799078
7.688049
8.187485
8.840466
8.103990
10.126892
10.551109
9.531559
6.682582
7.048603
8.341618
8.863478
10.328684
11.002110
10.388889
8.656910
7.433246
8.639415
9.421106
9.982021
11.139730
10.802088
8.824126
8.804574
9.339706
9.408468
9.723812
10.751717
10.611788
8.745590
8.066760
7.543713
7.962882
9.086384
9.878416
10.170443
9.412256
8.525169
8.089908
6.581053
8.228156
8.923107
9.426528
8.641838
6.427872
5.904093
6.706520
7.922812
8.022608
9.392543
9.224365
7.999096
7.653610
8.227632
8.772260
8.575422
9.693155
9.741594
8.820966
7.974659
7.550287
7.311817
7.183567
8.640693
8.798991
7.261478
7.680412
7.601383
7.679075
7.397267
8.674213
9.096999
8.113319
7.355980
7.459610
6.459922
6.815405
6.415623
7.782063
7.443802
6.613914
7.479381
7.575242
6.592643
7.096436
7.468089
6.921077
5.513360
6.066103
6.500594
6.582794
6.122424
7.203427
7.218553
6.437441
6.434552
5.973158
5.050612
5.671161
6.056590
6.091996
5.230034
3.257385
3.649296
4.067827
4.141654
4.139618
3.902457
11.255072
10.567228
7.635022
7.391939
5.885840
7.339431
9.870657
10.934568
10.621420
8.768751
7.160707
6.010942
7.969869
8.892925
10.477694
10.370453
8.462103
7.215989
6.766912
7.353578
8.052762
9.893450
10.047886
8.770952
5.739312
6.790967
7.265421
8.185305
10.343102
10.915905
10.026367
8.183812
8.083468
8.173533
8.886404
10.919500
11.921782
11.424164
7.562174
8.940191
7.766523
8.261390
10.307713
11.681683
11.693636
10.565731
9.007461
8.087376
8.966703
8.226980
10.664347
10.905035
9.799078
7.688049
8.187485
8.840466
8.103990
10.126892
10.551109
9.531559
6.682582
7.048603
8.341618
8.863478
10.328684
11.002110
10.388889
8.656910
7.433246
8.639415
9.421106
9.982021
11.139730
10.802088
8.824126
8.804574
9.339706
9.408468
9.723812
10.751717
10.611788
8.745590
8.066760
7.543713
7.962882
9.086384
9.878416
10.170443
9.412256
8.525169
8.089908
6.581053
8.228156
8.923107
9.426528
8.641838
6.427872
5.904093
6.706520
7.922812
8.022608
9.392543
9.224365
7.999096
7.653610
8.227632
8.772260
8.575422
9.693155
9.741594
8.820966
7.974659
7.550287
7.311817
7.183567
8.640693
8.798991
7.261478
7.680412
7.601383
7.679075
7.397267
8.674213
9.096999
8.113319
7.355980
7.459610
6.459922
6.815405
6.415623
7.782063
7.443802
6.613914
7.479381
7.575242
6.592643
7.096436
7.468089
6.921077
5.513360
6.066103
6.500594
6.582794
6.122424
7.203427
7.218553
6.437441
6.434552
5.973158
5.050612
5.671161
6.056590
6.091996
5.230034
3.257385
3.649296
4.067827
4.141654
4.139618
3.902457
11.255072
10.567228
7.635022
7.391939
5.885840
7.339431
9.870657
10.934568
10.621420
8.768751
7.160707
6.010942
7.969869
8.892925
10.477694
10.370453
8.462103
7.215989
6.766912
7.353578
8.052762
9.893450
10.047886
8.770952
5.739312
6.790967
7.265421
8.185305
10.343102
10.915905
10.026367
8.183812
8.083468
8.173533
8.886404
10.919500
11.921782
11.424164
7.562174
8.940191
7.766523
8.261390
10.307713
11.681683
11.693636
10.565731
9.007461
8.087376
8.966703
8.226980
10.664347
10.905035
9.799078
7.688049
8.187485
8.840466
8.103990
10.126892
10.551109
9.531559
6.682582
7.048603
8.341618
8.863478
10.328684
11.002110
10.388889
8.656910
7.433246
8.639415
9.421106
9.982021
11.139730
10.802088
8.824126
8.804574
9.339706
9.408468
9.723812
10.751717
10.611788
8.745590
8.066760
7.543713
7.962882
9.086384
9.878416
10.170443
9.412256
8.525169
8.089908
6.581053
8.228156
8.923107
9.426528
8.641838
6.427872
5.904093
6.706520
7.922812
8.022608
9.392543
9.224365
7.999096
7.653610
8.227632
8.772260
8.575422
9.693155
9.741594
8.820966
7.974659
7.550287
7.311817
7.183567
8.640693
8.798991
7.261478
7.680412
7.601383
7.679075
7.397267
8.674213
9.096999
8.113319
7.355980
7.459610
6.459922
6.815405
6.415623
7.782063
7.443802
6.613914
7.479381
7.575242
6.592643
7.096436
7.468089
6.921077
5.513360
6.066103
6.500594
6.582794
6.122424
7.203427
7.218553
6.437441
6.434552
5.973158
5.050612
5.671161
6.056590
6.091996
5.230034
3.257385
3.649296
4.067827
4.141654
4.139618
3.902457
11.255072
10.567228
7.635022
7.391939
5.885840
7.339431
9.870657
10.934568
10.621420
8.768751
7.160707
6.010942
7.969869
8.892925
10.477694
10.370453
8.462103
7.215989
6.766912
7.353578
8.052762
9.893450
10.047886
8.770952
5.739312
6.790967
7.265421
8.185305
10.343102
10.915905
10.026367
8.183812
8.083468
8.173533
8.886404
10.919500
11.921782
11.424164
7.562174
8.940191
7.766523
8.261390
10.307713
11.681683
11.693636
10.565731
9.007461
8.087376
8.966703
8.226980
10.664347
10.905035
9.799078
7.688049
8.187485
8.840466
8.103990
10.126892
10.551109
9.531559
6.682582
7.048603
8.341618
8.863478
10.328684
11.002110
10.388889
8.656910
7.433246
8.639415
9.421106
9.982021
11.139730
10.802088
8.824126
8.804574
9.339706
9.408468
9.723812
10.751717
10.611788
8.745590
8.066760
7.543713
7.962882
9.086384
9.878416
10.170443
9.412256
8.525169
8.089908
6.581053
8.228156
8.923107
9.426528
8.641838
6.427872
5.904093
6.706520
7.922812
8.022608
9.392543
9.224365
7.999096
7.653610
8.227632
8.772260
8.575422
9.693155
9.741594
8.820966
7.974659
7.550287
7.311817
7.183567
8.640693
8.798991
7.261478
7.680412
7.601383
7.679075
7.397267
8.674213
9.096999
8.113319
7.355980
7.459610
6.459922
6.815405
6.415623
7.782063
7.443802
6.613914
7.479381
7.575242
6.592643
7.096436
7.468089
6.921077
5.513360
6.066103
6.500594
6.582794
6.122424
7.203427
7.218553
6.437441
6.434552
5.973158
5.050612
5.671161
6.056590
6.091996
5.230034
3.257385
3.649296
4.067827
4.141654
4.139618
3.902457
11.255072
10.567228
7.635022
7.391939
5.885840
7.339431
9.870657
10.934568
10.621420
8.768751
7.160707
6.010942
7.969869
8.892925
10.477694
10.370453
8.462103
7.215989
6.766912
7.353578
8.052762
9.893450
10.047886
8.770952
5.739312
6.790967
7.265421
8.185305
10.343102
10.915905
10.026367
8.183812
8.083468
8.173533
8.886404
10.919500
11.921782
11.424164
7.562174
8.940191
7.766523
8.261390
10.307713
11.681683
11.693636
10.565731
9.007461
8.087376
8.966703
8.226980
10.664347
10.905035
9.799078
7.688049
8.187485
8.840466
8.103990
10.126892
10.551109
9.531559
6.682582
7.048603
8.341618
8.863478
10.328684
11.002110
10.388889
8.656910
7.433246
8.639415
9.421106
9.982021
11.139730
10.802088
8.824126
8.804574
9.339706
9.408468
9.723812
10.751717
10.611788
8.745590
8.066760
7.543713
7.962882
9.086384
9.878416
10.170443
9.412256
8.525169
8.089908
6.581053
8.228156
8.923107
9.426528
8.641838
6.427872
5.904093
6.706520
7.922812
8.022608
9.392543
9.224365
7.999096
7.653610
8.227632
8.772260
8.575422
9.693155
9.741594
8.820966
7.974659
7.550287
7.311817
7.183567
8.640693
8.798991
7.261478
7.680412
7.601383
7.679075
7.397267
8.674213
9.096999
8.113319
7.355980
7.459610
6.459922
6.815405
6.415623
7.782063
7.443802
6.613914
7.479381
7.575242
6.592643
7.096436
7.468089
6.921077
5.513360
6.066103
6.500594
6.582794
6.122424
7.203427
7.218553
6.437441
6.434552
5.973158
5.050612
5.671161
6.056590
6.091996
5.230034
3.257385
3.649296
4.067827
4.141654
4.139618
3.902457
11.255072
10.567228
7.635022
7.391939
5.885840
7.339431
9.870657
10.934568
10.621420
8.768751
7.160707
6.010942
7.969869
8.892925
10.477694
10.370453
8.462103
7.215989
6.766912
7.353578
8.052762
9.893450
10.047886
8.770952
5.739312
6.790967
7.265421
8.185305
10.343102
10.915905
10.026367
8.183812
8.083468
8.173533
8.886404
10.919500
11.921782
11.424164
7.562174
8.940191
7.766523
8.261390
10.307713
11.681683
11.693636
10.565731
9.007461
8.087376
8.966703
8.226980
10.664347
10.905035
9.799078
7.688049
8.187485
8.840466
8.103990
10.126892
10.551109
9.531559
6.682582
7.048603
8.341618
8.863478
10.328684
11.002110
10.388889
8.656910
7.433246
8.639415
9.421106
9.982021
11.139730
10.802088
8.824126
8.804574
9.339706
9.408468
9.723812
10.751717
10.611788
8.745590
8.066760
7.543713
7.962882
9.086384
9.878416
10.170443
9.412256
8.525169
8.089908
6.581053
8.228156
8.923107
9.426528
8.641838
6.427872
5.904093
6.706520
7.922812
8.022608
9.392543
9.224365
7.999096
7.653610
8.227632
8.772260
8.575422
9.693155
9.741594
8.820966
7.974659
7.550287
7.311817
7.183567
8.640693
8.798991
7.261478
7.680412
7.601383
7.679075
7.397267
8.674213
9.096999
8.113319
7.355980
7.459610
6.459922
6.815405
6.415623
7.782063
7.443802
6.613914
7.479381
7.575242
6.592643
7.096436
7.468089
6.921077
5.513360
6.066103
6.500594
6.582794
6.122424
7.203427
7.218553
6.437441
6.434552
5.973158
5.050612
5.671161
6.056590
6.091996
5.230034
3.257385
3.649296
4.067827
4.141654
4.139618
3.902457
11.255072
10.567228
7.635022
7.391939
5.885840
7.339431
9.870657
10.934568
10.621420
8.768751
7.160707
6.010942
7.969869
8.892925
10.477694
10.370453
8.462103
7.215989
6.766912
7.353578
8.052762
9.893450
10.047886
8.770952
5.739312
6.790967
7.265421
8.185305
10.343102
10.915905
10.026367
8.183812
8.083468
8.173533
8.886404
10.919500
11.921782
11.424164
7.562174
8.940191
7.766523
8.261390
10.307713
11.681683
11.693636
10.565731
9.007461
8.087376
8.966703
8.226980
10.664347
10.905035
9.799078
7.688049
8.187485
8.840466
8.103990
10.126892
10.551109
9.531559
6.682582
7.048603
8.341618
8.863478
10.328684
11.002110
10.388889
8.656910
7.433246
8.639415
9.421106
9.982021
11.139730
10.802088
8.824126
8.804574
9.339706
9.408468
9.723812
10.751717
10.611788
8.745590
8.066760
7.543713
7.962882
9.086384
9.878416
10.170443
9.412256
8.525169
8.089908
6.581053
8.228156
8.923107
9.426528
8.641838
6.427872
5.904093
6.706520
7.922812
8.022608
9.392543
9.224365
7.999096
7.653610
8.227632
8.772260
8.575422
9.693155
9.741594
8.820966
7.974659
7.550287
7.311817
7.183567
8.640693
8.798991
7.261478
7.680412
7.601383
7.679075
7.397267
8.674213
9.096999
8.113319
7.355980
7.459610
6.459922
6.815405
6.415623
7.782063
7.443802
6.613914
7.479381
7.575242
6.592643
7.096436
7.468089
6.921077
5.513360
6.066103
6.500594
6.582794
6.122424
7.203427
7.218553
6.437441
6.434552
5.973158
5.050612
5.671161
6.056590
6.091996
5.230034
3.257385
3.649296
4.067827
4.141654
4.139618
3.902457
11.255072
10.567228
7.635022
7.391939
5.885840
7.339431
9.870657
10.934568
10.621420
8.768751
7.160707
6.010942
7.969869
8.892925
10.477694
10.370453
8.462103
7.215989
6.766912
7.353578
8.052762
9.893450
10.047886
8.770952
5.739312
6.790967
7.265421
8.185305
10.343102
10.915905
10.026367
8.183812
8.083468
8.173533
8.886404
10.919500
11.921782
11.424164
7.562174
8.940191
7.766523
8.261390
10.307713
11.681683
11.693636
10.565731
9.007461
8.087376
8.966703
8.226980
10.664347
10.905035
9.799078
7.688049
8.187485
8.840466
8.103990
10.126892
10.551109
9.531559
6.682582
7.048603
8.341618
8.863478
10.328684
11.002110
10.388889
8.656910
7.433246
8.639415
9.421106
9.982021
11.139730
10.802088
8.824126
8.804574
9.339706
9.408468
9.723812
10.751717
10.611788
8.745590
8.066760
7.543713
7.962882
9.086384
9.878416
10.170443
9.412256
8.525169
8.089908
6.581053
8.228156
8.923107
9.426528
8.641838
6.427872
5.904093
6.706520
7.922812
8.022608
9.392543
9.224365
7.999096
7.653610
8.227632
8.772260
8.575422
9.693155
9.741594
8.820966
7.974659
7.550287
7.311817
7.183567
8.640693
8.798991
7.261478
7.680412
7.601383
7.679075
7.397267
8.674213
9.096999
8.113319
7.355980
7.459610
6.459922
6.815405
6.415623
7.782063
7.443802
6.613914
7.479381
7.575242
6.592643
7.096436
7.468089
6.921077
5.513360
6.066103
6.500594
6.582794
6.122424
7.203427
7.218553
6.437441
6.434552
5.973158
5.050612
5.671161
6.056590
6.091996
5.230034
3.257385
3.649296
4.067827
4.141654
4.139618
3.902457
11.255072
10.567228
7.635022
7.391939
5.885840
7.339431
9.870657
10.934568
10.621420
8.768751
7.160707
6.010942
7.969869
8.892925
10.477694
10.370453
8.462103
7.215989
6.766912
7.353578
8.052762
9.893450
10.047886
8.770952
5.739312
6.790967
7.265421
8.185305
10.343102
10.915905
10.026367
8.183812
8.083468
8.173533
8.886404
10.919500
11.921782
11.424164
7.562174
8.940191
7.766523
8.261390
10.307713
11.681683
11.693636
10.565731
9.007461
8.087376
8.966703
8.226980
10.664347
10.905035
9.799078
7.688049
8.187485
8.840466
8.103990
10.126892
10.551109
9.531559
6.682582
7.048603
8.341618
8.863478
10.328684
11.002110
10.388889
8.656910
7.433246
8.639415
9.421106
9.982021
11.139730
10.802088
8.824126
8.804574
9.339706
9.408468
9.723812
10.751717
10.611788
8.745590
8.066760
7.543713
7.962882
9.086384
9.878416
10.170443
9.412256
8.525169
8.089908
6.581053
8.228156
8.923107
9.426528
8.641838
6.427872
5.904093
6.706520
7.922812
8.022608
9.392543
9.224365
7.999096
7.653610
8.227632
8.772260
8.575422
9.693155
9.741594
8.820966
7.974659
7.550287
7.311817
7.183567
8.640693
8.798991
7.261478
7.680412
7.601383
7.679075
7.397267
8.674213
9.096999
8.113319
7.355980
7.459610
6.459922
6.815405
6.415623
7.782063
7.443802
6.613914
7.479381
7.575242
6.592643
7.096436
7.468089
6.921077
5.513360
6.066103
6.500594
6.582794
6.122424
7.203427
7.218553
6.437441
6.434552
5.973158
5.050612
5.671161
6.056590
6.091996
5.230034
3.257385
3.649296
4.067827
4.141654
4.139618
3.902457
11.255072
10.567228
7.635022
7.391939
5.885840
7.339431
9.870657
10.934568
10.621420
8.768751
7.160707
6.010942
7.969869
8.892925
10.477694
10.370453
8.462103
7.215989
6.766912
7.353578
8.052762
9.893450
10.047886
8.770952
5.739312
6.790967
7.265421
8.185305
10.343102
10.915905
10.026367
8.183812
8.083468
8.173533
8.886404
10.919500
11.921782
11.424164
7.562174
8.940191
7.766523
8.261390
10.307713
11.681683
11.693636
10.565731
9.007461
8.087376
8.966703
8.226980
10.664347
10.905035
9.799078
7.688049
8.187485
8.840466
8.103990
10.126892
10.551109
9.531559
6.682582
7.048603
8.341618
8.863478
10.328684
11.002110
10.388889
8.656910
7.433246
8.639415
9.421106
9.982021
11.139730
10.802088
8.824126
8.804574
9.339706
9.408468
9.723812
10.751717
10.611788
8.745590
8.066760
7.543713
7.962882
9.086384
9.878416
10.170443
9.412256
8.525169
8.089908
6.581053
8.228156
8.923107
9.426528
8.641838
6.427872
5.904093
6.706520
7.922812
8.022608
9.392543
9.224365
7.999096
7.653610
8.227632
8.772260
8.575422
9.693155
9.741594
8.820966
7.974659
7.550287
7.311817
7.183567
8.640693
8.798991
7.261478
7.680412
7.601383
7.679075
7.397267
8.674213
9.096999
8.113319
7.355980
7.459610
6.459922
6.815405
6.415623
7.782063
7.443802
6.613914
7.479381
7.575242
6.592643
7.096436
7.468089
6.921077
5.513360
6.066103
6.500594
6.582794
6.122424
7.203427
7.218553
6.437441
6.434552
5.973158
5.050612
5.671161
6.056590
6.091996
5.230034
3.257385
3.649296
4.067827
4.141654
4.139618
3.902457
11.255072
10.567228
7.635022
7.391939
5.885840
7.339431
9.870657
10.934568
10.621420
8.768751
7.160707
6.010942
7.969869
8.892925
10.477694
10.370453
8.462103
7.215989
6.766912
7.353578
8.052762
9.893450
10.047886
8.770952
5.739312
6.790967
7.265421
8.185305
10.343102
10.915905
10.026367
8.183812
8.083468
8.173533
8.886404
10.919500
11.921782
11.424164
7.562174
8.940191
7.766523
8.261390
10.307713
11.681683
11.693636
10.565731
9.007461
8.087376
8.966703
8.226980
10.664347
10.905035
9.799078
7.688049
8.187485
8.840466
8.103990
10.126892
10.551109
9.531559
6.682582
7.048603
8.341618
8.863478
10.328684
11.002110
10.388889
8.656910
7.433246
8.639415
9.421106
9.982021
11.139730
10.802088
8.824126
8.804574
9.339706
9.408468
9.723812
10.751717
10.611788
8.745590
8.066760
7.543713
7.962882
9.086384
9.878416
10.170443
9.412256
8.525169
8.089908
6.581053
8.228156
8.923107
9.426528
8.641838
6.427872
5.904093
6.706520
7.922812
8.022608
9.392543
9.224365
7.999096
7.653610
8.227632
8.772260
8.575422
9.693155
9.741594
8.820966
7.974659
7.550287
7.311817
7.183567
8.640693
8.798991
7.261478
7.680412
7.601383
7.679075
7.397267
8.674213
9.096999
8.113319
7.355980
7.459610
6.459922
6.815405
6.415623
7.782063
7.443802
6.613914
7.479381
7.575242
6.592643
7.096436
7.468089
6.921077
5.513360
6.066103
6.500594
6.582794
6.122424
7.203427
7.218553
6.437441
6.434552
5.973158
5.050612
5.671161
6.056590
6.091996
5.230034
3.257385
3.649296
4.067827
4.141654
4.139618
3.902457
11.255072
10.567228
7.635022
7.391939
5.885840
7.339431
9.870657
10.934568
10.621420
8.768751
7.160707
6.010942
7.969869
8.892925
10.477694
10.370453
8.462103
7.215989
6.766912
7.353578
8.052762
9.893450
10.047886
8.770952
5.739312
6.790967
7.265421
8.185305
10.343102
10.915905
10.026367
8.183812
8.083468
8.173533
8.886404
10.919500
11.921782
11.424164
7.562174
8.940191
7.766523
8.261390
10.307713
11.681683
11.693636
10.565731
9.007461
8.087376
8.966703
8.226980
10.664347
10.905035
9.799078
7.688049
8.187485
8.840466
8.103990
10.126892
10.551109
9.531559
6.682582
7.048603
8.341618
8.863478
10.328684
11.002110
10.388889
8.656910
7.433246
8.639415
9.421106
9.982021
11.139730
10.802088
8.824126
8.804574
9.339706
9.408468
9.723812
10.751717
10.611788
8.745590
8.066760
7.543713
7.962882
9.086384
9.878416
10.170443
9.412256
8.525169
8.089908
6.581053
8.228156
8.923107
9.426528
8.641838
6.427872
5.904093
6.706520
7.922812
8.022608
9.392543
9.224365
7.999096
7.653610
8.227632
8.772260
8.575422
9.693155
9.741594
8.820966
7.974659
7.550287
7.311817
7.183567
8.640693
8.798991
7.261478
7.680412
7.601383
7.679075
7.397267
8.674213
9.096999
8.113319
7.355980
7.459610
6.459922
6.815405
6.415623
7.782063
7.443802
6.613914
7.479381
7.575242
6.592643
7.096436
7.468089
6.921077
5.513360
6.066103
6.500594
6.582794
6.122424
7.203427
7.218553
6.437441
6.434552
5.973158
5.050612
5.671161
6.056590
6.091996
5.230034
3.257385
3.649296
4.067827
4.141654
4.139618
3.902457
11.255072
10.567228
7.635022
7.391939
5.885840
7.339431
9.870657
10.934568
10.621420
8.768751
7.160707
6.010942
7.969869
8.892925
10.477694
10.370453
8.462103
7.215989
6.766912
7.353578
8.052762
9.893450
10.047886
8.770952
5.739312
6.790967
7.265421
8.185305
10.343102
10.915905
10.026367
8.183812
8.083468
8.173533
8.886404
10.919500
11.921782
11.424164
7.562174
8.940191
7.766523
8.261390
10.307713
11.681683
11.693636
10.565731
9.007461
8.087376
8.966703
8.226980
10.664347
10.905035
9.799078
7.688049
8.187485
8.840466
8.103990
10.126892
10.551109
9.531559
6.682582
7.048603
8.341618
8.863478
10.328684
11.002110
10.388889
8.656910
7.433246
8.639415
9.421106
9.982021
11.139730
10.802088
8.824126
8.804574
9.339706
9.408468
9.723812
10.751717
10.611788
8.745590
8.066760
7.543713
7.962882
9.086384
9.878416
10.170443
9.412256
8.525169
8.089908
6.581053
8.228156
8.923107
9.426528
8.641838
6.427872
5.904093
6.706520
7.922812
8.022608
9.392543
9.224365
7.999096
7.653610
8.227632
8.772260
8.575422
9.693155
9.741594
8.820966
7.974659
7.550287
7.311817
7.183567
8.640693
8.798991
7.261478
7.680412
7.601383
7.679075
7.397267
8.674213
9.096999
8.113319
7.355980
7.459610
6.459922
6.815405
6.415623
7.782063
7.443802
6.613914
7.479381
7.575242
6.592643
7.096436
7.468089
6.921077
5.513360
6.066103
6.500594
6.582794
6.122424
7.203427
7.218553
6.437441
6.434552
5.973158
5.050612
5.671161
6.056590
6.091996
5.230034
3.257385
3.649296
4.067827
4.141654
4.139618
3.902457
11.255072
10.567228
7.635022
7.391939
5.885840
7.339431
9.870657
10.934568
10.621420
8.768751
7.160707
6.010942
7.969869
8.892925
10.477694
10.370453
8.462103
7.215989
6.766912
7.353578
8.052762
9.893450
10.047886
8.770952
5.739312
6.790967
7.265421
8.185305
10.343102
10.915905
10.026367
8.183812
8.083468
8.173533
8.886404
10.919500
11.921782
11.424164
7.562174
8.940191
7.766523
8.261390
10.307713
11.681683
11.693636
10.565731
9.007461
8.087376
8.966703
8.226980
10.664347
10.905035
9.799078
7.688049
8.187485
8.840466
8.103990
10.126892
10.551109
9.531559
6.682582
7.048603
8.341618
8.863478
10.328684
11.002110
10.388889
8.656910
7.433246
8.639415
9.421106
9.982021
11.139730
10.802088
8.824126
8.804574
9.339706
9.408468
9.723812
10.751717
10.611788
8.745590
8.066760
7.543713
7.962882
9.086384
9.878416
10.170443
9.412256
8.525169
8.089908
6.581053
8.228156
8.923107
9.426528
8.641838
6.427872
5.904093
6.706520
7.922812
8.022608
9.392543
9.224365
7.999096
7.653610
8.227632
8.772260
8.575422
9.693155
9.741594
8.820966
7.974659
7.550287
7.311817
7.183567
8.640693
8.798991
7.261478
7.680412
7.601383
7.679075
7.397267
8.674213
9.096999
8.113319
7.355980
7.459610
6.459922
6.815405
6.415623
7.782063
7.443802
6.613914
7.479381
7.575242
6.592643
7.096436
7.468089
6.921077
5.513360
6.066103
6.500594
6.582794
6.122424
7.203427
7.218553
6.437441
6.434552
5.973158
5.050612
5.671161
6.056590
6.091996
5.230034
3.257385
3.649296
4.067827
4.141654
4.139618
3.902457
11.255072
10.567228
7.635022
7.391939
5.885840
7.339431
9.870657
10.934568
10.621420
8.768751
7.160707
6.010942
7.969869
8.892925
10.477694
10.370453
8.462103
7.215989
6.766912
7.353578
8.052762
9.893450
10.047886
8.770952
5.739312
6.790967
7.265421
8.185305
10.343102
10.915905
10.026367
8.183812
8.083468
8.173533
8.886404
10.919500
11.921782
11.424164
7.562174
8.940191
7.766523
8.261390
10.307713
11.681683
11.693636
10.565731
9.007461
8.087376
8.966703
8.226980
10.664347
10.905035
9.799078
7.688049
8.187485
8.840466
8.103990
10.126892
10.551109
9.531559
6.682582
7.048603
8.341618
8.863478
10.328684
11.002110
10.388889
8.656910
7.433246
8.639415
9.421106
9.982021
11.139730
10.802088
8.824126
8.804574
9.339706
9.408468
9.723812
10.751717
10.611788
8.745590
8.066760
7.543713
7.962882
9.086384
9.878416
10.170443
9.412256
8.525169
8.089908
6.581053
8.228156
8.923107
9.426528
8.641838
6.427872
5.904093
6.706520
7.922812
8.022608
9.392543
9.224365
7.999096
7.653610
8.227632
8.772260
8.575422
9.693155
9.741594
8.820966
7.974659
7.550287
7.311817
7.183567
8.640693
8.798991
7.261478
7.680412
7.601383
7.679075
7.397267
8.674213
9.096999
8.113319
7.355980
7.459610
6.459922
6.815405
6.415623
7.782063
7.443802
6.613914
7.479381
7.575242
6.592643
7.096436
7.468089
6.921077
5.513360
6.066103
6.500594
6.582794
6.122424
7.203427
7.218553
6.437441
6.434552
5.973158
5.050612
5.671161
6.056590
6.091996
5.230034
3.257385
3.649296
4.067827
4.141654
4.139618
3.902457
11.255072
10.567228
7.635022
7.391939
5.885840
7.339431
9.870657
10.934568
10.621420
8.768751
7.160707
6.010942
7.969869
8.892925
10.477694
10.370453
8.462103
7.215989
6.766912
7.353578
8.052762
9.893450
10.047886
8.770952
5.739312
6.790967
7.265421
8.185305
10.343102
10.915905
10.026367
8.183812
8.083468
8.173533
8.886404
10.919500
11.921782
11.424164
7.562174
8.940191
7.766523
8.261390
10.307713
11.681683
11.693636
10.565731
9.007461
8.087376
8.966703
8.226980
10.664347
10.905035
9.799078
7.688049
8.187485
8.840466
8.103990
10.126892
10.551109
9.531559
6.682582
7.048603
8.341618
8.863478
10.328684
11.002110
10.388889
8.656910
7.433246
8.639415
9.421106
9.982021
11.139730
10.802088
8.824126
8.804574
9.339706
9.408468
9.723812
10.751717
10.611788
8.745590
8.066760
7.543713
7.962882
9.086384
9.878416
10.170443
9.412256
8.525169
8.089908
6.581053
8.228156
8.923107
9.426528
8.641838
6.427872
5.904093
6.706520
7.922812
8.022608
9.392543
9.224365
7.999096
7.653610
8.227632
8.772260
8.575422
9.693155
9.741594
8.820966
7.974659
7.550287
7.311817
7.183567
8.640693
8.798991
7.261478
7.680412
7.601383
7.679075
7.397267
8.674213
9.096999
8.113319
7.355980
7.459610
6.459922
6.815405
6.415623
7.782063
7.443802
6.613914
7.479381
7.575242
6.592643
7.096436
7.468089
6.921077
5.513360
6.066103
6.500594
6.582794
6.122424
7.203427
7.218553
6.437441
6.434552
5.973158
5.050612
5.671161
6.056590
6.091996
5.230034
3.257385
3.649296
4.067827
4.141654
4.139618
3.902457
11.255072
10.567228
7.635022
7.391939
5.885840
7.339431
9.870657
10.934568
10.621420
8.768751
7.160707
6.010942
7.969869
8.892925
10.477694
10.370453
8.462103
7.215989
6.766912
7.353578
8.052762
9.893450
10.047886
8.770952
5.739312
6.790967
7.265421
8.185305
10.343102
10.915905
10.026367
8.183812
8.083468
8.173533
8.886404
10.919500
11.921782
11.424164
7.562174
8.940191
7.766523
8.261390
10.307713
11.681683
11.693636
10.565731
9.007461
8.087376
8.966703
8.226980
10.664347
10.905035
9.799078
7.688049
8.187485
8.840466
8.103990
10.126892
10.551109
9.531559
6.682582
7.048603
8.341618
8.863478
10.328684
11.002110
10.388889
8.656910
7.433246
8.639415
9.421106
9.982021
11.139730
10.802088
8.824126
8.804574
9.339706
9.408468
9.723812
10.751717
10.611788
8.745590
8.066760
7.543713
7.962882
9.086384
9.878416
10.170443
9.412256
8.525169
8.089908
6.581053
8.228156
8.923107
9.426528
8.641838
6.427872
5.904093
6.706520
7.922812
8.022608
9.392543
9.224365
7.999096
7.653610
8.227632
8.772260
8.575422
9.693155
9.741594
8.820966
7.974659
7.550287
7.311817
7.183567
8.640693
8.798991
7.261478
7.680412
7.601383
7.679075
7.397267
8.674213
9.096999
8.113319
7.355980
7.459610
6.459922
6.815405
6.415623
7.782063
7.443802
6.613914
7.479381
7.575242
6.592643
7.096436
7.468089
6.921077
5.513360
6.066103
6.500594
6.582794
6.122424
7.203427
7.218553
6.437441
6.434552
5.973158
5.050612
5.671161
6.056590
6.091996
5.230034
3.257385
3.649296
4.067827
4.141654
4.139618
3.902457
11.255072
10.567228
7.635022
7.391939
5.885840
7.339431
9.870657
10.934568
10.621420
8.768751
7.160707
6.010942
7.969869
8.892925
10.477694
10.370453
8.462103
7.215989
6.766912
7.353578
8.052762
9.893450
10.047886
8.770952
5.739312
6.790967
7.265421
8.185305
10.343102
10.915905
10.026367
8.183812
8.083468
8.173533
8.886404
10.919500
11.921782
11.424164
7.562174
8.940191
7.766523
8.261390
10.307713
11.681683
11.693636
10.565731
9.007461
8.087376
8.966703
8.226980
10.664347
10.905035
9.799078
7.688049
8.187485
8.840466
8.103990
10.126892
10.551109
9.531559
6.682582
7.048603
8.341618
8.863478
10.328684
11.002110
10.388889
8.656910
7.433246
8.639415
9.421106
9.982021
11.139730
10.802088
8.824126
8.804574
9.339706
9.408468
9.723812
10.751717
10.611788
8.745590
8.066760
7.543713
7.962882
9.086384
9.878416
10.170443
9.412256
8.525169
8.089908
6.581053
8.228156
8.923107
9.426528
8.641838
6.427872
5.904093
6.706520
7.922812
8.022608
9.392543
9.224365
7.999096
7.653610
8.227632
8.772260
8.575422
9.693155
9.741594
8.820966
7.974659
7.550287
7.311817
7.183567
8.640693
8.798991
7.261478
7.680412
7.601383
7.679075
7.397267
8.674213
9.096999
8.113319
7.355980
7.459610
6.459922
6.815405
6.415623
7.782063
7.443802
6.613914
7.479381
7.575242
6.592643
7.096436
7.468089
6.921077
5.513360
6.066103
6.500594
6.582794
6.122424
7.203427
7.218553
6.437441
6.434552
5.973158
5.050612
5.671161
6.056590
6.091996
5.230034
3.257385
3.649296
4.067827
4.141654
4.139618
3.902457
11.255072
10.567228
7.635022
7.391939
5.885840
7.339431
9.870657
10.934568
10.621420
8.768751
7.160707
6.010942
7.969869
8.892925
10.477694
10.370453
8.462103
7.215989
6.766912
7.353578
8.052762
9.893450
10.047886
8.770952
5.739312
6.790967
7.265421
8.185305
10.343102
10.915905
10.026367
8.183812
8.083468
8.173533
8.886404
10.919500
11.921782
11.424164
7.562174
8.940191
7.766523
8.261390
10.307713
11.681683
11.693636
10.565731
9.007461
8.087376
8.966703
8.226980
10.664347
10.905035
9.799078
7.688049
8.187485
8.840466
8.103990
10.126892
10.551109
9.531559
6.682582
7.048603
8.341618
8.863478
10.328684
11.002110
10.388889
8.656910
7.433246
8.639415
9.421106
9.982021
11.139730
10.802088
8.824126
8.804574
9.339706
9.408468
9.723812
10.751717
10.611788
8.745590
8.066760
7.543713
7.962882
9.086384
9.878416
10.170443
9.412256
8.525169
8.089908
6.581053
8.228156
8.923107
9.426528
8.641838
6.427872
5.904093
6.706520
7.922812
8.022608
9.392543
9.224365
7.999096
7.653610
8.227632
8.772260
8.575422
9.693155
9.741594
8.820966
7.974659
7.550287
7.311817
7.183567
8.640693
8.798991
7.261478
7.680412
7.601383
7.679075
7.397267
8.674213
9.096999
8.113319
7.355980
7.459610
6.459922
6.815405
6.415623
7.782063
7.443802
6.613914
7.479381
7.575242
6.592643
7.096436
7.468089
6.921077
5.513360
6.066103
6.500594
6.582794
6.122424
7.203427
7.218553
6.437441
6.434552
5.973158
5.050612
5.671161
6.056590
6.091996
5.230034
3.257385
3.649296
4.067827
4.141654
4.139618
3.902457
11.255072
10.567228
7.635022
7.391939
5.885840
7.339431
9.870657
10.934568
10.621420
8.768751
7.160707
6.010942
7.969869
8.892925
10.477694
10.370453
8.462103
7.215989
6.766912
7.353578
8.052762
9.893450
10.047886
8.770952
5.739312
6.790967
7.265421
8.185305
10.343102
10.915905
10.026367
8.183812
8.083468
8.173533
8.886404
10.919500
11.921782
11.424164
7.562174
8.940191
7.766523
8.261390
10.307713
11.681683
11.693636
10.565731
9.007461
8.087376
8.966703
8.226980
10.664347
10.905035
9.799078
7.688049
8.187485
8.840466
8.103990
10.126892
10.551109
9.531559
6.682582
7.048603
8.341618
8.863478
10.328684
11.002110
10.388889
8.656910
7.433246
8.639415
9.421106
9.982021
11.139730
10.802088
8.824126
8.804574
9.339706
9.408468
9.723812
10.751717
10.611788
8.745590
8.066760
7.543713
7.962882
9.086384
9.878416
10.170443
9.412256
8.525169
8.089908
6.581053
8.228156
8.923107
9.426528
8.641838
6.427872
5.904093
6.706520
7.922812
8.022608
9.392543
9.224365
7.999096
7.653610
8.227632
8.772260
8.575422
9.693155
9.741594
8.820966
7.974659
7.550287
7.311817
7.183567
8.640693
8.798991
7.261478
7.680412
7.601383
7.679075
7.397267
8.674213
9.096999
8.113319
7.355980
7.459610
6.459922
6.815405
6.415623
7.782063
7.443802
6.613914
7.479381
7.575242
6.592643
7.096436
7.468089
6.921077
5.513360
6.066103
6.500594
6.582794
6.122424
7.203427
7.218553
6.437441
6.434552
5.973158
5.050612
5.671161
6.056590
6.091996
5.230034
3.257385
3.649296
4.067827
4.141654
4.139618
3.902457
11.255072
10.567228
7.635022
7.391939
5.885840
7.339431
9.870657
10.934568
10.621420
8.768751
7.160707
6.010942
7.969869
8.892925
10.477694
10.370453
8.462103
7.215989
6.766912
7.353578
8.052762
9.893450
10.047886
8.770952
5.739312
6.790967
7.265421
8.185305
10.343102
10.915905
10.026367
8.183812
8.083468
8.173533
8.886404
10.919500
11.921782
11.424164
7.562174
8.940191
7.766523
8.261390
10.307713
11.681683
11.693636
10.565731
9.007461
8.087376
8.966703
8.226980
10.664347
10.905035
9.799078
7.688049
8.187485
8.840466
8.103990
10.126892
10.551109
9.531559
6.682582
7.048603
8.341618
8.863478
10.328684
11.002110
10.388889
8.656910
7.433246
8.639415
9.421106
9.982021
11.139730
10.802088
8.824126
8.804574
9.339706
9.408468
9.723812
10.751717
10.611788
8.745590
8.066760
7.543713
7.962882
9.086384
9.878416
10.170443
9.412256
8.525169
8.089908
6.581053
8.228156
8.923107
9.426528
8.641838
6.427872
5.904093
6.706520
7.922812
8.022608
9.392543
9.224365
7.999096
7.653610
8.227632
8.772260
8.575422
9.693155
9.741594
8.820966
7.974659
7.550287
7.311817
7.183567
8.640693
8.798991
7.261478
7.680412
7.601383
7.679075
7.397267
8.674213
9.096999
8.113319
7.355980
7.459610
6.459922
6.815405
6.415623
7.782063
7.443802
6.613914
7.479381
7.575242
6.592643
7.096436
7.468089
6.921077
5.513360
6.066103
6.500594
6.582794
6.122424
7.203427
7.218553
6.437441
6.434552
5.973158
5.050612
5.671161
6.056590
6.091996
5.230034
3.257385
3.649296
4.067827
4.141654
4.139618
3.902457
11.255072
10.567228
7.635022
7.391939
5.885840
7.339431
9.870657
10.934568
10.621420
8.768751
7.160707
6.010942
7.969869
8.892925
10.477694
10.370453
8.462103
7.215989
6.766912
7.353578
8.052762
9.893450
10.047886
8.770952
5.739312
6.790967
7.265421
8.185305
10.343102
10.915905
10.026367
8.183812
8.083468
8.173533
8.886404
10.919500
11.921782
11.424164
7.562174
8.940191
7.766523
8.261390
10.307713
11.681683
11.693636
10.565731
9.007461
8.087376
8.966703
8.226980
10.664347
10.905035
9.799078
7.688049
8.187485
8.840466
8.103990
10.126892
10.551109
9.531559
6.682582
7.048603
8.341618
8.863478
10.328684
11.002110
10.388889
8.656910
7.433246
8.639415
9.421106
9.982021
11.139730
10.802088
8.824126
8.804574
9.339706
9.408468
9.723812
10.751717
10.611788
8.745590
8.066760
7.543713
7.962882
9.086384
9.878416
10.170443
9.412256
8.525169
8.089908
6.581053
8.228156
8.923107
9.426528
8.641838
6.427872
5.904093
6.706520
7.922812
8.022608
9.392543
9.224365
7.999096
7.653610
8.227632
8.772260
8.575422
9.693155
9.741594
8.820966
7.974659
7.550287
7.311817
7.183567
8.640693
8.798991
7.261478
7.680412
7.601383
7.679075
7.397267
8.674213
9.096999
8.113319
7.355980
7.459610
6.459922
6.815405
6.415623
7.782063
7.443802
6.613914
7.479381
7.575242
6.592643
7.096436
7.468089
6.921077
5.513360
6.066103
6.500594
6.582794
6.122424
7.203427
7.218553
6.437441
6.434552
5.973158
5.050612
5.671161
6.056590
6.091996
5.230034
3.257385
3.649296
4.067827
4.141654
4.139618
3.902457
11.255072
10.567228
7.635022
7.391939
5.885840
7.339431
9.870657
10.934568
10.621420
8.768751
7.160707
6.010942
7.969869
8.892925
10.477694
10.370453
8.462103
7.215989
6.766912
7.353578
8.052762
9.893450
10.047886
8.770952
5.739312
6.790967
7.265421
8.185305
10.343102
10.915905
10.026367
8.183812
8.083468
8.173533
8.886404
10.919500
11.921782
11.424164
7.562174
8.940191
7.766523
8.261390
10.307713
11.681683
11.693636
10.565731
9.007461
8.087376
8.966703
8.226980
10.664347
10.905035
9.799078
7.688049
8.187485
8.840466
8.103990
10.126892
10.551109
9.531559
6.682582
7.048603
8.341618
8.863478
10.328684
11.002110
10.388889
8.656910
7.433246
8.639415
9.421106
9.982021
11.139730
10.802088
8.824126
8.804574
9.339706
9.408468
9.723812
10.751717
10.611788
8.745590
8.066760
7.543713
7.962882
9.086384
9.878416
10.170443
9.412256
8.525169
8.089908
6.581053
8.228156
8.923107
9.426528
8.641838
6.427872
5.904093
6.706520
7.922812
8.022608
9.392543
9.224365
7.999096
7.653610
8.227632
8.772260
8.575422
9.693155
9.741594
8.820966
7.974659
7.550287
7.311817
7.183567
8.640693
8.798991
7.261478
7.680412
7.601383
7.679075
7.397267
8.674213
9.096999
8.113319
7.355980
7.459610
6.459922
6.815405
6.415623
7.782063
7.443802
6.613914
7.479381
7.575242
6.592643
7.096436
7.468089
6.921077
5.513360
6.066103
6.500594
6.582794
6.122424
7.203427
7.218553
6.437441
6.434552
5.973158
5.050612
5.671161
6.056590
6.091996
5.230034
3.257385
3.649296
4.067827
4.141654
4.139618
3.902457
11.255072
10.567228
7.635022
7.391939
5.885840
7.339431
9.870657
10.934568
10.621420
8.768751
7.160707
6.010942
7.969869
8.892925
10.477694
10.370453
8.462103
7.215989
6.766912
7.353578
8.052762
9.893450
10.047886
8.770952
5.739312
6.790967
7.265421
8.185305
10.343102
10.915905
10.026367
8.183812
8.083468
8.173533
8.886404
10.919500
11.921782
11.424164
7.562174
8.940191
7.766523
8.261390
10.307713
11.681683
11.693636
10.565731
9.007461
8.087376
8.966703
8.226980
10.664347
10.905035
9.799078
7.688049
8.187485
8.840466
8.103990
10.126892
10.551109
9.531559
6.682582
7.048603
8.341618
8.863478
10.328684
11.002110
10.388889
8.656910
7.433246
8.639415
9.421106
9.982021
11.139730
10.802088
8.824126
8.804574
9.339706
9.408468
9.723812
10.751717
10.611788
8.745590
8.066760
7.543713
7.962882
9.086384
9.878416
10.170443
9.412256
8.525169
8.089908
6.581053
8.228156
8.923107
9.426528
8.641838
6.427872
5.904093
6.706520
7.922812
8.022608
9.392543
9.224365
7.999096
7.653610
8.227632
8.772260
8.575422
9.693155
9.741594
8.820966
7.974659
7.550287
7.311817
7.183567
8.640693
8.798991
7.261478
7.680412
7.601383
7.679075
7.397267
8.674213
9.096999
8.113319
7.355980
7.459610
6.459922
6.815405
6.415623
7.782063
7.443802
6.613914
7.479381
7.575242
6.592643
7.096436
7.468089
6.921077
5.513360
6.066103
6.500594
6.582794
6.122424
7.203427
7.218553
6.437441
6.434552
5.973158
5.050612
5.671161
6.056590
6.091996
5.230034
3.257385
3.649296
4.067827
4.141654
4.139618
3.902457
11.255072
10.567228
7.635022
7.391939
5.885840
7.339431
9.870657
10.934568
10.621420
8.768751
7.160707
6.010942
7.969869
8.892925
10.477694
10.370453
8.462103
7.215989
6.766912
7.353578
8.052762
9.893450
10.047886
8.770952
5.739312
6.790967
7.265421
8.185305
10.343102
10.915905
10.026367
8.183812
8.083468
8.173533
8.886404
10.919500
11.921782
11.424164
7.562174
8.940191
7.766523
8.261390
10.307713
11.681683
11.693636
10.565731
9.007461
8.087376
8.966703
8.226980
10.664347
10.905035
9.799078
7.688049
8.187485
8.840466
8.103990
10.126892
10.551109
9.531559
6.682582
7.048603
8.341618
8.863478
10.328684
11.002110
10.388889
8.656910
7.433246
8.639415
9.421106
9.982021
11.139730
10.802088
8.824126
8.804574
9.339706
9.408468
9.723812
10.751717
10.611788
8.745590
8.066760
7.543713
7.962882
9.086384
9.878416
10.170443
9.412256
8.525169
8.089908
6.581053
8.228156
8.923107
9.426528
8.641838
6.427872
5.904093
6.706520
7.922812
8.022608
9.392543
9.224365
7.999096
7.653610
8.227632
8.772260
8.575422
9.693155
9.741594
8.820966
7.974659
7.550287
7.311817
7.183567
8.640693
8.798991
7.261478
7.680412
7.601383
7.679075
7.397267
8.674213
9.096999
8.113319
7.355980
7.459610
6.459922
6.815405
6.415623
7.782063
7.443802
6.613914
7.479381
7.575242
6.592643
7.096436
7.468089
6.921077
5.513360
6.066103
6.500594
6.582794
6.122424
7.203427
7.218553
6.437441
6.434552
5.973158
5.050612
5.671161
6.056590
6.091996
5.230034
3.257385
3.649296
4.067827
4.141654
4.139618
3.902457
11.255072
10.567228
7.635022
7.391939
5.885840
7.339431
9.870657
10.934568
10.621420
8.768751
7.160707
6.010942
7.969869
8.892925
10.477694
10.370453
8.462103
7.215989
6.766912
7.353578
8.052762
9.893450
10.047886
8.770952
5.739312
6.790967
7.265421
8.185305
10.343102
10.915905
10.026367
8.183812
8.083468
8.173533
8.886404
10.919500
11.921782
11.424164
7.562174
8.940191
7.766523
8.261390
10.307713
11.681683
11.693636
10.565731
9.007461
8.087376
8.966703
8.226980
10.664347
10.905035
9.799078
7.688049
8.187485
8.840466
8.103990
10.126892
10.551109
9.531559
6.682582
7.048603
8.341618
8.863478
10.328684
11.002110
10.388889
8.656910
7.433246
8.639415
9.421106
9.982021
11.139730
10.802088
8.824126
8.804574
9.339706
9.408468
9.723812
10.751717
10.611788
8.745590
8.066760
7.543713
7.962882
9.086384
9.878416
10.170443
9.412256
8.525169
8.089908
6.581053
8.228156
8.923107
9.426528
8.641838
6.427872
5.904093
6.706520
7.922812
8.022608
9.392543
9.224365
7.999096
7.653610
8.227632
8.772260
8.575422
9.693155
9.741594
8.820966
7.974659
7.550287
7.311817
7.183567
8.640693
8.798991
7.261478
7.680412
7.601383
7.679075
7.397267
8.674213
9.096999
8.113319
7.355980
7.459610
6.459922
6.815405
6.415623
7.782063
7.443802
6.613914
7.479381
7.575242
6.592643
7.096436
7.468089
6.921077
5.513360
6.066103
6.500594
6.582794
6.122424
7.203427
7.218553
6.437441
6.434552
5.973158
5.050612
5.671161
6.056590
6.091996
5.230034
3.257385
3.649296
4.067827
4.141654
4.139618
3.902457
11.255072
10.567228
7.635022
7.391939
5.885840
7.339431
9.870657
10.934568
10.621420
8.768751
7.160707
6.010942
7.969869
8.892925
10.477694
10.370453
8.462103
7.215989
6.766912
7.353578
8.052762
9.893450
10.047886
8.770952
5.739312
6.790967
7.265421
8.185305
10.343102
10.915905
10.026367
8.183812
8.083468
8.173533
8.886404
10.919500
11.921782
11.424164
7.562174
8.940191
7.766523
8.261390
10.307713
11.681683
11.693636
10.565731
9.007461
8.087376
8.966703
8.226980
10.664347
10.905035
9.799078
7.688049
8.187485
8.840466
8.103990
10.126892
10.551109
9.531559
6.682582
7.048603
8.341618
8.863478
10.328684
11.002110
10.388889
8.656910
7.433246
8.639415
9.421106
9.982021
11.139730
10.802088
8.824126
8.804574
9.339706
9.408468
9.723812
10.751717
10.611788
8.745590
8.066760
7.543713
7.962882
9.086384
9.878416
10.170443
9.412256
8.525169
8.089908
6.581053
8.228156
8.923107
9.426528
8.641838
6.427872
5.904093
6.706520
7.922812
8.022608
9.392543
9.224365
7.999096
7.653610
8.227632
8.772260
8.575422
9.693155
9.741594
8.820966
7.974659
7.550287
7.311817
7.183567
8.640693
8.798991
7.261478
7.680412
7.601383
7.679075
7.397267
8.674213
9.096999
8.113319
7.355980
7.459610
6.459922
6.815405
6.415623
7.782063
7.443802
6.613914
7.479381
7.575242
6.592643
7.096436
7.468089
6.921077
5.513360
6.066103
6.500594
6.582794
6.122424
7.203427
7.218553
6.437441
6.434552
5.973158
5.050612
5.671161
6.056590
6.091996
5.230034
3.257385
3.649296
4.067827
4.141654
4.139618
3.902457
11.255072
10.567228
7.635022
7.391939
5.885840
7.339431
9.870657
10.934568
10.621420
8.768751
7.160707
6.010942
7.969869
8.892925
10.477694
10.370453
8.462103
7.215989
6.766912
7.353578
8.052762
9.893450
10.047886
8.770952
5.739312
6.790967
7.265421
8.185305
10.343102
10.915905
10.026367
8.183812
8.083468
8.173533
8.886404
10.919500
11.921782
11.424164
7.562174
8.940191
7.766523
8.261390
10.307713
11.681683
11.693636
10.565731
9.007461
8.087376
8.966703
8.226980
10.664347
10.905035
9.799078
7.688049
8.187485
8.840466
8.103990
10.126892
10.551109
9.531559
6.682582
7.048603
8.341618
8.863478
10.328684
11.002110
10.388889
8.656910
7.433246
8.639415
9.421106
9.982021
11.139730
10.802088
8.824126
8.804574
9.339706
9.408468
9.723812
10.751717
10.611788
8.745590
8.066760
7.543713
7.962882
9.086384
9.878416
10.170443
9.412256
8.525169
8.089908
6.581053
8.228156
8.923107
9.426528
8.641838
6.427872
5.904093
6.706520
7.922812
8.022608
9.392543
9.224365
7.999096
7.653610
8.227632
8.772260
8.575422
9.693155
9.741594
8.820966
7.974659
7.550287
7.311817
7.183567
8.640693
8.798991
7.261478
7.680412
7.601383
7.679075
7.397267
8.674213
9.096999
8.113319
7.355980
7.459610
6.459922
6.815405
6.415623
7.782063
7.443802
6.613914
7.479381
7.575242
6.592643
7.096436
7.468089
6.921077
5.513360
6.066103
6.500594
6.582794
6.122424
7.203427
7.218553
6.437441
6.434552
5.973158
5.050612
5.671161
6.056590
6.091996
5.230034
3.257385
3.649296
4.067827
4.141654
4.139618
3.902457
11.255072
10.567228
7.635022
7.391939
5.885840
7.339431
9.870657
10.934568
10.621420
8.768751
7.160707
6.010942
7.969869
8.892925
10.477694
10.370453
8.462103
7.215989
6.766912
7.353578
8.052762
9.893450
10.047886
8.770952
5.739312
6.790967
7.265421
8.185305
10.343102
10.915905
10.026367
8.183812
8.083468
8.173533
8.886404
10.919500
11.921782
11.424164
7.562174
8.940191
7.766523
8.261390
10.307713
11.681683
11.693636
10.565731
9.007461
8.087376
8.966703
8.226980
10.664347
10.905035
9.799078
7.688049
8.187485
8.840466
8.103990
10.126892
10.551109
9.531559
6.682582
7.048603
8.341618
8.863478
10.328684
11.002110
10.388889
8.656910
7.433246
8.639415
9.421106
9.982021
11.139730
10.802088
8.824126
8.804574
9.339706
9.408468
9.723812
10.751717
10.611788
8.745590
8.066760
7.543713
7.962882
9.086384
9.878416
10.170443
9.412256
8.525169
8.089908
6.581053
8.228156
8.923107
9.426528
8.641838
6.427872
5.904093
6.706520
7.922812
8.022608
9.392543
9.224365
7.999096
7.653610
8.227632
8.772260
8.575422
9.693155
9.741594
8.820966
7.974659
7.550287
7.311817
7.183567
8.640693
8.798991
7.261478
7.680412
7.601383
7.679075
7.397267
8.674213
9.096999
8.113319
7.355980
7.459610
6.459922
6.815405
6.415623
7.782063
7.443802
6.613914
7.479381
7.575242
6.592643
7.096436
7.468089
6.921077
5.513360
6.066103
6.500594
6.582794
6.122424
7.203427
7.218553
6.437441
6.434552
5.973158
5.050612
5.671161
6.056590
6.091996
5.230034
3.257385
3.649296
4.067827
4.141654
4.139618
3.902457
11.255072
10.567228
7.635022
7.391939
5.885840
7.339431
9.870657
10.934568
10.621420
8.768751
7.160707
6.010942
7.969869
8.892925
10.477694
10.370453
8.462103
7.215989
6.766912
7.353578
8.052762
9.893450
10.047886
8.770952
5.739312
6.790967
7.265421
8.185305
10.343102
10.915905
10.026367
8.183812
8.083468
8.173533
8.886404
10.919500
11.921782
11.424164
7.562174
8.940191
7.766523
8.261390
10.307713
11.681683
11.693636
10.565731
9.007461
8.087376
8.966703
8.226980
10.664347
10.905035
9.799078
7.688049
8.187485
8.840466
8.103990
10.126892
10.551109
9.531559
6.682582
7.048603
8.341618
8.863478
10.328684
11.002110
10.388889
8.656910
7.433246
8.639415
9.421106
9.982021
11.139730
10.802088
8.824126
8.804574
9.339706
9.408468
9.723812
10.751717
10.611788
8.745590
8.066760
7.543713
7.962882
9.086384
9.878416
10.170443
9.412256
8.525169
8.089908
6.581053
8.228156
8.923107
9.426528
8.641838
6.427872
5.904093
6.706520
7.922812
8.022608
9.392543
9.224365
7.999096
7.653610
8.227632
8.772260
8.575422
9.693155
9.741594
8.820966
7.974659
7.550287
7.311817
7.183567
8.640693
8.798991
7.261478
7.680412
7.601383
7.679075
7.397267
8.674213
9.096999
8.113319
7.355980
7.459610
6.459922
6.815405
6.415623
7.782063
7.443802
6.613914
7.479381
7.575242
6.592643
7.096436
7.468089
6.921077
5.513360
6.066103
6.500594
6.582794
6.122424
7.203427
7.218553
6.437441
6.434552
5.973158
5.050612
5.671161
6.056590
6.091996
5.230034
3.257385
3.649296
4.067827
4.141654
4.139618
3.902457
11.255072
10.567228
7.635022
7.391939
5.885840
7.339431
9.870657
10.934568
10.621420
8.768751
7.160707
6.010942
7.969869
8.892925
10.477694
10.370453
8.462103
7.215989
6.766912
7.353578
8.052762
9.893450
10.047886
8.770952
5.739312
6.790967
7.265421
8.185305
10.343102
10.915905
10.026367
8.183812
8.083468
8.173533
8.886404
10.919500
11.921782
11.424164
7.562174
8.940191
7.766523
8.261390
10.307713
11.681683
11.693636
10.565731
9.007461
8.087376
8.966703
8.226980
10.664347
10.905035
9.799078
7.688049
8.187485
8.840466
8.103990
10.126892
10.551109
9.531559
6.682582
7.048603
8.341618
8.863478
10.328684
11.002110
10.388889
8.656910
7.433246
8.639415
9.421106
9.982021
11.139730
10.802088
8.824126
8.804574
9.339706
9.408468
9.723812
10.751717
10.611788
8.745590
8.066760
7.543713
7.962882
9.086384
9.878416
10.170443
9.412256
8.525169
8.089908
6.581053
8.228156
8.923107
9.426528
8.641838
6.427872
5.904093
6.706520
7.922812
8.022608
9.392543
9.224365
7.999096
7.653610
8.227632
8.772260
8.575422
9.693155
9.741594
8.820966
7.974659
7.550287
7.311817
7.183567
8.640693
8.798991
7.261478
7.680412
7.601383
7.679075
7.397267
8.674213
9.096999
8.113319
7.355980
7.459610
6.459922
6.815405
6.415623
7.782063
7.443802
6.613914
7.479381
7.575242
6.592643
7.096436
7.468089
6.921077
5.513360
6.066103
6.500594
6.582794
6.122424
7.203427
7.218553
6.437441
6.434552
5.973158
5.050612
5.671161
6.056590
6.091996
5.230034
3.257385
3.649296
4.067827
4.141654
4.139618
3.902457
11.255072
10.567228
7.635022
7.391939
5.885840
7.339431
9.870657
10.934568
10.621420
8.768751
7.160707
6.010942
7.969869
8.892925
10.477694
10.370453
8.462103
7.215989
6.766912
7.353578
8.052762
9.893450
10.047886
8.770952
5.739312
6.790967
7.265421
8.185305
10.343102
10.915905
10.026367
8.183812
8.083468
8.173533
8.886404
10.919500
11.921782
11.424164
7.562174
8.940191
7.766523
8.261390
10.307713
11.681683
11.693636
10.565731
9.007461
8.087376
8.966703
8.226980
10.664347
10.905035
9.799078
7.688049
8.187485
8.840466
8.103990
10.126892
10.551109
9.531559
6.682582
7.048603
8.341618
8.863478
10.328684
11.002110
10.388889
8.656910
7.433246
8.639415
9.421106
9.982021
11.139730
10.802088
8.824126
8.804574
9.339706
9.408468
9.723812
10.751717
10.611788
8.745590
8.066760
7.543713
7.962882
9.086384
9.878416
10.170443
9.412256
8.525169
8.089908
6.581053
8.228156
8.923107
9.426528
8.641838
6.427872
5.904093
6.706520
7.922812
8.022608
9.392543
9.224365
7.999096
7.653610
8.227632
8.772260
8.575422
9.693155
9.741594
8.820966
7.974659
7.550287
7.311817
7.183567
8.640693
8.798991
7.261478
7.680412
7.601383
7.679075
7.397267
8.674213
9.096999
8.113319
7.355980
7.459610
6.459922
6.815405
6.415623
7.782063
7.443802
6.613914
7.479381
7.575242
6.592643
7.096436
7.468089
6.921077
5.513360
6.066103
6.500594
6.582794
6.122424
7.203427
7.218553
6.437441
6.434552
5.973158
5.050612
5.671161
6.056590
6.091996
5.230034
3.257385
3.649296
4.067827
4.141654
4.139618
3.902457
11.255072
10.567228
7.635022
7.391939
5.885840
7.339431
9.870657
10.934568
10.621420
8.768751
7.160707
6.010942
7.969869
8.892925
10.477694
10.370453
8.462103
7.215989
6.766912
7.353578
8.052762
9.893450
10.047886
8.770952
5.739312
6.790967
7.265421
8.185305
10.343102
10.915905
10.026367
8.183812
8.083468
8.173533
8.886404
10.919500
11.921782
11.424164
7.562174
8.940191
7.766523
8.261390
10.307713
11.681683
11.693636
10.565731
9.007461
8.087376
8.966703
8.226980
10.664347
10.905035
9.799078
7.688049
8.187485
8.840466
8.103990
10.126892
10.551109
9.531559
6.682582
7.048603
8.341618
8.863478
10.328684
11.002110
10.388889
8.656910
7.433246
8.639415
9.421106
9.982021
11.139730
10.802088
8.824126
8.804574
9.339706
9.408468
9.723812
10.751717
10.611788
8.745590
8.066760
7.543713
7.962882
9.086384
9.878416
10.170443
9.412256
8.525169
8.089908
6.581053
8.228156
8.923107
9.426528
8.641838
6.427872
5.904093
6.706520
7.922812
8.022608
9.392543
9.224365
7.999096
7.653610
8.227632
8.772260
8.575422
9.693155
9.741594
8.820966
7.974659
7.550287
7.311817
7.183567
8.640693
8.798991
7.261478
7.680412
7.601383
7.679075
7.397267
8.674213
9.096999
8.113319
7.355980
7.459610
6.459922
6.815405
6.415623
7.782063
7.443802
6.613914
7.479381
7.575242
6.592643
7.096436
7.468089
6.921077
5.513360
6.066103
6.500594
6.582794
6.122424
7.203427
7.218553
6.437441
6.434552
5.973158
5.050612
5.671161
6.056590
6.091996
5.230034
3.257385
3.649296
4.067827
4.141654
4.139618
3.902457
11.255072
10.567228
7.635022
7.391939
5.885840
7.339431
9.870657
10.934568
10.621420
8.768751
7.160707
6.010942
7.969869
8.892925
10.477694
10.370453
8.462103
7.215989
6.766912
7.353578
8.052762
9.893450
10.047886
8.770952
5.739312
6.790967
7.265421
8.185305
10.343102
10.915905
10.026367
8.183812
8.083468
8.173533
8.886404
10.919500
11.921782
11.424164
7.562174
8.940191
7.766523
8.261390
10.307713
11.681683
11.693636
10.565731
9.007461
8.087376
8.966703
8.226980
10.664347
10.905035
9.799078
7.688049
8.187485
8.840466
8.103990
10.126892
10.551109
9.531559
6.682582
7.048603
8.341618
8.863478
10.328684
11.002110
10.388889
8.656910
7.433246
8.639415
9.421106
9.982021
11.139730
10.802088
8.824126
8.804574
9.339706
9.408468
9.723812
10.751717
10.611788
8.745590
8.066760
7.543713
7.962882
9.086384
9.878416
10.170443
9.412256
8.525169
8.089908
6.581053
8.228156
8.923107
9.426528
8.641838
6.427872
5.904093
6.706520
7.922812
8.022608
9.392543
9.224365
7.999096
7.653610
8.227632
8.772260
8.575422
9.693155
9.741594
8.820966
7.974659
7.550287
7.311817
7.183567
8.640693
8.798991
7.261478
7.680412
7.601383
7.679075
7.397267
8.674213
9.096999
8.113319
7.355980
7.459610
6.459922
6.815405
6.415623
7.782063
7.443802
6.613914
7.479381
7.575242
6.592643
7.096436
7.468089
6.921077
5.513360
6.066103
6.500594
6.582794
6.122424
7.203427
7.218553
6.437441
6.434552
5.973158
5.050612
5.671161
6.056590
6.091996
5.230034
3.257385
3.649296
4.067827
4.141654
4.139618
3.902457
11.255072
10.567228
7.635022
7.391939
5.885840
7.339431
9.870657
10.934568
10.621420
8.768751
7.160707
6.010942
7.969869
8.892925
10.477694
10.370453
8.462103
7.215989
6.766912
7.353578
8.052762
9.893450
10.047886
8.770952
5.739312
6.790967
7.265421
8.185305
10.343102
10.915905
10.026367
8.183812
8.083468
8.173533
8.886404
10.919500
11.921782
11.424164
7.562174
8.940191
7.766523
8.261390
10.307713
11.681683
11.693636
10.565731
9.007461
8.087376
8.966703
8.226980
10.664347
10.905035
9.799078
7.688049
8.187485
8.840466
8.103990
10.126892
10.551109
9.531559
6.682582
7.048603
8.341618
8.863478
10.328684
11.002110
10.388889
8.656910
7.433246
8.639415
9.421106
9.982021
11.139730
10.802088
8.824126
8.804574
9.339706
9.408468
9.723812
10.751717
10.611788
8.745590
8.066760
7.543713
7.962882
9.086384
9.878416
10.170443
9.412256
8.525169
8.089908
6.581053
8.228156
8.923107
9.426528
8.641838
6.427872
5.904093
6.706520
7.922812
8.022608
9.392543
9.224365
7.999096
7.653610
8.227632
8.772260
8.575422
9.693155
9.741594
8.820966
7.974659
7.550287
7.311817
7.183567
8.640693
8.798991
7.261478
7.680412
7.601383
7.679075
7.397267
8.674213
9.096999
8.113319
7.355980
7.459610
6.459922
6.815405
6.415623
7.782063
7.443802
6.613914
7.479381
7.575242
6.592643
7.096436
7.468089
6.921077
5.513360
6.066103
6.500594
6.582794
6.122424
7.203427
7.218553
6.437441
6.434552
5.973158
5.050612
5.671161
6.056590
6.091996
5.230034
3.257385
3.649296
4.067827
4.141654
4.139618
3.902457
11.255072
10.567228
7.635022
7.391939
5.885840
7.339431
9.870657
10.934568
10.621420
8.768751
7.160707
6.010942
7.969869
8.892925
10.477694
10.370453
8.462103
7.215989
6.766912
7.353578
8.052762
9.893450
10.047886
8.770952
5.739312
6.790967
7.265421
8.185305
10.343102
10.915905
10.026367
8.183812
8.083468
8.173533
8.886404
10.919500
11.921782
11.424164
7.562174
8.940191
7.766523
8.261390
10.307713
11.681683
11.693636
10.565731
9.007461
8.087376
8.966703
8.226980
10.664347
10.905035
9.799078
7.688049
8.187485
8.840466
8.103990
10.126892
10.551109
9.531559
6.682582
7.048603
8.341618
8.863478
10.328684
11.002110
10.388889
8.656910
7.433246
8.639415
9.421106
9.982021
11.139730
10.802088
8.824126
8.804574
9.339706
9.408468
9.723812
10.751717
10.611788
8.745590
8.066760
7.543713
7.962882
9.086384
9.878416
10.170443
9.412256
8.525169
8.089908
6.581053
8.228156
8.923107
9.426528
8.641838
6.427872
5.904093
6.706520
7.922812
8.022608
9.392543
9.224365
7.999096
7.653610
8.227632
8.772260
8.575422
9.693155
9.741594
8.820966
7.974659
7.550287
7.311817
7.183567
8.640693
8.798991
7.261478
7.680412
7.601383
7.679075
7.397267
8.674213
9.096999
8.113319
7.355980
7.459610
6.459922
6.815405
6.415623
7.782063
7.443802
6.613914
7.479381
7.575242
6.592643
7.096436
7.468089
6.921077
5.513360
6.066103
6.500594
6.582794
6.122424
7.203427
7.218553
6.437441
6.434552
5.973158
5.050612
5.671161
6.056590
6.091996
5.230034
3.257385
3.649296
4.067827
4.141654
4.139618
3.902457
11.255072
10.567228
7.635022
7.391939
5.885840
7.339431
9.870657
10.934568
10.621420
8.768751
7.160707
6.010942
7.969869
8.892925
10.477694
10.370453
8.462103
7.215989
6.766912
7.353578
8.052762
9.893450
10.047886
8.770952
5.739312
6.790967
7.265421
8.185305
10.343102
10.915905
10.026367
8.183812
8.083468
8.173533
8.886404
10.919500
11.921782
11.424164
7.562174
8.940191
7.766523
8.261390
10.307713
11.681683
11.693636
10.565731
9.007461
8.087376
8.966703
8.226980
10.664347
10.905035
9.799078
7.688049
8.187485
8.840466
8.103990
10.126892
10.551109
9.531559
6.682582
7.048603
8.341618
8.863478
10.328684
11.002110
10.388889
8.656910
7.433246
8.639415
9.421106
9.982021
11.139730
10.802088
8.824126
8.804574
9.339706
9.408468
9.723812
10.751717
10.611788
8.745590
8.066760
7.543713
7.962882
9.086384
9.878416
10.170443
9.412256
8.525169
8.089908
6.581053
8.228156
8.923107
9.426528
8.641838
6.427872
5.904093
6.706520
7.922812
8.022608
9.392543
9.224365
7.999096
7.653610
8.227632
8.772260
8.575422
9.693155
9.741594
8.820966
7.974659
7.550287
7.311817
7.183567
8.640693
8.798991
7.261478
7.680412
7.601383
7.679075
7.397267
8.674213
9.096999
8.113319
7.355980
7.459610
6.459922
6.815405
6.415623
7.782063
7.443802
6.613914
7.479381
7.575242
6.592643
7.096436
7.468089
6.921077
5.513360
6.066103
6.500594
6.582794
6.122424
7.203427
7.218553
6.437441
6.434552
5.973158
5.050612
5.671161
6.056590
6.091996
5.230034
3.257385
3.649296
4.067827
4.141654
4.139618
3.902457
11.255072
10.567228
7.635022
7.391939
5.885840
7.339431
9.870657
10.934568
10.621420
8.768751
7.160707
6.010942
7.969869
8.892925
10.477694
10.370453
8.462103
7.215989
6.766912
7.353578
8.052762
9.893450
10.047886
8.770952
5.739312
6.790967
7.265421
8.185305
10.343102
10.915905
10.026367
8.183812
8.083468
8.173533
8.886404
10.919500
11.921782
11.424164
7.562174
8.940191
7.766523
8.261390
10.307713
11.681683
11.693636
10.565731
9.007461
8.087376
8.966703
8.226980
10.664347
10.905035
9.799078
7.688049
8.187485
8.840466
8.103990
10.126892
10.551109
9.531559
6.682582
7.048603
8.341618
8.863478
10.328684
11.002110
10.388889
8.656910
7.433246
8.639415
9.421106
9.982021
11.139730
10.802088
8.824126
8.804574
9.339706
9.408468
9.723812
10.751717
10.611788
8.745590
8.066760
7.543713
7.962882
9.086384
9.878416
10.170443
9.412256
8.525169
8.089908
6.581053
8.228156
8.923107
9.426528
8.641838
6.427872
5.904093
6.706520
7.922812
8.022608
9.392543
9.224365
7.999096
7.653610
8.227632
8.772260
8.575422
9.693155
9.741594
8.820966
7.974659
7.550287
7.311817
7.183567
8.640693
8.798991
7.261478
7.680412
7.601383
7.679075
7.397267
8.674213
9.096999
8.113319
7.355980
7.459610
6.459922
6.815405
6.415623
7.782063
7.443802
6.613914
7.479381
7.575242
6.592643
7.096436
7.468089
6.921077
5.513360
6.066103
6.500594
6.582794
6.122424
7.203427
7.218553
6.437441
6.434552
5.973158
5.050612
5.671161
6.056590
6.091996
5.230034
3.257385
3.649296
4.067827
4.141654
4.139618
3.902457
11.255072
10.567228
7.635022
7.391939
5.885840
7.339431
9.870657
10.934568
10.621420
8.768751
7.160707
6.010942
7.969869
8.892925
10.477694
10.370453
8.462103
7.215989
6.766912
7.353578
8.052762
9.893450
10.047886
8.770952
5.739312
6.790967
7.265421
8.185305
10.343102
10.915905
10.026367
8.183812
8.083468
8.173533
8.886404
10.919500
11.921782
11.424164
7.562174
8.940191
7.766523
8.261390
10.307713
11.681683
11.693636
10.565731
9.007461
8.087376
8.966703
8.226980
10.664347
10.905035
9.799078
7.688049
8.187485
8.840466
8.103990
10.126892
10.551109
9.531559
6.682582
7.048603
8.341618
8.863478
10.328684
11.002110
10.388889
8.656910
7.433246
8.639415
9.421106
9.982021
11.139730
10.802088
8.824126
8.804574
9.339706
9.408468
9.723812
10.751717
10.611788
8.745590
8.066760
7.543713
7.962882
9.086384
9.878416
10.170443
9.412256
8.525169
8.089908
6.581053
8.228156
8.923107
9.426528
8.641838
6.427872
5.904093
6.706520
7.922812
8.022608
9.392543
9.224365
7.999096
7.653610
8.227632
8.772260
8.575422
9.693155
9.741594
8.820966
7.974659
7.550287
7.311817
7.183567
8.640693
8.798991
7.261478
7.680412
7.601383
7.679075
7.397267
8.674213
9.096999
8.113319
7.355980
7.459610
6.459922
6.815405
6.415623
7.782063
7.443802
6.613914
7.479381
7.575242
6.592643
7.096436
7.468089
6.921077
5.513360
6.066103
6.500594
6.582794
6.122424
7.203427
7.218553
6.437441
6.434552
5.973158
5.050612
5.671161
6.056590
6.091996
5.230034
3.257385
3.649296
4.067827
4.141654
4.139618
3.902457
11.255072
10.567228
7.635022
7.391939
5.885840
7.339431
9.870657
10.934568
10.621420
8.768751
7.160707
6.010942
7.969869
8.892925
10.477694
10.370453
8.462103
7.215989
6.766912
7.353578
8.052762
9.893450
10.047886
8.770952
5.739312
6.790967
7.265421
8.185305
10.343102
10.915905
10.026367
8.183812
8.083468
8.173533
8.886404
10.919500
11.921782
11.424164
7.562174
8.940191
7.766523
8.261390
10.307713
11.681683
11.693636
10.565731
9.007461
8.087376
8.966703
8.226980
10.664347
10.905035
9.799078
7.688049
8.187485
8.840466
8.103990
10.126892
10.551109
9.531559
6.682582
7.048603
8.341618
8.863478
10.328684
11.002110
10.388889
8.656910
7.433246
8.639415
9.421106
9.982021
11.139730
10.802088
8.824126
8.804574
9.339706
9.408468
9.723812
10.751717
10.611788
8.745590
8.066760
7.543713
7.962882
9.086384
9.878416
10.170443
9.412256
8.525169
8.089908
6.581053
8.228156
8.923107
9.426528
8.641838
6.427872
5.904093
6.706520
7.922812
8.022608
9.392543
9.224365
7.999096
7.653610
8.227632
8.772260
8.575422
9.693155
9.741594
8.820966
7.974659
7.550287
7.311817
7.183567
8.640693
8.798991
7.261478
7.680412
7.601383
7.679075
7.397267
8.674213
9.096999
8.113319
7.355980
7.459610
6.459922
6.815405
6.415623
7.782063
7.443802
6.613914
7.479381
7.575242
6.592643
7.096436
7.468089
6.921077
5.513360
6.066103
6.500594
6.582794
6.122424
7.203427
7.218553
6.437441
6.434552
5.973158
5.050612
5.671161
6.056590
6.091996
5.230034
3.257385
3.649296
4.067827
4.141654
4.139618
3.902457
11.255072
10.567228
7.635022
7.391939
5.885840
7.339431
9.870657
10.934568
10.621420
8.768751
7.160707
6.010942
7.969869
8.892925
10.477694
10.370453
8.462103
7.215989
6.766912
7.353578
8.052762
9.893450
10.047886
8.770952
5.739312
6.790967
7.265421
8.185305
10.343102
10.915905
10.026367
8.183812
8.083468
8.173533
8.886404
10.919500
11.921782
11.424164
7.562174
8.940191
7.766523
8.261390
10.307713
11.681683
11.693636
10.565731
9.007461
8.087376
8.966703
8.226980
10.664347
10.905035
9.799078
7.688049
8.187485
8.840466
8.103990
10.126892
10.551109
9.531559
6.682582
7.048603
8.341618
8.863478
10.328684
11.002110
10.388889
8.656910
7.433246
8.639415
9.421106
9.982021
11.139730
10.802088
8.824126
8.804574
9.339706
9.408468
9.723812
10.751717
10.611788
8.745590
8.066760
7.543713
7.962882
9.086384
9.878416
10.170443
9.412256
8.525169
8.089908
6.581053
8.228156
8.923107
9.426528
8.641838
6.427872
5.904093
6.706520
7.922812
8.022608
9.392543
9.224365
7.999096
7.653610
8.227632
8.772260
8.575422
9.693155
9.741594
8.820966
7.974659
7.550287
7.311817
7.183567
8.640693
8.798991
7.261478
7.680412
7.601383
7.679075
7.397267
8.674213
9.096999
8.113319
7.355980
7.459610
6.459922
6.815405
6.415623
7.782063
7.443802
6.613914
7.479381
7.575242
6.592643
7.096436
7.468089
6.921077
5.513360
6.066103
6.500594
6.582794
6.122424
7.203427
7.218553
6.437441
6.434552
5.973158
5.050612
5.671161
6.056590
6.091996
5.230034
3.257385
3.649296
4.067827
4.141654
4.139618
3.902457
11.255072
10.567228
7.635022
7.391939
5.885840
7.339431
9.870657
10.934568
10.621420
8.768751
7.160707
6.010942
7.969869
8.892925
10.477694
10.370453
8.462103
7.215989
6.766912
7.353578
8.052762
9.893450
10.047886
8.770952
5.739312
6.790967
7.265421
8.185305
10.343102
10.915905
10.026367
8.183812
8.083468
8.173533
8.886404
10.919500
11.921782
11.424164
7.562174
8.940191
7.766523
8.261390
10.307713
11.681683
11.693636
10.565731
9.007461
8.087376
8.966703
8.226980
10.664347
10.905035
9.799078
7.688049
8.187485
8.840466
8.103990
10.126892
10.551109
9.531559
6.682582
7.048603
8.341618
8.863478
10.328684
11.002110
10.388889
8.656910
7.433246
8.639415
9.421106
9.982021
11.139730
10.802088
8.824126
8.804574
9.339706
9.408468
9.723812
10.751717
10.611788
8.745590
8.066760
7.543713
7.962882
9.086384
9.878416
10.170443
9.412256
8.525169
8.089908
6.581053
8.228156
8.923107
9.426528
8.641838
6.427872
5.904093
6.706520
7.922812
8.022608
9.392543
9.224365
7.999096
7.653610
8.227632
8.772260
8.575422
9.693155
9.741594
8.820966
7.974659
7.550287
7.311817
7.183567
8.640693
8.798991
7.261478
7.680412
7.601383
7.679075
7.397267
8.674213
9.096999
8.113319
7.355980
7.459610
6.459922
6.815405
6.415623
7.782063
7.443802
6.613914
7.479381
7.575242
6.592643
7.096436
7.468089
6.921077
5.513360
6.066103
6.500594
6.582794
6.122424
7.203427
7.218553
6.437441
6.434552
5.973158
5.050612
5.671161
6.056590
6.091996
5.230034
3.257385
3.649296
4.067827
4.141654
4.139618
3.902457
11.255072
10.567228
7.635022
7.391939
5.885840
7.339431
9.870657
10.934568
10.621420
8.768751
7.160707
6.010942
7.969869
8.892925
10.477694
10.370453
8.462103
7.215989
6.766912
7.353578
8.052762
9.893450
10.047886
8.770952
5.739312
6.790967
7.265421
8.185305
10.343102
10.915905
10.026367
8.183812
8.083468
8.173533
8.886404
10.919500
11.921782
11.424164
7.562174
8.940191
7.766523
8.261390
10.307713
11.681683
11.693636
10.565731
9.007461
8.087376
8.966703
8.226980
10.664347
10.905035
9.799078
7.688049
8.187485
8.840466
8.103990
10.126892
10.551109
9.531559
6.682582
7.048603
8.341618
8.863478
10.328684
11.002110
10.388889
8.656910
7.433246
8.639415
9.421106
9.982021
11.139730
10.802088
8.824126
8.804574
9.339706
9.408468
9.723812
10.751717
10.611788
8.745590
8.066760
7.543713
7.962882
9.086384
9.878416
10.170443
9.412256
8.525169
8.089908
6.581053
8.228156
8.923107
9.426528
8.641838
6.427872
5.904093
6.706520
7.922812
8.022608
9.392543
9.224365
7.999096
7.653610
8.227632
8.772260
8.575422
9.693155
9.741594
8.820966
7.974659
7.550287
7.311817
7.183567
8.640693
8.798991
7.261478
7.680412
7.601383
7.679075
7.397267
8.674213
9.096999
8.113319
7.355980
7.459610
6.459922
6.815405
6.415623
7.782063
7.443802
6.613914
7.479381
7.575242
6.592643
7.096436
7.468089
6.921077
5.513360
6.066103
6.500594
6.582794
6.122424
7.203427
7.218553
6.437441
6.434552
5.973158
5.050612
5.671161
6.056590
6.091996
5.230034
3.257385
3.649296
4.067827
4.141654
4.139618
3.902457
11.255072
10.567228
7.635022
7.391939
5.885840
7.339431
9.870657
10.934568
10.621420
8.768751
7.160707
6.010942
7.969869
8.892925
10.477694
10.370453
8.462103
7.215989
6.766912
7.353578
8.052762
9.893450
10.047886
8.770952
5.739312
6.790967
7.265421
8.185305
10.343102
10.915905
10.026367
8.183812
8.083468
8.173533
8.886404
10.919500
11.921782
11.424164
7.562174
8.940191
7.766523
8.261390
10.307713
11.681683
11.693636
10.565731
9.007461
8.087376
8.966703
8.226980
10.664347
10.905035
9.799078
7.688049
8.187485
8.840466
8.103990
10.126892
10.551109
9.531559
6.682582
7.048603
8.341618
8.863478
10.328684
11.002110
10.388889
8.656910
7.433246
8.639415
9.421106
9.982021
11.139730
10.802088
8.824126
8.804574
9.339706
9.408468
9.723812
10.751717
10.611788
8.745590
8.066760
7.543713
7.962882
9.086384
9.878416
10.170443
9.412256
8.525169
8.089908
6.581053
8.228156
8.923107
9.426528
8.641838
6.427872
5.904093
6.706520
7.922812
8.022608
9.392543
9.224365
7.999096
7.653610
8.227632
8.772260
8.575422
9.693155
9.741594
8.820966
7.974659
7.550287
7.311817
7.183567
8.640693
8.798991
7.261478
7.680412
7.601383
7.679075
7.397267
8.674213
9.096999
8.113319
7.355980
7.459610
6.459922
6.815405
6.415623
7.782063
7.443802
6.613914
7.479381
7.575242
6.592643
7.096436
7.468089
6.921077
5.513360
6.066103
6.500594
6.582794
6.122424
7.203427
7.218553
6.437441
6.434552
5.973158
5.050612
5.671161
6.056590
6.091996
5.230034
3.257385
3.649296
4.067827
4.141654
4.139618
3.902457
11.255072
10.567228
7.635022
7.391939
5.885840
7.339431
9.870657
10.934568
10.621420
8.768751
7.160707
6.010942
7.969869
8.892925
10.477694
10.370453
8.462103
7.215989
6.766912
7.353578
8.052762
9.893450
10.047886
8.770952
5.739312
6.790967
7.265421
8.185305
10.343102
10.915905
10.026367
8.183812
8.083468
8.173533
8.886404
10.919500
11.921782
11.424164
7.562174
8.940191
7.766523
8.261390
10.307713
11.681683
11.693636
10.565731
9.007461
8.087376
8.966703
8.226980
10.664347
10.905035
9.799078
7.688049
8.187485
8.840466
8.103990
10.126892
10.551109
9.531559
6.682582
7.048603
8.341618
8.863478
10.328684
11.002110
10.388889
8.656910
7.433246
8.639415
9.421106
9.982021
11.139730
10.802088
8.824126
8.804574
9.339706
9.408468
9.723812
10.751717
10.611788
8.745590
8.066760
7.543713
7.962882
9.086384
9.878416
10.170443
9.412256
8.525169
8.089908
6.581053
8.228156
8.923107
9.426528
8.641838
6.427872
5.904093
6.706520
7.922812
8.022608
9.392543
9.224365
7.999096
7.653610
8.227632
8.772260
8.575422
9.693155
9.741594
8.820966
7.974659
7.550287
7.311817
7.183567
8.640693
8.798991
7.261478
7.680412
7.601383
7.679075
7.397267
8.674213
9.096999
8.113319
7.355980
7.459610
6.459922
6.815405
6.415623
7.782063
7.443802
6.613914
7.479381
7.575242
6.592643
7.096436
7.468089
6.921077
5.513360
6.066103
6.500594
6.582794
6.122424
7.203427
7.218553
6.437441
6.434552
5.973158
5.050612
5.671161
6.056590
6.091996
5.230034
3.257385
3.649296
4.067827
4.141654
4.139618
3.902457
11.255072
10.567228
7.635022
7.391939
5.885840
7.339431
9.870657
10.934568
10.621420
8.768751
7.160707
6.010942
7.969869
8.892925
10.477694
10.370453
8.462103
7.215989
6.766912
7.353578
8.052762
9.893450
10.047886
8.770952
5.739312
6.790967
7.265421
8.185305
10.343102
10.915905
10.026367
8.183812
8.083468
8.173533
8.886404
10.919500
11.921782
11.424164
7.562174
8.940191
7.766523
8.261390
10.307713
11.681683
11.693636
10.565731
9.007461
8.087376
8.966703
8.226980
10.664347
10.905035
9.799078
7.688049
8.187485
8.840466
8.103990
10.126892
10.551109
9.531559
6.682582
7.048603
8.341618
8.863478
10.328684
11.002110
10.388889
8.656910
7.433246
8.639415
9.421106
9.982021
11.139730
10.802088
8.824126
8.804574
9.339706
9.408468
9.723812
10.751717
10.611788
8.745590
8.066760
7.543713
7.962882
9.086384
9.878416
10.170443
9.412256
8.525169
8.089908
6.581053
8.228156
8.923107
9.426528
8.641838
6.427872
5.904093
6.706520
7.922812
8.022608
9.392543
9.224365
7.999096
7.653610
8.227632
8.772260
8.575422
9.693155
9.741594
8.820966
7.974659
7.550287
7.311817
7.183567
8.640693
8.798991
7.261478
7.680412
7.601383
7.679075
7.397267
8.674213
9.096999
8.113319
7.355980
7.459610
6.459922
6.815405
6.415623
7.782063
7.443802
6.613914
7.479381
7.575242
6.592643
7.096436
7.468089
6.921077
5.513360
6.066103
6.500594
6.582794
6.122424
7.203427
7.218553
6.437441
6.434552
5.973158
5.050612
5.671161
6.056590
6.091996
5.230034
3.257385
3.649296
4.067827
4.141654
4.139618
3.902457
11.255072
10.567228
7.635022
7.391939
5.885840
7.339431
9.870657
10.934568
10.621420
8.768751
7.160707
6.010942
7.969869
8.892925
10.477694
10.370453
8.462103
7.215989
6.766912
7.353578
8.052762
9.893450
10.047886
8.770952
5.739312
6.790967
7.265421
8.185305
10.343102
10.915905
10.026367
8.183812
8.083468
8.173533
8.886404
10.919500
11.921782
11.424164
7.562174
8.940191
7.766523
8.261390
10.307713
11.681683
11.693636
10.565731
9.007461
8.087376
8.966703
8.226980
10.664347
10.905035
9.799078
7.688049
8.187485
8.840466
8.103990
10.126892
10.551109
9.531559
6.682582
7.048603
8.341618
8.863478
10.328684
11.002110
10.388889
8.656910
7.433246
8.639415
9.421106
9.982021
11.139730
10.802088
8.824126
8.804574
9.339706
9.408468
9.723812
10.751717
10.611788
8.745590
8.066760
7.543713
7.962882
9.086384
9.878416
10.170443
9.412256
8.525169
8.089908
6.581053
8.228156
8.923107
9.426528
8.641838
6.427872
5.904093
6.706520
7.922812
8.022608
9.392543
9.224365
7.999096
7.653610
8.227632
8.772260
8.575422
9.693155
9.741594
8.820966
7.974659
7.550287
7.311817
7.183567
8.640693
8.798991
7.261478
7.680412
7.601383
7.679075
7.397267
8.674213
9.096999
8.113319
7.355980
7.459610
6.459922
6.815405
6.415623
7.782063
7.443802
6.613914
7.479381
7.575242
6.592643
7.096436
7.468089
6.921077
5.513360
6.066103
6.500594
6.582794
6.122424
7.203427
7.218553
6.437441
6.434552
5.973158
5.050612
5.671161
6.056590
6.091996
5.230034
3.257385
3.649296
4.067827
4.141654
4.139618
3.902457
11.255072
10.567228
7.635022
7.391939
5.885840
7.339431
9.870657
10.934568
10.621420
8.768751
7.160707
6.010942
7.969869
8.892925
10.477694
10.370453
8.462103
7.215989
6.766912
7.353578
8.052762
9.893450
10.047886
8.770952
5.739312
6.790967
7.265421
8.185305
10.343102
10.915905
10.026367
8.183812
8.083468
8.173533
8.886404
10.919500
11.921782
11.424164
7.562174
8.940191
7.766523
8.261390
10.307713
11.681683
11.693636
10.565731
9.007461
8.087376
8.966703
8.226980
10.664347
10.905035
9.799078
7.688049
8.187485
8.840466
8.103990
10.126892
10.551109
9.531559
6.682582
7.048603
8.341618
8.863478
10.328684
11.002110
10.388889
8.656910
7.433246
8.639415
9.421106
9.982021
11.139730
10.802088
8.824126
8.804574
9.339706
9.408468
9.723812
10.751717
10.611788
8.745590
8.066760
7.543713
7.962882
9.086384
9.878416
10.170443
9.412256
8.525169
8.089908
6.581053
8.228156
8.923107
9.426528
8.641838
6.427872
5.904093
6.706520
7.922812
8.022608
9.392543
9.224365
7.999096
7.653610
8.227632
8.772260
8.575422
9.693155
9.741594
8.820966
7.974659
7.550287
7.311817
7.183567
8.640693
8.798991
7.261478
7.680412
7.601383
7.679075
7.397267
8.674213
9.096999
8.113319
7.355980
7.459610
6.459922
6.815405
6.415623
7.782063
7.443802
6.613914
7.479381
7.575242
6.592643
7.096436
7.468089
6.921077
5.513360
6.066103
6.500594
6.582794
6.122424
7.203427
7.218553
6.437441
6.434552
5.973158
5.050612
5.671161
6.056590
6.091996
5.230034
3.257385
3.649296
4.067827
4.141654
4.139618
3.902457
11.255072
10.567228
7.635022
7.391939
5.885840
7.339431
9.870657
10.934568
10.621420
8.768751
7.160707
6.010942
7.969869
8.892925
10.477694
10.370453
8.462103
7.215989
6.766912
7.353578
8.052762
9.893450
10.047886
8.770952
5.739312
6.790967
7.265421
8.185305
10.343102
10.915905
10.026367
8.183812
8.083468
8.173533
8.886404
10.919500
11.921782
11.424164
7.562174
8.940191
7.766523
8.261390
10.307713
11.681683
11.693636
10.565731
9.007461
8.087376
8.966703
8.226980
10.664347
10.905035
9.799078
7.688049
8.187485
8.840466
8.103990
10.126892
10.551109
9.531559
6.682582
7.048603
8.341618
8.863478
10.328684
11.002110
10.388889
8.656910
7.433246
8.639415
9.421106
9.982021
11.139730
10.802088
8.824126
8.804574
9.339706
9.408468
9.723812
10.751717
10.611788
8.745590
8.066760
7.543713
7.962882
9.086384
9.878416
10.170443
9.412256
8.525169
8.089908
6.581053
8.228156
8.923107
9.426528
8.641838
6.427872
5.904093
6.706520
7.922812
8.022608
9.392543
9.224365
7.999096
7.653610
8.227632
8.772260
8.575422
9.693155
9.741594
8.820966
7.974659
7.550287
7.311817
7.183567
8.640693
8.798991
7.261478
7.680412
7.601383
7.679075
7.397267
8.674213
9.096999
8.113319
7.355980
7.459610
6.459922
6.815405
6.415623
7.782063
7.443802
6.613914
7.479381
7.575242
6.592643
7.096436
7.468089
6.921077
5.513360
6.066103
6.500594
6.582794
6.122424
7.203427
7.218553
6.437441
6.434552
5.973158
5.050612
5.671161
6.056590
6.091996
5.230034
3.257385
3.649296
4.067827
4.141654
4.139618
3.902457
11.255072
10.567228
7.635022
7.391939
5.885840
7.339431
9.870657
10.934568
10.621420
8.768751
7.160707
6.010942
7.969869
8.892925
10.477694
10.370453
8.462103
7.215989
6.766912
7.353578
8.052762
9.893450
10.047886
8.770952
5.739312
6.790967
7.265421
8.185305
10.343102
10.915905
10.026367
8.183812
8.083468
8.173533
8.886404
10.919500
11.921782
11.424164
7.562174
8.940191
7.766523
8.261390
10.307713
11.681683
11.693636
10.565731
9.007461
8.087376
8.966703
8.226980
10.664347
10.905035
9.799078
7.688049
8.187485
8.840466
8.103990
10.126892
10.551109
9.531559
6.682582
7.048603
8.341618
8.863478
10.328684
11.002110
10.388889
8.656910
7.433246
8.639415
9.421106
9.982021
11.139730
10.802088
8.824126
8.804574
9.339706
9.408468
9.723812
10.751717
10.611788
8.745590
8.066760
7.543713
7.962882
9.086384
9.878416
10.170443
9.412256
8.525169
8.089908
6.581053
8.228156
8.923107
9.426528
8.641838
6.427872
5.904093
6.706520
7.922812
8.022608
9.392543
9.224365
7.999096
7.653610
8.227632
8.772260
8.575422
9.693155
9.741594
8.820966
7.974659
7.550287
7.311817
7.183567
8.640693
8.798991
7.261478
7.680412
7.601383
7.679075
7.397267
8.674213
9.096999
8.113319
7.355980
7.459610
6.459922
6.815405
6.415623
7.782063
7.443802
6.613914
7.479381
7.575242
6.592643
7.096436
7.468089
6.921077
5.513360
6.066103
6.500594
6.582794
6.122424
7.203427
7.218553
6.437441
6.434552
5.973158
5.050612
5.671161
6.056590
6.091996
5.230034
3.257385
3.649296
4.067827
4.141654
4.139618
3.902457
11.255072
10.567228
7.635022
7.391939
5.885840
7.339431
9.870657
10.934568
10.621420
8.768751
7.160707
6.010942
7.969869
8.892925
10.477694
10.370453
8.462103
7.215989
6.766912
7.353578
8.052762
9.893450
10.047886
8.770952
5.739312
6.790967
7.265421
8.185305
10.343102
10.915905
10.026367
8.183812
8.083468
8.173533
8.886404
10.919500
11.921782
11.424164
7.562174
8.940191
7.766523
8.261390
10.307713
11.681683
11.693636
10.565731
9.007461
8.087376
8.966703
8.226980
10.664347
10.905035
9.799078
7.688049
8.187485
8.840466
8.103990
10.126892
10.551109
9.531559
6.682582
7.048603
8.341618
8.863478
10.328684
11.002110
10.388889
8.656910
7.433246
8.639415
9.421106
9.982021
11.139730
10.802088
8.824126
8.804574
9.339706
9.408468
9.723812
10.751717
10.611788
8.745590
8.066760
7.543713
7.962882
9.086384
9.878416
10.170443
9.412256
8.525169
8.089908
6.581053
8.228156
8.923107
9.426528
8.641838
6.427872
5.904093
6.706520
7.922812
8.022608
9.392543
9.224365
7.999096
7.653610
8.227632
8.772260
8.575422
9.693155
9.741594
8.820966
7.974659
7.550287
7.311817
7.183567
8.640693
8.798991
7.261478
7.680412
7.601383
7.679075
7.397267
8.674213
9.096999
8.113319
7.355980
7.459610
6.459922
6.815405
6.415623
7.782063
7.443802
6.613914
7.479381
7.575242
6.592643
7.096436
7.468089
6.921077
5.513360
6.066103
6.500594
6.582794
6.122424
7.203427
7.218553
6.437441
6.434552
5.973158
5.050612
5.671161
6.056590
6.091996
5.230034
3.257385
3.649296
4.067827
4.141654
4.139618
3.902457
11.255072
10.567228
7.635022
7.391939
5.885840
7.339431
9.870657
10.934568
10.621420
8.768751
7.160707
6.010942
7.969869
8.892925
10.477694
10.370453
8.462103
7.215989
6.766912
7.353578
8.052762
9.893450
10.047886
8.770952
5.739312
6.790967
7.265421
8.185305
10.343102
10.915905
10.026367
8.183812
8.083468
8.173533
8.886404
10.919500
11.921782
11.424164
7.562174
8.940191
7.766523
8.261390
10.307713
11.681683
11.693636
10.565731
9.007461
8.087376
8.966703
8.226980
10.664347
10.905035
9.799078
7.688049
8.187485
8.840466
8.103990
10.126892
10.551109
9.531559
6.682582
7.048603
8.341618
8.863478
10.328684
11.002110
10.388889
8.656910
7.433246
8.639415
9.421106
9.982021
11.139730
10.802088
8.824126
8.804574
9.339706
9.408468
9.723812
10.751717
10.611788
8.745590
8.066760
7.543713
7.962882
9.086384
9.878416
10.170443
9.412256
8.525169
8.089908
6.581053
8.228156
8.923107
9.426528
8.641838
6.427872
5.904093
6.706520
7.922812
8.022608
9.392543
9.224365
7.999096
7.653610
8.227632
8.772260
8.575422
9.693155
9.741594
8.820966
7.974659
7.550287
7.311817
7.183567
8.640693
8.798991
7.261478
7.680412
7.601383
7.679075
7.397267
8.674213
9.096999
8.113319
7.355980
7.459610
6.459922
6.815405
6.415623
7.782063
7.443802
6.613914
7.479381
7.575242
6.592643
7.096436
7.468089
6.921077
5.513360
6.066103
6.500594
6.582794
6.122424
7.203427
7.218553
6.437441
6.434552
5.973158
5.050612
5.671161
6.056590
6.091996
5.230034
3.257385
3.649296
4.067827
4.141654
4.139618
3.902457
11.255072
10.567228
7.635022
7.391939
5.885840
7.339431
9.870657
10.934568
10.621420
8.768751
7.160707
6.010942
7.969869
8.892925
10.477694
10.370453
8.462103
7.215989
6.766912
7.353578
8.052762
9.893450
10.047886
8.770952
5.739312
6.790967
7.265421
8.185305
10.343102
10.915905
10.026367
8.183812
8.083468
8.173533
8.886404
10.919500
11.921782
11.424164
7.562174
8.940191
7.766523
8.261390
10.307713
11.681683
11.693636
10.565731
9.007461
8.087376
8.966703
8.226980
10.664347
10.905035
9.799078
7.688049
8.187485
8.840466
8.103990
10.126892
10.551109
9.531559
6.682582
7.048603
8.341618
8.863478
10.328684
11.002110
10.388889
8.656910
7.433246
8.639415
9.421106
9.982021
11.139730
10.802088
8.824126
8.804574
9.339706
9.408468
9.723812
10.751717
10.611788
8.745590
8.066760
7.543713
7.962882
9.086384
9.878416
10.170443
9.412256
8.525169
8.089908
6.581053
8.228156
8.923107
9.426528
8.641838
6.427872
5.904093
6.706520
7.922812
8.022608
9.392543
9.224365
7.999096
7.653610
8.227632
8.772260
8.575422
9.693155
9.741594
8.820966
7.974659
7.550287
7.311817
7.183567
8.640693
8.798991
7.261478
7.680412
7.601383
7.679075
7.397267
8.674213
9.096999
8.113319
7.355980
7.459610
6.459922
6.815405
6.415623
7.782063
7.443802
6.613914
7.479381
7.575242
6.592643
7.096436
7.468089
6.921077
5.513360
6.066103
6.500594
6.582794
6.122424
7.203427
7.218553
6.437441
6.434552
5.973158
5.050612
5.671161
6.056590
6.091996
5.230034
3.257385
3.649296
4.067827
4.141654
4.139618
3.902457
11.255072
10.567228
7.635022
7.391939
5.885840
7.339431
9.870657
10.934568
10.621420
8.768751
7.160707
6.010942
7.969869
8.892925
10.477694
10.370453
8.462103
7.215989
6.766912
7.353578
8.052762
9.893450
10.047886
8.770952
5.739312
6.790967
7.265421
8.185305
10.343102
10.915905
10.026367
8.183812
8.083468
8.173533
8.886404
10.919500
11.921782
11.424164
7.562174
8.940191
7.766523
8.261390
10.307713
11.681683
11.693636
10.565731
9.007461
8.087376
8.966703
8.226980
10.664347
10.905035
9.799078
7.688049
8.187485
8.840466
8.103990
10.126892
10.551109
9.531559
6.682582
7.048603
8.341618
8.863478
10.328684
11.002110
10.388889
8.656910
7.433246
8.639415
9.421106
9.982021
11.139730
10.802088
8.824126
8.804574
9.339706
9.408468
9.723812
10.751717
10.611788
8.745590
8.066760
7.543713
7.962882
9.086384
9.878416
10.170443
9.412256
8.525169
8.089908
6.581053
8.228156
8.923107
9.426528
8.641838
6.427872
5.904093
6.706520
7.922812
8.022608
9.392543
9.224365
7.999096
7.653610
8.227632
8.772260
8.575422
9.693155
9.741594
8.820966
7.974659
7.550287
7.311817
7.183567
8.640693
8.798991
7.261478
7.680412
7.601383
7.679075
7.397267
8.674213
9.096999
8.113319
7.355980
7.459610
6.459922
6.815405
6.415623
7.782063
7.443802
6.613914
7.479381
7.575242
6.592643
7.096436
7.468089
6.921077
5.513360
6.066103
6.500594
6.582794
6.122424
7.203427
7.218553
6.437441
6.434552
5.973158
5.050612
5.671161
6.056590
6.091996
5.230034
3.257385
3.649296
4.067827
4.141654
4.139618
3.902457
11.255072
10.567228
7.635022
7.391939
5.885840
7.339431
9.870657
10.934568
10.621420
8.768751
7.160707
6.010942
7.969869
8.892925
10.477694
10.370453
8.462103
7.215989
6.766912
7.353578
8.052762
9.893450
10.047886
8.770952
5.739312
6.790967
7.265421
8.185305
10.343102
10.915905
10.026367
8.183812
8.083468
8.173533
8.886404
10.919500
11.921782
11.424164
7.562174
8.940191
7.766523
8.261390
10.307713
11.681683
11.693636
10.565731
9.007461
8.087376
8.966703
8.226980
10.664347
10.905035
9.799078
7.688049
8.187485
8.840466
8.103990
10.126892
10.551109
9.531559
6.682582
7.048603
8.341618
8.863478
10.328684
11.002110
10.388889
8.656910
7.433246
8.639415
9.421106
9.982021
11.139730
10.802088
8.824126
8.804574
9.339706
9.408468
9.723812
10.751717
10.611788
8.745590
8.066760
7.543713
7.962882
9.086384
9.878416
10.170443
9.412256
8.525169
8.089908
6.581053
8.228156
8.923107
9.426528
8.641838
6.427872
5.904093
6.706520
7.922812
8.022608
9.392543
9.224365
7.999096
7.653610
8.227632
8.772260
8.575422
9.693155
9.741594
8.820966
7.974659
7.550287
7.311817
7.183567
8.640693
8.798991
7.261478
7.680412
7.601383
7.679075
7.397267
8.674213
9.096999
8.113319
7.355980
7.459610
6.459922
6.815405
6.415623
7.782063
7.443802
6.613914
7.479381
7.575242
6.592643
7.096436
7.468089
6.921077
5.513360
6.066103
6.500594
6.582794
6.122424
7.203427
7.218553
6.437441
6.434552
5.973158
5.050612
5.671161
6.056590
6.091996
5.230034
3.257385
3.649296
4.067827
4.141654
4.139618
3.902457
11.255072
10.567228
7.635022
7.391939
5.885840
7.339431
9.870657
10.934568
10.621420
8.768751
7.160707
6.010942
7.969869
8.892925
10.477694
10.370453
8.462103
7.215989
6.766912
7.353578
8.052762
9.893450
10.047886
8.770952
5.739312
6.790967
7.265421
8.185305
10.343102
10.915905
10.026367
8.183812
8.083468
8.173533
8.886404
10.919500
11.921782
11.424164
7.562174
8.940191
7.766523
8.261390
10.307713
11.681683
11.693636
10.565731
9.007461
8.087376
8.966703
8.226980
10.664347
10.905035
9.799078
7.688049
8.187485
8.840466
8.103990
10.126892
10.551109
9.531559
6.682582
7.048603
8.341618
8.863478
10.328684
11.002110
10.388889
8.656910
7.433246
8.639415
9.421106
9.982021
11.139730
10.802088
8.824126
8.804574
9.339706
9.408468
9.723812
10.751717
10.611788
8.745590
8.066760
7.543713
7.962882
9.086384
9.878416
10.170443
9.412256
8.525169
8.089908
6.581053
8.228156
8.923107
9.426528
8.641838
6.427872
5.904093
6.706520
7.922812
8.022608
9.392543
9.224365
7.999096
7.653610
8.227632
8.772260
8.575422
9.693155
9.741594
8.820966
7.974659
7.550287
7.311817
7.183567
8.640693
8.798991
7.261478
7.680412
7.601383
7.679075
7.397267
8.674213
9.096999
8.113319
7.355980
7.459610
6.459922
6.815405
6.415623
7.782063
7.443802
6.613914
7.479381
7.575242
6.592643
7.096436
7.468089
6.921077
5.513360
6.066103
6.500594
6.582794
6.122424
7.203427
7.218553
6.437441
6.434552
5.973158
5.050612
5.671161
6.056590
6.091996
5.230034
3.257385
3.649296
4.067827
4.141654
4.139618
3.902457
11.255072
10.567228
7.635022
7.391939
5.885840
7.339431
9.870657
10.934568
10.621420
8.768751
7.160707
6.010942
7.969869
8.892925
10.477694
10.370453
8.462103
7.215989
6.766912
7.353578
8.052762
9.893450
10.047886
8.770952
5.739312
6.790967
7.265421
8.185305
10.343102
10.915905
10.026367
8.183812
8.083468
8.173533
8.886404
10.919500
11.921782
11.424164
7.562174
8.940191
7.766523
8.261390
10.307713
11.681683
11.693636
10.565731
9.007461
8.087376
8.966703
8.226980
10.664347
10.905035
9.799078
7.688049
8.187485
8.840466
8.103990
10.126892
10.551109
9.531559
6.682582
7.048603
8.341618
8.863478
10.328684
11.002110
10.388889
8.656910
7.433246
8.639415
9.421106
9.982021
11.139730
10.802088
8.824126
8.804574
9.339706
9.408468
9.723812
10.751717
10.611788
8.745590
8.066760
7.543713
7.962882
9.086384
9.878416
10.170443
9.412256
8.525169
8.089908
6.581053
8.228156
8.923107
9.426528
8.641838
6.427872
5.904093
6.706520
7.922812
8.022608
9.392543
9.224365
7.999096
7.653610
8.227632
8.772260
8.575422
9.693155
9.741594
8.820966
7.974659
7.550287
7.311817
7.183567
8.640693
8.798991
7.261478
7.680412
7.601383
7.679075
7.397267
8.674213
9.096999
8.113319
7.355980
7.459610
6.459922
6.815405
6.415623
7.782063
7.443802
6.613914
7.479381
7.575242
6.592643
7.096436
7.468089
6.921077
5.513360
6.066103
6.500594
6.582794
6.122424
7.203427
7.218553
6.437441
6.434552
5.973158
5.050612
5.671161
6.056590
6.091996
5.230034
3.257385
3.649296
4.067827
4.141654
4.139618
3.902457
11.255072
10.567228
7.635022
7.391939
5.885840
7.339431
9.870657
10.934568
10.621420
8.768751
7.160707
6.010942
7.969869
8.892925
10.477694
10.370453
8.462103
7.215989
6.766912
7.353578
8.052762
9.893450
10.047886
8.770952
5.739312
6.790967
7.265421
8.185305
10.343102
10.915905
10.026367
8.183812
8.083468
8.173533
8.886404
10.919500
11.921782
11.424164
7.562174
8.940191
7.766523
8.261390
10.307713
11.681683
11.693636
10.565731
9.007461
8.087376
8.966703
8.226980
10.664347
10.905035
9.799078
7.688049
8.187485
8.840466
8.103990
10.126892
10.551109
9.531559
6.682582
7.048603
8.341618
8.863478
10.328684
11.002110
10.388889
8.656910
7.433246
8.639415
9.421106
9.982021
11.139730
10.802088
8.824126
8.804574
9.339706
9.408468
9.723812
10.751717
10.611788
8.745590
8.066760
7.543713
7.962882
9.086384
9.878416
10.170443
9.412256
8.525169
8.089908
6.581053
8.228156
8.923107
9.426528
8.641838
6.427872
5.904093
6.706520
7.922812
8.022608
9.392543
9.224365
7.999096
7.653610
8.227632
8.772260
8.575422
9.693155
9.741594
8.820966
7.974659
7.550287
7.311817
7.183567
8.640693
8.798991
7.261478
7.680412
7.601383
7.679075
7.397267
8.674213
9.096999
8.113319
7.355980
7.459610
6.459922
6.815405
6.415623
7.782063
7.443802
6.613914
7.479381
7.575242
6.592643
7.096436
7.468089
6.921077
5.513360
6.066103
6.500594
6.582794
6.122424
7.203427
7.218553
6.437441
6.434552
5.973158
5.050612
5.671161
6.056590
6.091996
5.230034
3.257385
3.649296
4.067827
4.141654
4.139618
3.902457
11.255072
10.567228
7.635022
7.391939
5.885840
7.339431
9.870657
10.934568
10.621420
8.768751
7.160707
6.010942
7.969869
8.892925
10.477694
10.370453
8.462103
7.215989
6.766912
7.353578
8.052762
9.893450
10.047886
8.770952
5.739312
6.790967
7.265421
8.185305
10.343102
10.915905
10.026367
8.183812
8.083468
8.173533
8.886404
10.919500
11.921782
11.424164
7.562174
8.940191
7.766523
8.261390
10.307713
11.681683
11.693636
10.565731
9.007461
8.087376
8.966703
8.226980
10.664347
10.905035
9.799078
7.688049
8.187485
8.840466
8.103990
10.126892
10.551109
9.531559
6.682582
7.048603
8.341618
8.863478
10.328684
11.002110
10.388889
8.656910
7.433246
8.639415
9.421106
9.982021
11.139730
10.802088
8.824126
8.804574
9.339706
9.408468
9.723812
10.751717
10.611788
8.745590
8.066760
7.543713
7.962882
9.086384
9.878416
10.170443
9.412256
8.525169
8.089908
6.581053
8.228156
8.923107
9.426528
8.641838
6.427872
5.904093
6.706520
7.922812
8.022608
9.392543
9.224365
7.999096
7.653610
8.227632
8.772260
8.575422
9.693155
9.741594
8.820966
7.974659
7.550287
7.311817
7.183567
8.640693
8.798991
7.261478
7.680412
7.601383
7.679075
7.397267
8.674213
9.096999
8.113319
7.355980
7.459610
6.459922
6.815405
6.415623
7.782063
7.443802
6.613914
7.479381
7.575242
6.592643
7.096436
7.468089
6.921077
5.513360
6.066103
6.500594
6.582794
6.122424
7.203427
7.218553
6.437441
6.434552
5.973158
5.050612
5.671161
6.056590
6.091996
5.230034
3.257385
3.649296
4.067827
4.141654
4.139618
3.902457
11.255072
10.567228
7.635022
7.391939
5.885840
7.339431
9.870657
10.934568
10.621420
8.768751
7.160707
6.010942
7.969869
8.892925
10.477694
10.370453
8.462103
7.215989
6.766912
7.353578
8.052762
9.893450
10.047886
8.770952
5.739312
6.790967
7.265421
8.185305
10.343102
10.915905
10.026367
8.183812
8.083468
8.173533
8.886404
10.919500
11.921782
11.424164
7.562174
8.940191
7.766523
8.261390
10.307713
11.681683
11.693636
10.565731
9.007461
8.087376
8.966703
8.226980
10.664347
10.905035
9.799078
7.688049
8.187485
8.840466
8.103990
10.126892
10.551109
9.531559
6.682582
7.048603
8.341618
8.863478
10.328684
11.002110
10.388889
8.656910
7.433246
8.639415
9.421106
9.982021
11.139730
10.802088
8.824126
8.804574
9.339706
9.408468
9.723812
10.751717
10.611788
8.745590
8.066760
7.543713
7.962882
9.086384
9.878416
10.170443
9.412256
8.525169
8.089908
6.581053
8.228156
8.923107
9.426528
8.641838
6.427872
5.904093
6.706520
7.922812
8.022608
9.392543
9.224365
7.999096
7.653610
8.227632
8.772260
8.575422
9.693155
9.741594
8.820966
7.974659
7.550287
7.311817
7.183567
8.640693
8.798991
7.261478
7.680412
7.601383
7.679075
7.397267
8.674213
9.096999
8.113319
7.355980
7.459610
6.459922
6.815405
6.415623
7.782063
7.443802
6.613914
7.479381
7.575242
6.592643
7.096436
7.468089
6.921077
5.513360
6.066103
6.500594
6.582794
6.122424
7.203427
7.218553
6.437441
6.434552
5.973158
5.050612
5.671161
6.056590
6.091996
5.230034
3.257385
3.649296
4.067827
4.141654
4.139618
3.902457
11.255072
10.567228
7.635022
7.391939
5.885840
7.339431
9.870657
10.934568
10.621420
8.768751
7.160707
6.010942
7.969869
8.892925
10.477694
10.370453
8.462103
7.215989
6.766912
7.353578
8.052762
9.893450
10.047886
8.770952
5.739312
6.790967
7.265421
8.185305
10.343102
10.915905
10.026367
8.183812
8.083468
8.173533
8.886404
10.919500
11.921782
11.424164
7.562174
8.940191
7.766523
8.261390
10.307713
11.681683
11.693636
10.565731
9.007461
8.087376
8.966703
8.226980
10.664347
10.905035
9.799078
7.688049
8.187485
8.840466
8.103990
10.126892
10.551109
9.531559
6.682582
7.048603
8.341618
8.863478
10.328684
11.002110
10.388889
8.656910
7.433246
8.639415
9.421106
9.982021
11.139730
10.802088
8.824126
8.804574
9.339706
9.408468
9.723812
10.751717
10.611788
8.745590
8.066760
7.543713
7.962882
9.086384
9.878416
10.170443
9.412256
8.525169
8.089908
6.581053
8.228156
8.923107
9.426528
8.641838
6.427872
5.904093
6.706520
7.922812
8.022608
9.392543
9.224365
7.999096
7.653610
8.227632
8.772260
8.575422
9.693155
9.741594
8.820966
7.974659
7.550287
7.311817
7.183567
8.640693
8.798991
7.261478
7.680412
7.601383
7.679075
7.397267
8.674213
9.096999
8.113319
7.355980
7.459610
6.459922
6.815405
6.415623
7.782063
7.443802
6.613914
7.479381
7.575242
6.592643
7.096436
7.468089
6.921077
5.513360
6.066103
6.500594
6.582794
6.122424
7.203427
7.218553
6.437441
6.434552
5.973158
5.050612
5.671161
6.056590
6.091996
5.230034
3.257385
3.649296
4.067827
4.141654
4.139618
3.902457
11.255072
10.567228
7.635022
7.391939
5.885840
7.339431
9.870657
10.934568
10.621420
8.768751
7.160707
6.010942
7.969869
8.892925
10.477694
10.370453
8.462103
7.215989
6.766912
7.353578
8.052762
9.893450
10.047886
8.770952
5.739312
6.790967
7.265421
8.185305
10.343102
10.915905
10.026367
8.183812
8.083468
8.173533
8.886404
10.919500
11.921782
11.424164
7.562174
8.940191
7.766523
8.261390
10.307713
11.681683
11.693636
10.565731
9.007461
8.087376
8.966703
8.226980
10.664347
10.905035
9.799078
7.688049
8.187485
8.840466
8.103990
10.126892
10.551109
9.531559
6.682582
7.048603
8.341618
8.863478
10.328684
11.002110
10.388889
8.656910
7.433246
8.639415
9.421106
9.982021
11.139730
10.802088
8.824126
8.804574
9.339706
9.408468
9.723812
10.751717
10.611788
8.745590
8.066760
7.543713
7.962882
9.086384
9.878416
10.170443
9.412256
8.525169
8.089908
6.581053
8.228156
8.923107
9.426528
8.641838
6.427872
5.904093
6.706520
7.922812
8.022608
9.392543
9.224365
7.999096
7.653610
8.227632
8.772260
8.575422
9.693155
9.741594
8.820966
7.974659
7.550287
7.311817
7.183567
8.640693
8.798991
7.261478
7.680412
7.601383
7.679075
7.397267
8.674213
9.096999
8.113319
7.355980
7.459610
6.459922
6.815405
6.415623
7.782063
7.443802
6.613914
7.479381
7.575242
6.592643
7.096436
7.468089
6.921077
5.513360
6.066103
6.500594
6.582794
6.122424
7.203427
7.218553
6.437441
6.434552
5.973158
5.050612
5.671161
6.056590
6.091996
5.230034
3.257385
3.649296
4.067827
4.141654
4.139618
3.902457
11.255072
10.567228
7.635022
7.391939
5.885840
7.339431
9.870657
10.934568
10.621420
8.768751
7.160707
6.010942
7.969869
8.892925
10.477694
10.370453
8.462103
7.215989
6.766912
7.353578
8.052762
9.893450
10.047886
8.770952
5.739312
6.790967
7.265421
8.185305
10.343102
10.915905
10.026367
8.183812
8.083468
8.173533
8.886404
10.919500
11.921782
11.424164
7.562174
8.940191
7.766523
8.261390
10.307713
11.681683
11.693636
10.565731
9.007461
8.087376
8.966703
8.226980
10.664347
10.905035
9.799078
7.688049
8.187485
8.840466
8.103990
10.126892
10.551109
9.531559
6.682582
7.048603
8.341618
8.863478
10.328684
11.002110
10.388889
8.656910
7.433246
8.639415
9.421106
9.982021
11.139730
10.802088
8.824126
8.804574
9.339706
9.408468
9.723812
10.751717
10.611788
8.745590
8.066760
7.543713
7.962882
9.086384
9.878416
10.170443
9.412256
8.525169
8.089908
6.581053
8.228156
8.923107
9.426528
8.641838
6.427872
5.904093
6.706520
7.922812
8.022608
9.392543
9.224365
7.999096
7.653610
8.227632
8.772260
8.575422
9.693155
9.741594
8.820966
7.974659
7.550287
7.311817
7.183567
8.640693
8.798991
7.261478
7.680412
7.601383
7.679075
7.397267
8.674213
9.096999
8.113319
7.355980
7.459610
6.459922
6.815405
6.415623
7.782063
7.443802
6.613914
7.479381
7.575242
6.592643
7.096436
7.468089
6.921077
5.513360
6.066103
6.500594
6.582794
6.122424
7.203427
7.218553
6.437441
6.434552
5.973158
5.050612
5.671161
6.056590
6.091996
5.230034
3.257385
3.649296
4.067827
4.141654
4.139618
3.902457
11.255072
10.567228
7.635022
7.391939
5.885840
7.339431
9.870657
10.934568
10.621420
8.768751
7.160707
6.010942
7.969869
8.892925
10.477694
10.370453
8.462103
7.215989
6.766912
7.353578
8.052762
9.893450
10.047886
8.770952
5.739312
6.790967
7.265421
8.185305
10.343102
10.915905
10.026367
8.183812
8.083468
8.173533
8.886404
10.919500
11.921782
11.424164
7.562174
8.940191
7.766523
8.261390
10.307713
11.681683
11.693636
10.565731
9.007461
8.087376
8.966703
8.226980
10.664347
10.905035
9.799078
7.688049
8.187485
8.840466
8.103990
10.126892
10.551109
9.531559
6.682582
7.048603
8.341618
8.863478
10.328684
11.002110
10.388889
8.656910
7.433246
8.639415
9.421106
9.982021
11.139730
10.802088
8.824126
8.804574
9.339706
9.408468
9.723812
10.751717
10.611788
8.745590
8.066760
7.543713
7.962882
9.086384
9.878416
10.170443
9.412256
8.525169
8.089908
6.581053
8.228156
8.923107
9.426528
8.641838
6.427872
5.904093
6.706520
7.922812
8.022608
9.392543
9.224365
7.999096
7.653610
8.227632
8.772260
8.575422
9.693155
9.741594
8.820966
7.974659
7.550287
7.311817
7.183567
8.640693
8.798991
7.261478
7.680412
7.601383
7.679075
7.397267
8.674213
9.096999
8.113319
7.355980
7.459610
6.459922
6.815405
6.415623
7.782063
7.443802
6.613914
7.479381
7.575242
6.592643
7.096436
7.468089
6.921077
5.513360
6.066103
6.500594
6.582794
6.122424
7.203427
7.218553
6.437441
6.434552
5.973158
5.050612
5.671161
6.056590
6.091996
5.230034
3.257385
3.649296
4.067827
4.141654
4.139618
3.902457
11.255072
10.567228
7.635022
7.391939
5.885840
7.339431
9.870657
10.934568
10.621420
8.768751
7.160707
6.010942
7.969869
8.892925
10.477694
10.370453
8.462103
7.215989
6.766912
7.353578
8.052762
9.893450
10.047886
8.770952
5.739312
6.790967
7.265421
8.185305
10.343102
10.915905
10.026367
8.183812
8.083468
8.173533
8.886404
10.919500
11.921782
11.424164
7.562174
8.940191
7.766523
8.261390
10.307713
11.681683
11.693636
10.565731
9.007461
8.087376
8.966703
8.226980
10.664347
10.905035
9.799078
7.688049
8.187485
8.840466
8.103990
10.126892
10.551109
9.531559
6.682582
7.048603
8.341618
8.863478
10.328684
11.002110
10.388889
8.656910
7.433246
8.639415
9.421106
9.982021
11.139730
10.802088
8.824126
8.804574
9.339706
9.408468
9.723812
10.751717
10.611788
8.745590
8.066760
7.543713
7.962882
9.086384
9.878416
10.170443
9.412256
8.525169
8.089908
6.581053
8.228156
8.923107
9.426528
8.641838
6.427872
5.904093
6.706520
7.922812
8.022608
9.392543
9.224365
7.999096
7.653610
8.227632
8.772260
8.575422
9.693155
9.741594
8.820966
7.974659
7.550287
7.311817
7.183567
8.640693
8.798991
7.261478
7.680412
7.601383
7.679075
7.397267
8.674213
9.096999
8.113319
7.355980
7.459610
6.459922
6.815405
6.415623
7.782063
7.443802
6.613914
7.479381
7.575242
6.592643
7.096436
7.468089
6.921077
5.513360
6.066103
6.500594
6.582794
6.122424
7.203427
7.218553
6.437441
6.434552
5.973158
5.050612
5.671161
6.056590
6.091996
5.230034
3.257385
3.649296
4.067827
4.141654
4.139618
3.902457
11.255072
10.567228
7.635022
7.391939
5.885840
7.339431
9.870657
10.934568
10.621420
8.768751
7.160707
6.010942
7.969869
8.892925
10.477694
10.370453
8.462103
7.215989
6.766912
7.353578
8.052762
9.893450
10.047886
8.770952
5.739312
6.790967
7.265421
8.185305
10.343102
10.915905
10.026367
8.183812
8.083468
8.173533
8.886404
10.919500
11.921782
11.424164
7.562174
8.940191
7.766523
8.261390
10.307713
11.681683
11.693636
10.565731
9.007461
8.087376
8.966703
8.226980
10.664347
10.905035
9.799078
7.688049
8.187485
8.840466
8.103990
10.126892
10.551109
9.531559
6.682582
7.048603
8.341618
8.863478
10.328684
11.002110
10.388889
8.656910
7.433246
8.639415
9.421106
9.982021
11.139730
10.802088
8.824126
8.804574
9.339706
9.408468
9.723812
10.751717
10.611788
8.745590
8.066760
7.543713
7.962882
9.086384
9.878416
10.170443
9.412256
8.525169
8.089908
6.581053
8.228156
8.923107
9.426528
8.641838
6.427872
5.904093
6.706520
7.922812
8.022608
9.392543
9.224365
7.999096
7.653610
8.227632
8.772260
8.575422
9.693155
9.741594
8.820966
7.974659
7.550287
7.311817
7.183567
8.640693
8.798991
7.261478
7.680412
7.601383
7.679075
7.397267
8.674213
9.096999
8.113319
7.355980
7.459610
6.459922
6.815405
6.415623
7.782063
7.443802
6.613914
7.479381
7.575242
6.592643
7.096436
7.468089
6.921077
5.513360
6.066103
6.500594
6.582794
6.122424
7.203427
7.218553
6.437441
6.434552
5.973158
5.050612
5.671161
6.056590
6.091996
5.230034
3.257385
3.649296
4.067827
4.141654
4.139618
3.902457
11.255072
10.567228
7.635022
7.391939
5.885840
7.339431
9.870657
10.934568
10.621420
8.768751
7.160707
6.010942
7.969869
8.892925
10.477694
10.370453
8.462103
7.215989
6.766912
7.353578
8.052762
9.893450
10.047886
8.770952
5.739312
6.790967
7.265421
8.185305
10.343102
10.915905
10.026367
8.183812
8.083468
8.173533
8.886404
10.919500
11.921782
11.424164
7.562174
8.940191
7.766523
8.261390
10.307713
11.681683
11.693636
10.565731
9.007461
8.087376
8.966703
8.226980
10.664347
10.905035
9.799078
7.688049
8.187485
8.840466
8.103990
10.126892
10.551109
9.531559
6.682582
7.048603
8.341618
8.863478
10.328684
11.002110
10.388889
8.656910
7.433246
8.639415
9.421106
9.982021
11.139730
10.802088
8.824126
8.804574
9.339706
9.408468
9.723812
10.751717
10.611788
8.745590
8.066760
7.543713
7.962882
9.086384
9.878416
10.170443
9.412256
8.525169
8.089908
6.581053
8.228156
8.923107
9.426528
8.641838
6.427872
5.904093
6.706520
7.922812
8.022608
9.392543
9.224365
7.999096
7.653610
8.227632
8.772260
8.575422
9.693155
9.741594
8.820966
7.974659
7.550287
7.311817
7.183567
8.640693
8.798991
7.261478
7.680412
7.601383
7.679075
7.397267
8.674213
9.096999
8.113319
7.355980
7.459610
6.459922
6.815405
6.415623
7.782063
7.443802
6.613914
7.479381
7.575242
6.592643
7.096436
7.468089
6.921077
5.513360
6.066103
6.500594
6.582794
6.122424
7.203427
7.218553
6.437441
6.434552
5.973158
5.050612
5.671161
6.056590
6.091996
5.230034
3.257385
3.649296
4.067827
4.141654
4.139618
3.902457
11.255072
10.567228
7.635022
7.391939
5.885840
7.339431
9.870657
10.934568
10.621420
8.768751
7.160707
6.010942
7.969869
8.892925
10.477694
10.370453
8.462103
7.215989
6.766912
7.353578
8.052762
9.893450
10.047886
8.770952
5.739312
6.790967
7.265421
8.185305
10.343102
10.915905
10.026367
8.183812
8.083468
8.173533
8.886404
10.919500
11.921782
11.424164
7.562174
8.940191
7.766523
8.261390
10.307713
11.681683
11.693636
10.565731
9.007461
8.087376
8.966703
8.226980
10.664347
10.905035
9.799078
7.688049
8.187485
8.840466
8.103990
10.126892
10.551109
9.531559
6.682582
7.048603
8.341618
8.863478
10.328684
11.002110
10.388889
8.656910
7.433246
8.639415
9.421106
9.982021
11.139730
10.802088
8.824126
8.804574
9.339706
9.408468
9.723812
10.751717
10.611788
8.745590
8.066760
7.543713
7.962882
9.086384
9.878416
10.170443
9.412256
8.525169
8.089908
6.581053
8.228156
8.923107
9.426528
8.641838
6.427872
5.904093
6.706520
7.922812
8.022608
9.392543
9.224365
7.999096
7.653610
8.227632
8.772260
8.575422
9.693155
9.741594
8.820966
7.974659
7.550287
7.311817
7.183567
8.640693
8.798991
7.261478
7.680412
7.601383
7.679075
7.397267
8.674213
9.096999
8.113319
7.355980
7.459610
6.459922
6.815405
6.415623
7.782063
7.443802
6.613914
7.479381
7.575242
6.592643
7.096436
7.468089
6.921077
5.513360
6.066103
6.500594
6.582794
6.122424
7.203427
7.218553
6.437441
6.434552
5.973158
5.050612
5.671161
6.056590
6.091996
5.230034
3.257385
3.649296
4.067827
4.141654
4.139618
3.902457
11.255072
10.567228
7.635022
7.391939
5.885840
7.339431
9.870657
10.934568
10.621420
8.768751
7.160707
6.010942
7.969869
8.892925
10.477694
10.370453
8.462103
7.215989
6.766912
7.353578
8.052762
9.893450
10.047886
8.770952
5.739312
6.790967
7.265421
8.185305
10.343102
10.915905
10.026367
8.183812
8.083468
8.173533
8.886404
10.919500
11.921782
11.424164
7.562174
8.940191
7.766523
8.261390
10.307713
11.681683
11.693636
10.565731
9.007461
8.087376
8.966703
8.226980
10.664347
10.905035
9.799078
7.688049
8.187485
8.840466
8.103990
10.126892
10.551109
9.531559
6.682582
7.048603
8.341618
8.863478
10.328684
11.002110
10.388889
8.656910
7.433246
8.639415
9.421106
9.982021
11.139730
10.802088
8.824126
8.804574
9.339706
9.408468
9.723812
10.751717
10.611788
8.745590
8.066760
7.543713
7.962882
9.086384
9.878416
10.170443
9.412256
8.525169
8.089908
6.581053
8.228156
8.923107
9.426528
8.641838
6.427872
5.904093
6.706520
7.922812
8.022608
9.392543
9.224365
7.999096
7.653610
8.227632
8.772260
8.575422
9.693155
9.741594
8.820966
7.974659
7.550287
7.311817
7.183567
8.640693
8.798991
7.261478
7.680412
7.601383
7.679075
7.397267
8.674213
9.096999
8.113319
7.355980
7.459610
6.459922
6.815405
6.415623
7.782063
7.443802
6.613914
7.479381
7.575242
6.592643
7.096436
7.468089
6.921077
5.513360
6.066103
6.500594
6.582794
6.122424
7.203427
7.218553
6.437441
6.434552
5.973158
5.050612
5.671161
6.056590
6.091996
5.230034
3.257385
3.649296
4.067827
4.141654
4.139618
3.902457
11.255072
10.567228
7.635022
7.391939
5.885840
7.339431
9.870657
10.934568
10.621420
8.768751
7.160707
6.010942
7.969869
8.892925
10.477694
10.370453
8.462103
7.215989
6.766912
7.353578
8.052762
9.893450
10.047886
8.770952
5.739312
6.790967
7.265421
8.185305
10.343102
10.915905
10.026367
8.183812
8.083468
8.173533
8.886404
10.919500
11.921782
11.424164
7.562174
8.940191
7.766523
8.261390
10.307713
11.681683
11.693636
10.565731
9.007461
8.087376
8.966703
8.226980
10.664347
10.905035
9.799078
7.688049
8.187485
8.840466
8.103990
10.126892
10.551109
9.531559
6.682582
7.048603
8.341618
8.863478
10.328684
11.002110
10.388889
8.656910
7.433246
8.639415
9.421106
9.982021
11.139730
10.802088
8.824126
8.804574
9.339706
9.408468
9.723812
10.751717
10.611788
8.745590
8.066760
7.543713
7.962882
9.086384
9.878416
10.170443
9.412256
8.525169
8.089908
6.581053
8.228156
8.923107
9.426528
8.641838
6.427872
5.904093
6.706520
7.922812
8.022608
9.392543
9.224365
7.999096
7.653610
8.227632
8.772260
8.575422
9.693155
9.741594
8.820966
7.974659
7.550287
7.311817
7.183567
8.640693
8.798991
7.261478
7.680412
7.601383
7.679075
7.397267
8.674213
9.096999
8.113319
7.355980
7.459610
6.459922
6.815405
6.415623
7.782063
7.443802
6.613914
7.479381
7.575242
6.592643
7.096436
7.468089
6.921077
5.513360
6.066103
6.500594
6.582794
6.122424
7.203427
7.218553
6.437441
6.434552
5.973158
5.050612
5.671161
6.056590
6.091996
5.230034
3.257385
3.649296
4.067827
4.141654
4.139618
3.902457
11.255072
10.567228
7.635022
7.391939
5.885840
7.339431
9.870657
10.934568
10.621420
8.768751
7.160707
6.010942
7.969869
8.892925
10.477694
10.370453
8.462103
7.215989
6.766912
7.353578
8.052762
9.893450
10.047886
8.770952
5.739312
6.790967
7.265421
8.185305
10.343102
10.915905
10.026367
8.183812
8.083468
8.173533
8.886404
10.919500
11.921782
11.424164
7.562174
8.940191
7.766523
8.261390
10.307713
11.681683
11.693636
10.565731
9.007461
8.087376
8.966703
8.226980
10.664347
10.905035
9.799078
7.688049
8.187485
8.840466
8.103990
10.126892
10.551109
9.531559
6.682582
7.048603
8.341618
8.863478
10.328684
11.002110
10.388889
8.656910
7.433246
8.639415
9.421106
9.982021
11.139730
10.802088
8.824126
8.804574
9.339706
9.408468
9.723812
10.751717
10.611788
8.745590
8.066760
7.543713
7.962882
9.086384
9.878416
10.170443
9.412256
8.525169
8.089908
6.581053
8.228156
8.923107
9.426528
8.641838
6.427872
5.904093
6.706520
7.922812
8.022608
9.392543
9.224365
7.999096
7.653610
8.227632
8.772260
8.575422
9.693155
9.741594
8.820966
7.974659
7.550287
7.311817
7.183567
8.640693
8.798991
7.261478
7.680412
7.601383
7.679075
7.397267
8.674213
9.096999
8.113319
7.355980
7.459610
6.459922
6.815405
6.415623
7.782063
7.443802
6.613914
7.479381
7.575242
6.592643
7.096436
7.468089
6.921077
5.513360
6.066103
6.500594
6.582794
6.122424
7.203427
7.218553
6.437441
6.434552
5.973158
5.050612
5.671161
6.056590
6.091996
5.230034
3.257385
3.649296
4.067827
4.141654
4.139618
3.902457
11.255072
10.567228
7.635022
7.391939
5.885840
7.339431
9.870657
10.934568
10.621420
8.768751
7.160707
6.010942
7.969869
8.892925
10.477694
10.370453
8.462103
7.215989
6.766912
7.353578
8.052762
9.893450
10.047886
8.770952
5.739312
6.790967
7.265421
8.185305
10.343102
10.915905
10.026367
8.183812
8.083468
8.173533
8.886404
10.919500
11.921782
11.424164
7.562174
8.940191
7.766523
8.261390
10.307713
11.681683
11.693636
10.565731
9.007461
8.087376
8.966703
8.226980
10.664347
10.905035
9.799078
7.688049
8.187485
8.840466
8.103990
10.126892
10.551109
9.531559
6.682582
7.048603
8.341618
8.863478
10.328684
11.002110
10.388889
8.656910
7.433246
8.639415
9.421106
9.982021
11.139730
10.802088
8.824126
8.804574
9.339706
9.408468
9.723812
10.751717
10.611788
8.745590
8.066760
7.543713
7.962882
9.086384
9.878416
10.170443
9.412256
8.525169
8.089908
6.581053
8.228156
8.923107
9.426528
8.641838
6.427872
5.904093
6.706520
7.922812
8.022608
9.392543
9.224365
7.999096
7.653610
8.227632
8.772260
8.575422
9.693155
9.741594
8.820966
7.974659
7.550287
7.311817
7.183567
8.640693
8.798991
7.261478
7.680412
7.601383
7.679075
7.397267
8.674213
9.096999
8.113319
7.355980
7.459610
6.459922
6.815405
6.415623
7.782063
7.443802
6.613914
7.479381
7.575242
6.592643
7.096436
7.468089
6.921077
5.513360
6.066103
6.500594
6.582794
6.122424
7.203427
7.218553
6.437441
6.434552
5.973158
5.050612
5.671161
6.056590
6.091996
5.230034
3.257385
3.649296
4.067827
4.141654
4.139618
3.902457
11.255072
10.567228
7.635022
7.391939
5.885840
7.339431
9.870657
10.934568
10.621420
8.768751
7.160707
6.010942
7.969869
8.892925
10.477694
10.370453
8.462103
7.215989
6.766912
7.353578
8.052762
9.893450
10.047886
8.770952
5.739312
6.790967
7.265421
8.185305
10.343102
10.915905
10.026367
8.183812
8.083468
8.173533
8.886404
10.919500
11.921782
11.424164
7.562174
8.940191
7.766523
8.261390
10.307713
11.681683
11.693636
10.565731
9.007461
8.087376
8.966703
8.226980
10.664347
10.905035
9.799078
7.688049
8.187485
8.840466
8.103990
10.126892
10.551109
9.531559
6.682582
7.048603
8.341618
8.863478
10.328684
11.002110
10.388889
8.656910
7.433246
8.639415
9.421106
9.982021
11.139730
10.802088
8.824126
8.804574
9.339706
9.408468
9.723812
10.751717
10.611788
8.745590
8.066760
7.543713
7.962882
9.086384
9.878416
10.170443
9.412256
8.525169
8.089908
6.581053
8.228156
8.923107
9.426528
8.641838
6.427872
5.904093
6.706520
7.922812
8.022608
9.392543
9.224365
7.999096
7.653610
8.227632
8.772260
8.575422
9.693155
9.741594
8.820966
7.974659
7.550287
7.311817
7.183567
8.640693
8.798991
7.261478
7.680412
7.601383
7.679075
7.397267
8.674213
9.096999
8.113319
7.355980
7.459610
6.459922
6.815405
6.415623
7.782063
7.443802
6.613914
7.479381
7.575242
6.592643
7.096436
7.468089
6.921077
5.513360
6.066103
6.500594
6.582794
6.122424
7.203427
7.218553
6.437441
6.434552
5.973158
5.050612
5.671161
6.056590
6.091996
5.230034
3.257385
3.649296
4.067827
4.141654
4.139618
3.902457
11.255072
10.567228
7.635022
7.391939
5.885840
7.339431
9.870657
10.934568
10.621420
8.768751
7.160707
6.010942
7.969869
8.892925
10.477694
10.370453
8.462103
7.215989
6.766912
7.353578
8.052762
9.893450
10.047886
8.770952
5.739312
6.790967
7.265421
8.185305
10.343102
10.915905
10.026367
8.183812
8.083468
8.173533
8.886404
10.919500
11.921782
11.424164
7.562174
8.940191
7.766523
8.261390
10.307713
11.681683
11.693636
10.565731
9.007461
8.087376
8.966703
8.226980
10.664347
10.905035
9.799078
7.688049
8.187485
8.840466
8.103990
10.126892
10.551109
9.531559
6.682582
7.048603
8.341618
8.863478
10.328684
11.002110
10.388889
8.656910
7.433246
8.639415
9.421106
9.982021
11.139730
10.802088
8.824126
8.804574
9.339706
9.408468
9.723812
10.751717
10.611788
8.745590
8.066760
7.543713
7.962882
9.086384
9.878416
10.170443
9.412256
8.525169
8.089908
6.581053
8.228156
8.923107
9.426528
8.641838
6.427872
5.904093
6.706520
7.922812
8.022608
9.392543
9.224365
7.999096
7.653610
8.227632
8.772260
8.575422
9.693155
9.741594
8.820966
7.974659
7.550287
7.311817
7.183567
8.640693
8.798991
7.261478
7.680412
7.601383
7.679075
7.397267
8.674213
9.096999
8.113319
7.355980
7.459610
6.459922
6.815405
6.415623
7.782063
7.443802
6.613914
7.479381
7.575242
6.592643
7.096436
7.468089
6.921077
5.513360
6.066103
6.500594
6.582794
6.122424
7.203427
7.218553
6.437441
6.434552
5.973158
5.050612
5.671161
6.056590
6.091996
5.230034
3.257385
3.649296
4.067827
4.141654
4.139618
3.902457
11.255072
10.567228
7.635022
7.391939
5.885840
7.339431
9.870657
10.934568
10.621420
8.768751
7.160707
6.010942
7.969869
8.892925
10.477694
10.370453
8.462103
7.215989
6.766912
7.353578
8.052762
9.893450
10.047886
8.770952
5.739312
6.790967
7.265421
8.185305
10.343102
10.915905
10.026367
8.183812
8.083468
8.173533
8.886404
10.919500
11.921782
11.424164
7.562174
8.940191
7.766523
8.261390
10.307713
11.681683
11.693636
10.565731
9.007461
8.087376
8.966703
8.226980
10.664347
10.905035
9.799078
7.688049
8.187485
8.840466
8.103990
10.126892
10.551109
9.531559
6.682582
7.048603
8.341618
8.863478
10.328684
11.002110
10.388889
8.656910
7.433246
8.639415
9.421106
9.982021
11.139730
10.802088
8.824126
8.804574
9.339706
9.408468
9.723812
10.751717
10.611788
8.745590
8.066760
7.543713
7.962882
9.086384
9.878416
10.170443
9.412256
8.525169
8.089908
6.581053
8.228156
8.923107
9.426528
8.641838
6.427872
5.904093
6.706520
7.922812
8.022608
9.392543
9.224365
7.999096
7.653610
8.227632
8.772260
8.575422
9.693155
9.741594
8.820966
7.974659
7.550287
7.311817
7.183567
8.640693
8.798991
7.261478
7.680412
7.601383
7.679075
7.397267
8.674213
9.096999
8.113319
7.355980
7.459610
6.459922
6.815405
6.415623
7.782063
7.443802
6.613914
7.479381
7.575242
6.592643
7.096436
7.468089
6.921077
5.513360
6.066103
6.500594
6.582794
6.122424
7.203427
7.218553
6.437441
6.434552
5.973158
5.050612
5.671161
6.056590
6.091996
5.230034
3.257385
3.649296
4.067827
4.141654
4.139618
3.902457
11.255072
10.567228
7.635022
7.391939
5.885840
7.339431
9.870657
10.934568
10.621420
8.768751
7.160707
6.010942
7.969869
8.892925
10.477694
10.370453
8.462103
7.215989
6.766912
7.353578
8.052762
9.893450
10.047886
8.770952
5.739312
6.790967
7.265421
8.185305
10.343102
10.915905
10.026367
8.183812
8.083468
8.173533
8.886404
10.919500
11.921782
11.424164
7.562174
8.940191
7.766523
8.261390
10.307713
11.681683
11.693636
10.565731
9.007461
8.087376
8.966703
8.226980
10.664347
10.905035
9.799078
7.688049
8.187485
8.840466
8.103990
10.126892
10.551109
9.531559
6.682582
7.048603
8.341618
8.863478
10.328684
11.002110
10.388889
8.656910
7.433246
8.639415
9.421106
9.982021
11.139730
10.802088
8.824126
8.804574
9.339706
9.408468
9.723812
10.751717
10.611788
8.745590
8.066760
7.543713
7.962882
9.086384
9.878416
10.170443
9.412256
8.525169
8.089908
6.581053
8.228156
8.923107
9.426528
8.641838
6.427872
5.904093
6.706520
7.922812
8.022608
9.392543
9.224365
7.999096
7.653610
8.227632
8.772260
8.575422
9.693155
9.741594
8.820966
7.974659
7.550287
7.311817
7.183567
8.640693
8.798991
7.261478
7.680412
7.601383
7.679075
7.397267
8.674213
9.096999
8.113319
7.355980
7.459610
6.459922
6.815405
6.415623
7.782063
7.443802
6.613914
7.479381
7.575242
6.592643
7.096436
7.468089
6.921077
5.513360
6.066103
6.500594
6.582794
6.122424
7.203427
7.218553
6.437441
6.434552
5.973158
5.050612
5.671161
6.056590
6.091996
5.230034
3.257385
3.649296
4.067827
4.141654
4.139618
3.902457
11.255072
10.567228
7.635022
7.391939
5.885840
7.339431
9.870657
10.934568
10.621420
8.768751
7.160707
6.010942
7.969869
8.892925
10.477694
10.370453
8.462103
7.215989
6.766912
7.353578
8.052762
9.893450
10.047886
8.770952
5.739312
6.790967
7.265421
8.185305
10.343102
10.915905
10.026367
8.183812
8.083468
8.173533
8.886404
10.919500
11.921782
11.424164
7.562174
8.940191
7.766523
8.261390
10.307713
11.681683
11.693636
10.565731
9.007461
8.087376
8.966703
8.226980
10.664347
10.905035
9.799078
7.688049
8.187485
8.840466
8.103990
10.126892
10.551109
9.531559
6.682582
7.048603
8.341618
8.863478
10.328684
11.002110
10.388889
8.656910
7.433246
8.639415
9.421106
9.982021
11.139730
10.802088
8.824126
8.804574
9.339706
9.408468
9.723812
10.751717
10.611788
8.745590
8.066760
7.543713
7.962882
9.086384
9.878416
10.170443
9.412256
8.525169
8.089908
6.581053
8.228156
8.923107
9.426528
8.641838
6.427872
5.904093
6.706520
7.922812
8.022608
9.392543
9.224365
7.999096
7.653610
8.227632
8.772260
8.575422
9.693155
9.741594
8.820966
7.974659
7.550287
7.311817
7.183567
8.640693
8.798991
7.261478
7.680412
7.601383
7.679075
7.397267
8.674213
9.096999
8.113319
7.355980
7.459610
6.459922
6.815405
6.415623
7.782063
7.443802
6.613914
7.479381
7.575242
6.592643
7.096436
7.468089
6.921077
5.513360
6.066103
6.500594
6.582794
6.122424
7.203427
7.218553
6.437441
6.434552
5.973158
5.050612
5.671161
6.056590
6.091996
5.230034
3.257385
3.649296
4.067827
4.141654
4.139618
3.902457
11.255072
10.567228
7.635022
7.391939
5.885840
7.339431
9.870657
10.934568
10.621420
8.768751
7.160707
6.010942
7.969869
8.892925
10.477694
10.370453
8.462103
7.215989
6.766912
7.353578
8.052762
9.893450
10.047886
8.770952
5.739312
6.790967
7.265421
8.185305
10.343102
10.915905
10.026367
8.183812
8.083468
8.173533
8.886404
10.919500
11.921782
11.424164
7.562174
8.940191
7.766523
8.261390
10.307713
11.681683
11.693636
10.565731
9.007461
8.087376
8.966703
8.226980
10.664347
10.905035
9.799078
7.688049
8.187485
8.840466
8.103990
10.126892
10.551109
9.531559
6.682582
7.048603
8.341618
8.863478
10.328684
11.002110
10.388889
8.656910
7.433246
8.639415
9.421106
9.982021
11.139730
10.802088
8.824126
8.804574
9.339706
9.408468
9.723812
10.751717
10.611788
8.745590
8.066760
7.543713
7.962882
9.086384
9.878416
10.170443
9.412256
8.525169
8.089908
6.581053
8.228156
8.923107
9.426528
8.641838
6.427872
5.904093
6.706520
7.922812
8.022608
9.392543
9.224365
7.999096
7.653610
8.227632
8.772260
8.575422
9.693155
9.741594
8.820966
7.974659
7.550287
7.311817
7.183567
8.640693
8.798991
7.261478
7.680412
7.601383
7.679075
7.397267
8.674213
9.096999
8.113319
7.355980
7.459610
6.459922
6.815405
6.415623
7.782063
7.443802
6.613914
7.479381
7.575242
6.592643
7.096436
7.468089
6.921077
5.513360
6.066103
6.500594
6.582794
6.122424
7.203427
7.218553
6.437441
6.434552
5.973158
5.050612
5.671161
6.056590
6.091996
5.230034
3.257385
3.649296
4.067827
4.141654
4.139618
3.902457
11.255072
10.567228
7.635022
7.391939
5.885840
7.339431
9.870657
10.934568
10.621420
8.768751
7.160707
6.010942
7.969869
8.892925
10.477694
10.370453
8.462103
7.215989
6.766912
7.353578
8.052762
9.893450
10.047886
8.770952
5.739312
6.790967
7.265421
8.185305
10.343102
10.915905
10.026367
8.183812
8.083468
8.173533
8.886404
10.919500
11.921782
11.424164
7.562174
8.940191
7.766523
8.261390
10.307713
11.681683
11.693636
10.565731
9.007461
8.087376
8.966703
8.226980
10.664347
10.905035
9.799078
7.688049
8.187485
8.840466
8.103990
10.126892
10.551109
9.531559
6.682582
7.048603
8.341618
8.863478
10.328684
11.002110
10.388889
8.656910
7.433246
8.639415
9.421106
9.982021
11.139730
10.802088
8.824126
8.804574
9.339706
9.408468
9.723812
10.751717
10.611788
8.745590
8.066760
7.543713
7.962882
9.086384
9.878416
10.170443
9.412256
8.525169
8.089908
6.581053
8.228156
8.923107
9.426528
8.641838
6.427872
5.904093
6.706520
7.922812
8.022608
9.392543
9.224365
7.999096
7.653610
8.227632
8.772260
8.575422
9.693155
9.741594
8.820966
7.974659
7.550287
7.311817
7.183567
8.640693
8.798991
7.261478
7.680412
7.601383
7.679075
7.397267
8.674213
9.096999
8.113319
7.355980
7.459610
6.459922
6.815405
6.415623
7.782063
7.443802
6.613914
7.479381
7.575242
6.592643
7.096436
7.468089
6.921077
5.513360
6.066103
6.500594
6.582794
6.122424
7.203427
7.218553
6.437441
6.434552
5.973158
5.050612
5.671161
6.056590
6.091996
5.230034
3.257385
3.649296
4.067827
4.141654
4.139618
3.902457
11.255072
10.567228
7.635022
7.391939
5.885840
7.339431
9.870657
10.934568
10.621420
8.768751
7.160707
6.010942
7.969869
8.892925
10.477694
10.370453
8.462103
7.215989
6.766912
7.353578
8.052762
9.893450
10.047886
8.770952
5.739312
6.790967
7.265421
8.185305
10.343102
10.915905
10.026367
8.183812
8.083468
8.173533
8.886404
10.919500
11.921782
11.424164
7.562174
8.940191
7.766523
8.261390
10.307713
11.681683
11.693636
10.565731
9.007461
8.087376
8.966703
8.226980
10.664347
10.905035
9.799078
7.688049
8.187485
8.840466
8.103990
10.126892
10.551109
9.531559
6.682582
7.048603
8.341618
8.863478
10.328684
11.002110
10.388889
8.656910
7.433246
8.639415
9.421106
9.982021
11.139730
10.802088
8.824126
8.804574
9.339706
9.408468
9.723812
10.751717
10.611788
8.745590
8.066760
7.543713
7.962882
9.086384
9.878416
10.170443
9.412256
8.525169
8.089908
6.581053
8.228156
8.923107
9.426528
8.641838
6.427872
5.904093
6.706520
7.922812
8.022608
9.392543
9.224365
7.999096
7.653610
8.227632
8.772260
8.575422
9.693155
9.741594
8.820966
7.974659
7.550287
7.311817
7.183567
8.640693
8.798991
7.261478
7.680412
7.601383
7.679075
7.397267
8.674213
9.096999
8.113319
7.355980
7.459610
6.459922
6.815405
6.415623
7.782063
7.443802
6.613914
7.479381
7.575242
6.592643
7.096436
7.468089
6.921077
5.513360
6.066103
6.500594
6.582794
6.122424
7.203427
7.218553
6.437441
6.434552
5.973158
5.050612
5.671161
6.056590
6.091996
5.230034
3.257385
3.649296
4.067827
4.141654
4.139618
3.902457
11.255072
10.567228
7.635022
7.391939
5.885840
7.339431
9.870657
10.934568
10.621420
8.768751
7.160707
6.010942
7.969869
8.892925
10.477694
10.370453
8.462103
7.215989
6.766912
7.353578
8.052762
9.893450
10.047886
8.770952
5.739312
6.790967
7.265421
8.185305
10.343102
10.915905
10.026367
8.183812
8.083468
8.173533
8.886404
10.919500
11.921782
11.424164
7.562174
8.940191
7.766523
8.261390
10.307713
11.681683
11.693636
10.565731
9.007461
8.087376
8.966703
8.226980
10.664347
10.905035
9.799078
7.688049
8.187485
8.840466
8.103990
10.126892
10.551109
9.531559
6.682582
7.048603
8.341618
8.863478
10.328684
11.002110
10.388889
8.656910
7.433246
8.639415
9.421106
9.982021
11.139730
10.802088
8.824126
8.804574
9.339706
9.408468
9.723812
10.751717
10.611788
8.745590
8.066760
7.543713
7.962882
9.086384
9.878416
10.170443
9.412256
8.525169
8.089908
6.581053
8.228156
8.923107
9.426528
8.641838
6.427872
5.904093
6.706520
7.922812
8.022608
9.392543
9.224365
7.999096
7.653610
8.227632
8.772260
8.575422
9.693155
9.741594
8.820966
7.974659
7.550287
7.311817
7.183567
8.640693
8.798991
7.261478
7.680412
7.601383
7.679075
7.397267
8.674213
9.096999
8.113319
7.355980
7.459610
6.459922
6.815405
6.415623
7.782063
7.443802
6.613914
7.479381
7.575242
6.592643
7.096436
7.468089
6.921077
5.513360
6.066103
6.500594
6.582794
6.122424
7.203427
7.218553
6.437441
6.434552
5.973158
5.050612
5.671161
6.056590
6.091996
5.230034
3.257385
3.649296
4.067827
4.141654
4.139618
3.902457
11.255072
10.567228
7.635022
7.391939
5.885840
7.339431
9.870657
10.934568
10.621420
8.768751
7.160707
6.010942
7.969869
8.892925
10.477694
10.370453
8.462103
7.215989
6.766912
7.353578
8.052762
9.893450
10.047886
8.770952
5.739312
6.790967
7.265421
8.185305
10.343102
10.915905
10.026367
8.183812
8.083468
8.173533
8.886404
10.919500
11.921782
11.424164
7.562174
8.940191
7.766523
8.261390
10.307713
11.681683
11.693636
10.565731
9.007461
8.087376
8.966703
8.226980
10.664347
10.905035
9.799078
7.688049
8.187485
8.840466
8.103990
10.126892
10.551109
9.531559
6.682582
7.048603
8.341618
8.863478
10.328684
11.002110
10.388889
8.656910
7.433246
8.639415
9.421106
9.982021
11.139730
10.802088
8.824126
8.804574
9.339706
9.408468
9.723812
10.751717
10.611788
8.745590
8.066760
7.543713
7.962882
9.086384
9.878416
10.170443
9.412256
8.525169
8.089908
6.581053
8.228156
8.923107
9.426528
8.641838
6.427872
5.904093
6.706520
7.922812
8.022608
9.392543
9.224365
7.999096
7.653610
8.227632
8.772260
8.575422
9.693155
9.741594
8.820966
7.974659
7.550287
7.311817
7.183567
8.640693
8.798991
7.261478
7.680412
7.601383
7.679075
7.397267
8.674213
9.096999
8.113319
7.355980
7.459610
6.459922
6.815405
6.415623
7.782063
7.443802
6.613914
7.479381
7.575242
6.592643
7.096436
7.468089
6.921077
5.513360
6.066103
6.500594
6.582794
6.122424
7.203427
7.218553
6.437441
6.434552
5.973158
5.050612
5.671161
6.056590
6.091996
5.230034
3.257385
3.649296
4.067827
4.141654
4.139618
3.902457
11.255072
10.567228
7.635022
7.391939
5.885840
7.339431
9.870657
10.934568
10.621420
8.768751
7.160707
6.010942
7.969869
8.892925
10.477694
10.370453
8.462103
7.215989
6.766912
7.353578
8.052762
9.893450
10.047886
8.770952
5.739312
6.790967
7.265421
8.185305
10.343102
10.915905
10.026367
8.183812
8.083468
8.173533
8.886404
10.919500
11.921782
11.424164
7.562174
8.940191
7.766523
8.261390
10.307713
11.681683
11.693636
10.565731
9.007461
8.087376
8.966703
8.226980
10.664347
10.905035
9.799078
7.688049
8.187485
8.840466
8.103990
10.126892
10.551109
9.531559
6.682582
7.048603
8.341618
8.863478
10.328684
11.002110
10.388889
8.656910
7.433246
8.639415
9.421106
9.982021
11.139730
10.802088
8.824126
8.804574
9.339706
9.408468
9.723812
10.751717
10.611788
8.745590
8.066760
7.543713
7.962882
9.086384
9.878416
10.170443
9.412256
8.525169
8.089908
6.581053
8.228156
8.923107
9.426528
8.641838
6.427872
5.904093
6.706520
7.922812
8.022608
9.392543
9.224365
7.999096
7.653610
8.227632
8.772260
8.575422
9.693155
9.741594
8.820966
7.974659
7.550287
7.311817
7.183567
8.640693
8.798991
7.261478
7.680412
7.601383
7.679075
7.397267
8.674213
9.096999
8.113319
7.355980
7.459610
6.459922
6.815405
6.415623
7.782063
7.443802
6.613914
7.479381
7.575242
6.592643
7.096436
7.468089
6.921077
5.513360
6.066103
6.500594
6.582794
6.122424
7.203427
7.218553
6.437441
6.434552
5.973158
5.050612
5.671161
6.056590
6.091996
5.230034
3.257385
3.649296
4.067827
4.141654
4.139618
3.902457
11.255072
10.567228
7.635022
7.391939
5.885840
7.339431
9.870657
10.934568
10.621420
8.768751
7.160707
6.010942
7.969869
8.892925
10.477694
10.370453
8.462103
7.215989
6.766912
7.353578
8.052762
9.893450
10.047886
8.770952
5.739312
6.790967
7.265421
8.185305
10.343102
10.915905
10.026367
8.183812
8.083468
8.173533
8.886404
10.919500
11.921782
11.424164
7.562174
8.940191
7.766523
8.261390
10.307713
11.681683
11.693636
10.565731
9.007461
8.087376
8.966703
8.226980
10.664347
10.905035
9.799078
7.688049
8.187485
8.840466
8.103990
10.126892
10.551109
9.531559
6.682582
7.048603
8.341618
8.863478
10.328684
11.002110
10.388889
8.656910
7.433246
8.639415
9.421106
9.982021
11.139730
10.802088
8.824126
8.804574
9.339706
9.408468
9.723812
10.751717
10.611788
8.745590
8.066760
7.543713
7.962882
9.086384
9.878416
10.170443
9.412256
8.525169
8.089908
6.581053
8.228156
8.923107
9.426528
8.641838
6.427872
5.904093
6.706520
7.922812
8.022608
9.392543
9.224365
7.999096
7.653610
8.227632
8.772260
8.575422
9.693155
9.741594
8.820966
7.974659
7.550287
7.311817
7.183567
8.640693
8.798991
7.261478
7.680412
7.601383
7.679075
7.397267
8.674213
9.096999
8.113319
7.355980
7.459610
6.459922
6.815405
6.415623
7.782063
7.443802
6.613914
7.479381
7.575242
6.592643
7.096436
7.468089
6.921077
5.513360
6.066103
6.500594
6.582794
6.122424
7.203427
7.218553
6.437441
6.434552
5.973158
5.050612
5.671161
6.056590
6.091996
5.230034
3.257385
3.649296
4.067827
4.141654
4.139618
3.902457
11.255072
10.567228
7.635022
7.391939
5.885840
7.339431
9.870657
10.934568
10.621420
8.768751
7.160707
6.010942
7.969869
8.892925
10.477694
10.370453
8.462103
7.215989
6.766912
7.353578
8.052762
9.893450
10.047886
8.770952
5.739312
6.790967
7.265421
8.185305
10.343102
10.915905
10.026367
8.183812
8.083468
8.173533
8.886404
10.919500
11.921782
11.424164
7.562174
8.940191
7.766523
8.261390
10.307713
11.681683
11.693636
10.565731
9.007461
8.087376
8.966703
8.226980
10.664347
10.905035
9.799078
7.688049
8.187485
8.840466
8.103990
10.126892
10.551109
9.531559
6.682582
7.048603
8.341618
8.863478
10.328684
11.002110
10.388889
8.656910
7.433246
8.639415
9.421106
9.982021
11.139730
10.802088
8.824126
8.804574
9.339706
9.408468
9.723812
10.751717
10.611788
8.745590
8.066760
7.543713
7.962882
9.086384
9.878416
10.170443
9.412256
8.525169
8.089908
6.581053
8.228156
8.923107
9.426528
8.641838
6.427872
5.904093
6.706520
7.922812
8.022608
9.392543
9.224365
7.999096
7.653610
8.227632
8.772260
8.575422
9.693155
9.741594
8.820966
7.974659
7.550287
7.311817
7.183567
8.640693
8.798991
7.261478
7.680412
7.601383
7.679075
7.397267
8.674213
9.096999
8.113319
7.355980
7.459610
6.459922
6.815405
6.415623
7.782063
7.443802
6.613914
7.479381
7.575242
6.592643
7.096436
7.468089
6.921077
5.513360
6.066103
6.500594
6.582794
6.122424
7.203427
7.218553
6.437441
6.434552
5.973158
5.050612
5.671161
6.056590
6.091996
5.230034
3.257385
3.649296
4.067827
4.141654
4.139618
3.902457
11.255072
10.567228
7.635022
7.391939
5.885840
7.339431
9.870657
10.934568
10.621420
8.768751
7.160707
6.010942
7.969869
8.892925
10.477694
10.370453
8.462103
7.215989
6.766912
7.353578
8.052762
9.893450
10.047886
8.770952
5.739312
6.790967
7.265421
8.185305
10.343102
10.915905
10.026367
8.183812
8.083468
8.173533
8.886404
10.919500
11.921782
11.424164
7.562174
8.940191
7.766523
8.261390
10.307713
11.681683
11.693636
10.565731
9.007461
8.087376
8.966703
8.226980
10.664347
10.905035
9.799078
7.688049
8.187485
8.840466
8.103990
10.126892
10.551109
9.531559
6.682582
7.048603
8.341618
8.863478
10.328684
11.002110
10.388889
8.656910
7.433246
8.639415
9.421106
9.982021
11.139730
10.802088
8.824126
8.804574
9.339706
9.408468
9.723812
10.751717
10.611788
8.745590
8.066760
7.543713
7.962882
9.086384
9.878416
10.170443
9.412256
8.525169
8.089908
6.581053
8.228156
8.923107
9.426528
8.641838
6.427872
5.904093
6.706520
7.922812
8.022608
9.392543
9.224365
7.999096
7.653610
8.227632
8.772260
8.575422
9.693155
9.741594
8.820966
7.974659
7.550287
7.311817
7.183567
8.640693
8.798991
7.261478
7.680412
7.601383
7.679075
7.397267
8.674213
9.096999
8.113319
7.355980
7.459610
6.459922
6.815405
6.415623
7.782063
7.443802
6.613914
7.479381
7.575242
6.592643
7.096436
7.468089
6.921077
5.513360
6.066103
6.500594
6.582794
6.122424
7.203427
7.218553
6.437441
6.434552
5.973158
5.050612
5.671161
6.056590
6.091996
5.230034
3.257385
3.649296
4.067827
4.141654
4.139618
3.902457
11.255072
10.567228
7.635022
7.391939
5.885840
7.339431
9.870657
10.934568
10.621420
8.768751
7.160707
6.010942
7.969869
8.892925
10.477694
10.370453
8.462103
7.215989
6.766912
7.353578
8.052762
9.893450
10.047886
8.770952
5.739312
6.790967
7.265421
8.185305
10.343102
10.915905
10.026367
8.183812
8.083468
8.173533
8.886404
10.919500
11.921782
11.424164
7.562174
8.940191
7.766523
8.261390
10.307713
11.681683
11.693636
10.565731
9.007461
8.087376
8.966703
8.226980
10.664347
10.905035
9.799078
7.688049
8.187485
8.840466
8.103990
10.126892
10.551109
9.531559
6.682582
7.048603
8.341618
8.863478
10.328684
11.002110
10.388889
8.656910
7.433246
8.639415
9.421106
9.982021
11.139730
10.802088
8.824126
8.804574
9.339706
9.408468
9.723812
10.751717
10.611788
8.745590
8.066760
7.543713
7.962882
9.086384
9.878416
10.170443
9.412256
8.525169
8.089908
6.581053
8.228156
8.923107
9.426528
8.641838
6.427872
5.904093
6.706520
7.922812
8.022608
9.392543
9.224365
7.999096
7.653610
8.227632
8.772260
8.575422
9.693155
9.741594
8.820966
7.974659
7.550287
7.311817
7.183567
8.640693
8.798991
7.261478
7.680412
7.601383
7.679075
7.397267
8.674213
9.096999
8.113319
7.355980
7.459610
6.459922
6.815405
6.415623
7.782063
7.443802
6.613914
7.479381
7.575242
6.592643
7.096436
7.468089
6.921077
5.513360
6.066103
6.500594
6.582794
6.122424
7.203427
7.218553
6.437441
6.434552
5.973158
5.050612
5.671161
6.056590
6.091996
5.230034
3.257385
3.649296
4.067827
4.141654
4.139618
3.902457
11.255072
10.567228
7.635022
7.391939
5.885840
7.339431
9.870657
10.934568
10.621420
8.768751
7.160707
6.010942
7.969869
8.892925
10.477694
10.370453
8.462103
7.215989
6.766912
7.353578
8.052762
9.893450
10.047886
8.770952
5.739312
6.790967
7.265421
8.185305
10.343102
10.915905
10.026367
8.183812
8.083468
8.173533
8.886404
10.919500
11.921782
11.424164
7.562174
8.940191
7.766523
8.261390
10.307713
11.681683
11.693636
10.565731
9.007461
8.087376
8.966703
8.226980
10.664347
10.905035
9.799078
7.688049
8.187485
8.840466
8.103990
10.126892
10.551109
9.531559
6.682582
7.048603
8.341618
8.863478
10.328684
11.002110
10.388889
8.656910
7.433246
8.639415
9.421106
9.982021
11.139730
10.802088
8.824126
8.804574
9.339706
9.408468
9.723812
10.751717
10.611788
8.745590
8.066760
7.543713
7.962882
9.086384
9.878416
10.170443
9.412256
8.525169
8.089908
6.581053
8.228156
8.923107
9.426528
8.641838
6.427872
5.904093
6.706520
7.922812
8.022608
9.392543
9.224365
7.999096
7.653610
8.227632
8.772260
8.575422
9.693155
9.741594
8.820966
7.974659
7.550287
7.311817
7.183567
8.640693
8.798991
7.261478
7.680412
7.601383
7.679075
7.397267
8.674213
9.096999
8.113319
7.355980
7.459610
6.459922
6.815405
6.415623
7.782063
7.443802
6.613914
7.479381
7.575242
6.592643
7.096436
7.468089
6.921077
5.513360
6.066103
6.500594
6.582794
6.122424
7.203427
7.218553
6.437441
6.434552
5.973158
5.050612
5.671161
6.056590
6.091996
5.230034
3.257385
3.649296
4.067827
4.141654
4.139618
3.902457
11.255072
10.567228
7.635022
7.391939
5.885840
7.339431
9.870657
10.934568
10.621420
8.768751
7.160707
6.010942
7.969869
8.892925
10.477694
10.370453
8.462103
7.215989
6.766912
7.353578
8.052762
9.893450
10.047886
8.770952
5.739312
6.790967
7.265421
8.185305
10.343102
10.915905
10.026367
8.183812
8.083468
8.173533
8.886404
10.919500
11.921782
11.424164
7.562174
8.940191
7.766523
8.261390
10.307713
11.681683
11.693636
10.565731
9.007461
8.087376
8.966703
8.226980
10.664347
10.905035
9.799078
7.688049
8.187485
8.840466
8.103990
10.126892
10.551109
9.531559
6.682582
7.048603
8.341618
8.863478
10.328684
11.002110
10.388889
8.656910
7.433246
8.639415
9.421106
9.982021
11.139730
10.802088
8.824126
8.804574
9.339706
9.408468
9.723812
10.751717
10.611788
8.745590
8.066760
7.543713
7.962882
9.086384
9.878416
10.170443
9.412256
8.525169
8.089908
6.581053
8.228156
8.923107
9.426528
8.641838
6.427872
5.904093
6.706520
7.922812
8.022608
9.392543
9.224365
7.999096
7.653610
8.227632
8.772260
8.575422
9.693155
9.741594
8.820966
7.974659
7.550287
7.311817
7.183567
8.640693
8.798991
7.261478
7.680412
7.601383
7.679075
7.397267
8.674213
9.096999
8.113319
7.355980
7.459610
6.459922
6.815405
6.415623
7.782063
7.443802
6.613914
7.479381
7.575242
6.592643
7.096436
7.468089
6.921077
5.513360
6.066103
6.500594
6.582794
6.122424
7.203427
7.218553
6.437441
6.434552
5.973158
5.050612
5.671161
6.056590
6.091996
5.230034
3.257385
3.649296
4.067827
4.141654
4.139618
3.902457
11.255072
10.567228
7.635022
7.391939
5.885840
7.339431
9.870657
10.934568
10.621420
8.768751
7.160707
6.010942
7.969869
8.892925
10.477694
10.370453
8.462103
7.215989
6.766912
7.353578
8.052762
9.893450
10.047886
8.770952
5.739312
6.790967
7.265421
8.185305
10.343102
10.915905
10.026367
8.183812
8.083468
8.173533
8.886404
10.919500
11.921782
11.424164
7.562174
8.940191
7.766523
8.261390
10.307713
11.681683
11.693636
10.565731
9.007461
8.087376
8.966703
8.226980
10.664347
10.905035
9.799078
7.688049
8.187485
8.840466
8.103990
10.126892
10.551109
9.531559
6.682582
7.048603
8.341618
8.863478
10.328684
11.002110
10.388889
8.656910
7.433246
8.639415
9.421106
9.982021
11.139730
10.802088
8.824126
8.804574
9.339706
9.408468
9.723812
10.751717
10.611788
8.745590
8.066760
7.543713
7.962882
9.086384
9.878416
10.170443
9.412256
8.525169
8.089908
6.581053
8.228156
8.923107
9.426528
8.641838
6.427872
5.904093
6.706520
7.922812
8.022608
9.392543
9.224365
7.999096
7.653610
8.227632
8.772260
8.575422
9.693155
9.741594
8.820966
7.974659
7.550287
7.311817
7.183567
8.640693
8.798991
7.261478
7.680412
7.601383
7.679075
7.397267
8.674213
9.096999
8.113319
7.355980
7.459610
6.459922
6.815405
6.415623
7.782063
7.443802
6.613914
7.479381
7.575242
6.592643
7.096436
7.468089
6.921077
5.513360
6.066103
6.500594
6.582794
6.122424
7.203427
7.218553
6.437441
6.434552
5.973158
5.050612
5.671161
6.056590
6.091996
5.230034
3.257385
3.649296
4.067827
4.141654
4.139618
3.902457
11.255072
10.567228
7.635022
7.391939
5.885840
7.339431
9.870657
10.934568
10.621420
8.768751
7.160707
6.010942
7.969869
8.892925
10.477694
10.370453
8.462103
7.215989
6.766912
7.353578
8.052762
9.893450
10.047886
8.770952
5.739312
6.790967
7.265421
8.185305
10.343102
10.915905
10.026367
8.183812
8.083468
8.173533
8.886404
10.919500
11.921782
11.424164
7.562174
8.940191
7.766523
8.261390
10.307713
11.681683
11.693636
10.565731
9.007461
8.087376
8.966703
8.226980
10.664347
10.905035
9.799078
7.688049
8.187485
8.840466
8.103990
10.126892
10.551109
9.531559
6.682582
7.048603
8.341618
8.863478
10.328684
11.002110
10.388889
8.656910
7.433246
8.639415
9.421106
9.982021
11.139730
10.802088
8.824126
8.804574
9.339706
9.408468
9.723812
10.751717
10.611788
8.745590
8.066760
7.543713
7.962882
9.086384
9.878416
10.170443
9.412256
8.525169
8.089908
6.581053
8.228156
8.923107
9.426528
8.641838
6.427872
5.904093
6.706520
7.922812
8.022608
9.392543
9.224365
7.999096
7.653610
8.227632
8.772260
8.575422
9.693155
9.741594
8.820966
7.974659
7.550287
7.311817
7.183567
8.640693
8.798991
7.261478
7.680412
7.601383
7.679075
7.397267
8.674213
9.096999
8.113319
7.355980
7.459610
6.459922
6.815405
6.415623
7.782063
7.443802
6.613914
7.479381
7.575242
6.592643
7.096436
7.468089
6.921077
5.513360
6.066103
6.500594
6.582794
6.122424
7.203427
7.218553
6.437441
6.434552
5.973158
5.050612
5.671161
6.056590
6.091996
5.230034
3.257385
3.649296
4.067827
4.141654
4.139618
3.902457
11.255072
10.567228
7.635022
7.391939
5.885840
7.339431
9.870657
10.934568
10.621420
8.768751
7.160707
6.010942
7.969869
8.892925
10.477694
10.370453
8.462103
7.215989
6.766912
7.353578
8.052762
9.893450
10.047886
8.770952
5.739312
6.790967
7.265421
8.185305
10.343102
10.915905
10.026367
8.183812
8.083468
8.173533
8.886404
10.919500
11.921782
11.424164
7.562174
8.940191
7.766523
8.261390
10.307713
11.681683
11.693636
10.565731
9.007461
8.087376
8.966703
8.226980
10.664347
10.905035
9.799078
7.688049
8.187485
8.840466
8.103990
10.126892
10.551109
9.531559
6.682582
7.048603
8.341618
8.863478
10.328684
11.002110
10.388889
8.656910
7.433246
8.639415
9.421106
9.982021
11.139730
10.802088
8.824126
8.804574
9.339706
9.408468
9.723812
10.751717
10.611788
8.745590
8.066760
7.543713
7.962882
9.086384
9.878416
10.170443
9.412256
8.525169
8.089908
6.581053
8.228156
8.923107
9.426528
8.641838
6.427872
5.904093
6.706520
7.922812
8.022608
9.392543
9.224365
7.999096
7.653610
8.227632
8.772260
8.575422
9.693155
9.741594
8.820966
7.974659
7.550287
7.311817
7.183567
8.640693
8.798991
7.261478
7.680412
7.601383
7.679075
7.397267
8.674213
9.096999
8.113319
7.355980
7.459610
6.459922
6.815405
6.415623
7.782063
7.443802
6.613914
7.479381
7.575242
6.592643
7.096436
7.468089
6.921077
5.513360
6.066103
6.500594
6.582794
6.122424
7.203427
7.218553
6.437441
6.434552
5.973158
5.050612
5.671161
6.056590
6.091996
5.230034
3.257385
3.649296
4.067827
4.141654
4.139618
3.902457
11.255072
10.567228
7.635022
7.391939
5.885840
7.339431
9.870657
10.934568
10.621420
8.768751
7.160707
6.010942
7.969869
8.892925
10.477694
10.370453
8.462103
7.215989
6.766912
7.353578
8.052762
9.893450
10.047886
8.770952
5.739312
6.790967
7.265421
8.185305
10.343102
10.915905
10.026367
8.183812
8.083468
8.173533
8.886404
10.919500
11.921782
11.424164
7.562174
8.940191
7.766523
8.261390
10.307713
11.681683
11.693636
10.565731
9.007461
8.087376
8.966703
8.226980
10.664347
10.905035
9.799078
7.688049
8.187485
8.840466
8.103990
10.126892
10.551109
9.531559
6.682582
7.048603
8.341618
8.863478
10.328684
11.002110
10.388889
8.656910
7.433246
8.639415
9.421106
9.982021
11.139730
10.802088
8.824126
8.804574
9.339706
9.408468
9.723812
10.751717
10.611788
8.745590
8.066760
7.543713
7.962882
9.086384
9.878416
10.170443
9.412256
8.525169
8.089908
6.581053
8.228156
8.923107
9.426528
8.641838
6.427872
5.904093
6.706520
7.922812
8.022608
9.392543
9.224365
7.999096
7.653610
8.227632
8.772260
8.575422
9.693155
9.741594
8.820966
7.974659
7.550287
7.311817
7.183567
8.640693
8.798991
7.261478
7.680412
7.601383
7.679075
7.397267
8.674213
9.096999
8.113319
7.355980
7.459610
6.459922
6.815405
6.415623
7.782063
7.443802
6.613914
7.479381
7.575242
6.592643
7.096436
7.468089
6.921077
5.513360
6.066103
6.500594
6.582794
6.122424
7.203427
7.218553
6.437441
6.434552
5.973158
5.050612
5.671161
6.056590
6.091996
5.230034
3.257385
3.649296
4.067827
4.141654
4.139618
3.902457
11.255072
10.567228
7.635022
7.391939
5.885840
7.339431
9.870657
10.934568
10.621420
8.768751
7.160707
6.010942
7.969869
8.892925
10.477694
10.370453
8.462103
7.215989
6.766912
7.353578
8.052762
9.893450
10.047886
8.770952
5.739312
6.790967
7.265421
8.185305
10.343102
10.915905
10.026367
8.183812
8.083468
8.173533
8.886404
10.919500
11.921782
11.424164
7.562174
8.940191
7.766523
8.261390
10.307713
11.681683
11.693636
10.565731
9.007461
8.087376
8.966703
8.226980
10.664347
10.905035
9.799078
7.688049
8.187485
8.840466
8.103990
10.126892
10.551109
9.531559
6.682582
7.048603
8.341618
8.863478
10.328684
11.002110
10.388889
8.656910
7.433246
8.639415
9.421106
9.982021
11.139730
10.802088
8.824126
8.804574
9.339706
9.408468
9.723812
10.751717
10.611788
8.745590
8.066760
7.543713
7.962882
9.086384
9.878416
10.170443
9.412256
8.525169
8.089908
6.581053
8.228156
8.923107
9.426528
8.641838
6.427872
5.904093
6.706520
7.922812
8.022608
9.392543
9.224365
7.999096
7.653610
8.227632
8.772260
8.575422
9.693155
9.741594
8.820966
7.974659
7.550287
7.311817
7.183567
8.640693
8.798991
7.261478
7.680412
7.601383
7.679075
7.397267
8.674213
9.096999
8.113319
7.355980
7.459610
6.459922
6.815405
6.415623
7.782063
7.443802
6.613914
7.479381
7.575242
6.592643
7.096436
7.468089
6.921077
5.513360
6.066103
6.500594
6.582794
6.122424
7.203427
7.218553
6.437441
6.434552
5.973158
5.050612
5.671161
6.056590
6.091996
5.230034
3.257385
3.649296
4.067827
4.141654
4.139618
3.902457
11.255072
10.567228
7.635022
7.391939
5.885840
7.339431
9.870657
10.934568
10.621420
8.768751
7.160707
6.010942
7.969869
8.892925
10.477694
10.370453
8.462103
7.215989
6.766912
7.353578
8.052762
9.893450
10.047886
8.770952
5.739312
6.790967
7.265421
8.185305
10.343102
10.915905
10.026367
8.183812
8.083468
8.173533
8.886404
10.919500
11.921782
11.424164
7.562174
8.940191
7.766523
8.261390
10.307713
11.681683
11.693636
10.565731
9.007461
8.087376
8.966703
8.226980
10.664347
10.905035
9.799078
7.688049
8.187485
8.840466
8.103990
10.126892
10.551109
9.531559
6.682582
7.048603
8.341618
8.863478
10.328684
11.002110
10.388889
8.656910
7.433246
8.639415
9.421106
9.982021
11.139730
10.802088
8.824126
8.804574
9.339706
9.408468
9.723812
10.751717
10.611788
8.745590
8.066760
7.543713
7.962882
9.086384
9.878416
10.170443
9.412256
8.525169
8.089908
6.581053
8.228156
8.923107
9.426528
8.641838
6.427872
5.904093
6.706520
7.922812
8.022608
9.392543
9.224365
7.999096
7.653610
8.227632
8.772260
8.575422
9.693155
9.741594
8.820966
7.974659
7.550287
7.311817
7.183567
8.640693
8.798991
7.261478
7.680412
7.601383
7.679075
7.397267
8.674213
9.096999
8.113319
7.355980
7.459610
6.459922
6.815405
6.415623
7.782063
7.443802
6.613914
7.479381
7.575242
6.592643
7.096436
7.468089
6.921077
5.513360
6.066103
6.500594
6.582794
6.122424
7.203427
7.218553
6.437441
6.434552
5.973158
5.050612
5.671161
6.056590
6.091996
5.230034
3.257385
3.649296
4.067827
4.141654
4.139618
3.902457
11.255072
10.567228
7.635022
7.391939
5.885840
7.339431
9.870657
10.934568
10.621420
8.768751
7.160707
6.010942
7.969869
8.892925
10.477694
10.370453
8.462103
7.215989
6.766912
7.353578
8.052762
9.893450
10.047886
8.770952
5.739312
6.790967
7.265421
8.185305
10.343102
10.915905
10.026367
8.183812
8.083468
8.173533
8.886404
10.919500
11.921782
11.424164
7.562174
8.940191
7.766523
8.261390
10.307713
11.681683
11.693636
10.565731
9.007461
8.087376
8.966703
8.226980
10.664347
10.905035
9.799078
7.688049
8.187485
8.840466
8.103990
10.126892
10.551109
9.531559
6.682582
7.048603
8.341618
8.863478
10.328684
11.002110
10.388889
8.656910
7.433246
8.639415
9.421106
9.982021
11.139730
10.802088
8.824126
8.804574
9.339706
9.408468
9.723812
10.751717
10.611788
8.745590
8.066760
7.543713
7.962882
9.086384
9.878416
10.170443
9.412256
8.525169
8.089908
6.581053
8.228156
8.923107
9.426528
8.641838
6.427872
5.904093
6.706520
7.922812
8.022608
9.392543
9.224365
7.999096
7.653610
8.227632
8.772260
8.575422
9.693155
9.741594
8.820966
7.974659
7.550287
7.311817
7.183567
8.640693
8.798991
7.261478
7.680412
7.601383
7.679075
7.397267
8.674213
9.096999
8.113319
7.355980
7.459610
6.459922
6.815405
6.415623
7.782063
7.443802
6.613914
7.479381
7.575242
6.592643
7.096436
7.468089
6.921077
5.513360
6.066103
6.500594
6.582794
6.122424
7.203427
7.218553
6.437441
6.434552
5.973158
5.050612
5.671161
6.056590
6.091996
5.230034
3.257385
3.649296
4.067827
4.141654
4.139618
3.902457
11.255072
10.567228
7.635022
7.391939
5.885840
7.339431
9.870657
10.934568
10.621420
8.768751
7.160707
6.010942
7.969869
8.892925
10.477694
10.370453
8.462103
7.215989
6.766912
7.353578
8.052762
9.893450
10.047886
8.770952
5.739312
6.790967
7.265421
8.185305
10.343102
10.915905
10.026367
8.183812
8.083468
8.173533
8.886404
10.919500
11.921782
11.424164
7.562174
8.940191
7.766523
8.261390
10.307713
11.681683
11.693636
10.565731
9.007461
8.087376
8.966703
8.226980
10.664347
10.905035
9.799078
7.688049
8.187485
8.840466
8.103990
10.126892
10.551109
9.531559
6.682582
7.048603
8.341618
8.863478
10.328684
11.002110
10.388889
8.656910
7.433246
8.639415
9.421106
9.982021
11.139730
10.802088
8.824126
8.804574
9.339706
9.408468
9.723812
10.751717
10.611788
8.745590
8.066760
7.543713
7.962882
9.086384
9.878416
10.170443
9.412256
8.525169
8.089908
6.581053
8.228156
8.923107
9.426528
8.641838
6.427872
5.904093
6.706520
7.922812
8.022608
9.392543
9.224365
7.999096
7.653610
8.227632
8.772260
8.575422
9.693155
9.741594
8.820966
7.974659
7.550287
7.311817
7.183567
8.640693
8.798991
7.261478
7.680412
7.601383
7.679075
7.397267
8.674213
9.096999
8.113319
7.355980
7.459610
6.459922
6.815405
6.415623
7.782063
7.443802
6.613914
7.479381
7.575242
6.592643
7.096436
7.468089
6.921077
5.513360
6.066103
6.500594
6.582794
6.122424
7.203427
7.218553
6.437441
6.434552
5.973158
5.050612
5.671161
6.056590
6.091996
5.230034
3.257385
3.649296
4.067827
4.141654
4.139618
3.902457
11.255072
10.567228
7.635022
7.391939
5.885840
7.339431
9.870657
10.934568
10.621420
8.768751
7.160707
6.010942
7.969869
8.892925
10.477694
10.370453
8.462103
7.215989
6.766912
7.353578
8.052762
9.893450
10.047886
8.770952
5.739312
6.790967
7.265421
8.185305
10.343102
10.915905
10.026367
8.183812
8.083468
8.173533
8.886404
10.919500
11.921782
11.424164
7.562174
8.940191
7.766523
8.261390
10.307713
11.681683
11.693636
10.565731
9.007461
8.087376
8.966703
8.226980
10.664347
10.905035
9.799078
7.688049
8.187485
8.840466
8.103990
10.126892
10.551109
9.531559
6.682582
7.048603
8.341618
8.863478
10.328684
11.002110
10.388889
8.656910
7.433246
8.639415
9.421106
9.982021
11.139730
10.802088
8.824126
8.804574
9.339706
9.408468
9.723812
10.751717
10.611788
8.745590
8.066760
7.543713
7.962882
9.086384
9.878416
10.170443
9.412256
8.525169
8.089908
6.581053
8.228156
8.923107
9.426528
8.641838
6.427872
5.904093
6.706520
7.922812
8.022608
9.392543
9.224365
7.999096
7.653610
8.227632
8.772260
8.575422
9.693155
9.741594
8.820966
7.974659
7.550287
7.311817
7.183567
8.640693
8.798991
7.261478
7.680412
7.601383
7.679075
7.397267
8.674213
9.096999
8.113319
7.355980
7.459610
6.459922
6.815405
6.415623
7.782063
7.443802
6.613914
7.479381
7.575242
6.592643
7.096436
7.468089
6.921077
5.513360
6.066103
6.500594
6.582794
6.122424
7.203427
7.218553
6.437441
6.434552
5.973158
5.050612
5.671161
6.056590
6.091996
5.230034
3.257385
3.649296
4.067827
4.141654
4.139618
3.902457
11.255072
10.567228
7.635022
7.391939
5.885840
7.339431
9.870657
10.934568
10.621420
8.768751
7.160707
6.010942
7.969869
8.892925
10.477694
10.370453
8.462103
7.215989
6.766912
7.353578
8.052762
9.893450
10.047886
8.770952
5.739312
6.790967
7.265421
8.185305
10.343102
10.915905
10.026367
8.183812
8.083468
8.173533
8.886404
10.919500
11.921782
11.424164
7.562174
8.940191
7.766523
8.261390
10.307713
11.681683
11.693636
10.565731
9.007461
8.087376
8.966703
8.226980
10.664347
10.905035
9.799078
7.688049
8.187485
8.840466
8.103990
10.126892
10.551109
9.531559
6.682582
7.048603
8.341618
8.863478
10.328684
11.002110
10.388889
8.656910
7.433246
8.639415
9.421106
9.982021
11.139730
10.802088
8.824126
8.804574
9.339706
9.408468
9.723812
10.751717
10.611788
8.745590
8.066760
7.543713
7.962882
9.086384
9.878416
10.170443
9.412256
8.525169
8.089908
6.581053
8.228156
8.923107
9.426528
8.641838
6.427872
5.904093
6.706520
7.922812
8.022608
9.392543
9.224365
7.999096
7.653610
8.227632
8.772260
8.575422
9.693155
9.741594
8.820966
7.974659
7.550287
7.311817
7.183567
8.640693
8.798991
7.261478
7.680412
7.601383
7.679075
7.397267
8.674213
9.096999
8.113319
7.355980
7.459610
6.459922
6.815405
6.415623
7.782063
7.443802
6.613914
7.479381
7.575242
6.592643
7.096436
7.468089
6.921077
5.513360
6.066103
6.500594
6.582794
6.122424
7.203427
7.218553
6.437441
6.434552
5.973158
5.050612
5.671161
6.056590
6.091996
5.230034
3.257385
3.649296
4.067827
4.141654
4.139618
3.902457
11.255072
10.567228
7.635022
7.391939
5.885840
7.339431
9.870657
10.934568
10.621420
8.768751
7.160707
6.010942
7.969869
8.892925
10.477694
10.370453
8.462103
7.215989
6.766912
7.353578
8.052762
9.893450
10.047886
8.770952
5.739312
6.790967
7.265421
8.185305
10.343102
10.915905
10.026367
8.183812
8.083468
8.173533
8.886404
10.919500
11.921782
11.424164
7.562174
8.940191
7.766523
8.261390
10.307713
11.681683
11.693636
10.565731
9.007461
8.087376
8.966703
8.226980
10.664347
10.905035
9.799078
7.688049
8.187485
8.840466
8.103990
10.126892
10.551109
9.531559
6.682582
7.048603
8.341618
8.863478
10.328684
11.002110
10.388889
8.656910
7.433246
8.639415
9.421106
9.982021
11.139730
10.802088
8.824126
8.804574
9.339706
9.408468
9.723812
10.751717
10.611788
8.745590
8.066760
7.543713
7.962882
9.086384
9.878416
10.170443
9.412256
8.525169
8.089908
6.581053
8.228156
8.923107
9.426528
8.641838
6.427872
5.904093
6.706520
7.922812
8.022608
9.392543
9.224365
7.999096
7.653610
8.227632
8.772260
8.575422
9.693155
9.741594
8.820966
7.974659
7.550287
7.311817
7.183567
8.640693
8.798991
7.261478
7.680412
7.601383
7.679075
7.397267
8.674213
9.096999
8.113319
7.355980
7.459610
6.459922
6.815405
6.415623
7.782063
7.443802
6.613914
7.479381
7.575242
6.592643
7.096436
7.468089
6.921077
5.513360
6.066103
6.500594
6.582794
6.122424
7.203427
7.218553
6.437441
6.434552
5.973158
5.050612
5.671161
6.056590
6.091996
5.230034
3.257385
3.649296
4.067827
4.141654
4.139618
3.902457
11.255072
10.567228
7.635022
7.391939
5.885840
7.339431
9.870657
10.934568
10.621420
8.768751
7.160707
6.010942
7.969869
8.892925
10.477694
10.370453
8.462103
7.215989
6.766912
7.353578
8.052762
9.893450
10.047886
8.770952
5.739312
6.790967
7.265421
8.185305
10.343102
10.915905
10.026367
8.183812
8.083468
8.173533
8.886404
10.919500
11.921782
11.424164
7.562174
8.940191
7.766523
8.261390
10.307713
11.681683
11.693636
10.565731
9.007461
8.087376
8.966703
8.226980
10.664347
10.905035
9.799078
7.688049
8.187485
8.840466
8.103990
10.126892
10.551109
9.531559
6.682582
7.048603
8.341618
8.863478
10.328684
11.002110
10.388889
8.656910
7.433246
8.639415
9.421106
9.982021
11.139730
10.802088
8.824126
8.804574
9.339706
9.408468
9.723812
10.751717
10.611788
8.745590
8.066760
7.543713
7.962882
9.086384
9.878416
10.170443
9.412256
8.525169
8.089908
6.581053
8.228156
8.923107
9.426528
8.641838
6.427872
5.904093
6.706520
7.922812
8.022608
9.392543
9.224365
7.999096
7.653610
8.227632
8.772260
8.575422
9.693155
9.741594
8.820966
7.974659
7.550287
7.311817
7.183567
8.640693
8.798991
7.261478
7.680412
7.601383
7.679075
7.397267
8.674213
9.096999
8.113319
7.355980
7.459610
6.459922
6.815405
6.415623
7.782063
7.443802
6.613914
7.479381
7.575242
6.592643
7.096436
7.468089
6.921077
5.513360
6.066103
6.500594
6.582794
6.122424
7.203427
7.218553
6.437441
6.434552
5.973158
5.050612
5.671161
6.056590
6.091996
5.230034
3.257385
3.649296
4.067827
4.141654
4.139618
3.902457
11.255072
10.567228
7.635022
7.391939
5.885840
7.339431
9.870657
10.934568
10.621420
8.768751
7.160707
6.010942
7.969869
8.892925
10.477694
10.370453
8.462103
7.215989
6.766912
7.353578
8.052762
9.893450
10.047886
8.770952
5.739312
6.790967
7.265421
8.185305
10.343102
10.915905
10.026367
8.183812
8.083468
8.173533
8.886404
10.919500
11.921782
11.424164
7.562174
8.940191
7.766523
8.261390
10.307713
11.681683
11.693636
10.565731
9.007461
8.087376
8.966703
8.226980
10.664347
10.905035
9.799078
7.688049
8.187485
8.840466
8.103990
10.126892
10.551109
9.531559
6.682582
7.048603
8.341618
8.863478
10.328684
11.002110
10.388889
8.656910
7.433246
8.639415
9.421106
9.982021
11.139730
10.802088
8.824126
8.804574
9.339706
9.408468
9.723812
10.751717
10.611788
8.745590
8.066760
7.543713
7.962882
9.086384
9.878416
10.170443
9.412256
8.525169
8.089908
6.581053
8.228156
8.923107
9.426528
8.641838
6.427872
5.904093
6.706520
7.922812
8.022608
9.392543
9.224365
7.999096
7.653610
8.227632
8.772260
8.575422
9.693155
9.741594
8.820966
7.974659
7.550287
7.311817
7.183567
8.640693
8.798991
7.261478
7.680412
7.601383
7.679075
7.397267
8.674213
9.096999
8.113319
7.355980
7.459610
6.459922
6.815405
6.415623
7.782063
7.443802
6.613914
7.479381
7.575242
6.592643
7.096436
7.468089
6.921077
5.513360
6.066103
6.500594
6.582794
6.122424
7.203427
7.218553
6.437441
6.434552
5.973158
5.050612
5.671161
6.056590
6.091996
5.230034
3.257385
3.649296
4.067827
4.141654
4.139618
3.902457
11.255072
10.567228
7.635022
7.391939
5.885840
7.339431
9.870657
10.934568
10.621420
8.768751
7.160707
6.010942
7.969869
8.892925
10.477694
10.370453
8.462103
7.215989
6.766912
7.353578
8.052762
9.893450
10.047886
8.770952
5.739312
6.790967
7.265421
8.185305
10.343102
10.915905
10.026367
8.183812
8.083468
8.173533
8.886404
10.919500
11.921782
11.424164
7.562174
8.940191
7.766523
8.261390
10.307713
11.681683
11.693636
10.565731
9.007461
8.087376
8.966703
8.226980
10.664347
10.905035
9.799078
7.688049
8.187485
8.840466
8.103990
10.126892
10.551109
9.531559
6.682582
7.048603
8.341618
8.863478
10.328684
11.002110
10.388889
8.656910
7.433246
8.639415
9.421106
9.982021
11.139730
10.802088
8.824126
8.804574
9.339706
9.408468
9.723812
10.751717
10.611788
8.745590
8.066760
7.543713
7.962882
9.086384
9.878416
10.170443
9.412256
8.525169
8.089908
6.581053
8.228156
8.923107
9.426528
8.641838
6.427872
5.904093
6.706520
7.922812
8.022608
9.392543
9.224365
7.999096
7.653610
8.227632
8.772260
8.575422
9.693155
9.741594
8.820966
7.974659
7.550287
7.311817
7.183567
8.640693
8.798991
7.261478
7.680412
7.601383
7.679075
7.397267
8.674213
9.096999
8.113319
7.355980
7.459610
6.459922
6.815405
6.415623
7.782063
7.443802
6.613914
7.479381
7.575242
6.592643
7.096436
7.468089
6.921077
5.513360
6.066103
6.500594
6.582794
6.122424
7.203427
7.218553
6.437441
6.434552
5.973158
5.050612
5.671161
6.056590
6.091996
5.230034
3.257385
3.649296
4.067827
4.141654
4.139618
3.902457
11.255072
10.567228
7.635022
7.391939
5.885840
7.339431
9.870657
10.934568
10.621420
8.768751
7.160707
6.010942
7.969869
8.892925
10.477694
10.370453
8.462103
7.215989
6.766912
7.353578
8.052762
9.893450
10.047886
8.770952
5.739312
6.790967
7.265421
8.185305
10.343102
10.915905
10.026367
8.183812
8.083468
8.173533
8.886404
10.919500
11.921782
11.424164
7.562174
8.940191
7.766523
8.261390
10.307713
11.681683
11.693636
10.565731
9.007461
8.087376
8.966703
8.226980
10.664347
10.905035
9.799078
7.688049
8.187485
8.840466
8.103990
10.126892
10.551109
9.531559
6.682582
7.048603
8.341618
8.863478
10.328684
11.002110
10.388889
8.656910
7.433246
8.639415
9.421106
9.982021
11.139730
10.802088
8.824126
8.804574
9.339706
9.408468
9.723812
10.751717
10.611788
8.745590
8.066760
7.543713
7.962882
9.086384
9.878416
10.170443
9.412256
8.525169
8.089908
6.581053
8.228156
8.923107
9.426528
8.641838
6.427872
5.904093
6.706520
7.922812
8.022608
9.392543
9.224365
7.999096
7.653610
8.227632
8.772260
8.575422
9.693155
9.741594
8.820966
7.974659
7.550287
7.311817
7.183567
8.640693
8.798991
7.261478
7.680412
7.601383
7.679075
7.397267
8.674213
9.096999
8.113319
7.355980
7.459610
6.459922
6.815405
6.415623
7.782063
7.443802
6.613914
7.479381
7.575242
6.592643
7.096436
7.468089
6.921077
5.513360
6.066103
6.500594
6.582794
6.122424
7.203427
7.218553
6.437441
6.434552
5.973158
5.050612
5.671161
6.056590
6.091996
5.230034
3.257385
3.649296
4.067827
4.141654
4.139618
3.902457
11.255072
10.567228
7.635022
7.391939
5.885840
7.339431
9.870657
10.934568
10.621420
8.768751
7.160707
6.010942
7.969869
8.892925
10.477694
10.370453
8.462103
7.215989
6.766912
7.353578
8.052762
9.893450
10.047886
8.770952
5.739312
6.790967
7.265421
8.185305
10.343102
10.915905
10.026367
8.183812
8.083468
8.173533
8.886404
10.919500
11.921782
11.424164
7.562174
8.940191
7.766523
8.261390
10.307713
11.681683
11.693636
10.565731
9.007461
8.087376
8.966703
8.226980
10.664347
10.905035
9.799078
7.688049
8.187485
8.840466
8.103990
10.126892
10.551109
9.531559
6.682582
7.048603
8.341618
8.863478
10.328684
11.002110
10.388889
8.656910
7.433246
8.639415
9.421106
9.982021
11.139730
10.802088
8.824126
8.804574
9.339706
9.408468
9.723812
10.751717
10.611788
8.745590
8.066760
7.543713
7.962882
9.086384
9.878416
10.170443
9.412256
8.525169
8.089908
6.581053
8.228156
8.923107
9.426528
8.641838
6.427872
5.904093
6.706520
7.922812
8.022608
9.392543
9.224365
7.999096
7.653610
8.227632
8.772260
8.575422
9.693155
9.741594
8.820966
7.974659
7.550287
7.311817
7.183567
8.640693
8.798991
7.261478
7.680412
7.601383
7.679075
7.397267
8.674213
9.096999
8.113319
7.355980
7.459610
6.459922
6.815405
6.415623
7.782063
7.443802
6.613914
7.479381
7.575242
6.592643
7.096436
7.468089
6.921077
5.513360
6.066103
6.500594
6.582794
6.122424
7.203427
7.218553
6.437441
6.434552
5.973158
5.050612
5.671161
6.056590
6.091996
5.230034
3.257385
3.649296
4.067827
4.141654
4.139618
3.902457
11.255072
10.567228
7.635022
7.391939
5.885840
7.339431
9.870657
10.934568
10.621420
8.768751
7.160707
6.010942
7.969869
8.892925
10.477694
10.370453
8.462103
7.215989
6.766912
7.353578
8.052762
9.893450
10.047886
8.770952
5.739312
6.790967
7.265421
8.185305
10.343102
10.915905
10.026367
8.183812
8.083468
8.173533
8.886404
10.919500
11.921782
11.424164
7.562174
8.940191
7.766523
8.261390
10.307713
11.681683
11.693636
10.565731
9.007461
8.087376
8.966703
8.226980
10.664347
10.905035
9.799078
7.688049
8.187485
8.840466
8.103990
10.126892
10.551109
9.531559
6.682582
7.048603
8.341618
8.863478
10.328684
11.002110
10.388889
8.656910
7.433246
8.639415
9.421106
9.982021
11.139730
10.802088
8.824126
8.804574
9.339706
9.408468
9.723812
10.751717
10.611788
8.745590
8.066760
7.543713
7.962882
9.086384
9.878416
10.170443
9.412256
8.525169
8.089908
6.581053
8.228156
8.923107
9.426528
8.641838
6.427872
5.904093
6.706520
7.922812
8.022608
9.392543
9.224365
7.999096
7.653610
8.227632
8.772260
8.575422
9.693155
9.741594
8.820966
7.974659
7.550287
7.311817
7.183567
8.640693
8.798991
7.261478
7.680412
7.601383
7.679075
7.397267
8.674213
9.096999
8.113319
7.355980
7.459610
6.459922
6.815405
6.415623
7.782063
7.443802
6.613914
7.479381
7.575242
6.592643
7.096436
7.468089
6.921077
5.513360
6.066103
6.500594
6.582794
6.122424
7.203427
7.218553
6.437441
6.434552
5.973158
5.050612
5.671161
6.056590
6.091996
5.230034
3.257385
3.649296
4.067827
4.141654
4.139618
3.902457
11.255072
10.567228
7.635022
7.391939
5.885840
7.339431
9.870657
10.934568
10.621420
8.768751
7.160707
6.010942
7.969869
8.892925
10.477694
10.370453
8.462103
7.215989
6.766912
7.353578
8.052762
9.893450
10.047886
8.770952
5.739312
6.790967
7.265421
8.185305
10.343102
10.915905
10.026367
8.183812
8.083468
8.173533
8.886404
10.919500
11.921782
11.424164
7.562174
8.940191
7.766523
8.261390
10.307713
11.681683
11.693636
10.565731
9.007461
8.087376
8.966703
8.226980
10.664347
10.905035
9.799078
7.688049
8.187485
8.840466
8.103990
10.126892
10.551109
9.531559
6.682582
7.048603
8.341618
8.863478
10.328684
11.002110
10.388889
8.656910
7.433246
8.639415
9.421106
9.982021
11.139730
10.802088
8.824126
8.804574
9.339706
9.408468
9.723812
10.751717
10.611788
8.745590
8.066760
7.543713
7.962882
9.086384
9.878416
10.170443
9.412256
8.525169
8.089908
6.581053
8.228156
8.923107
9.426528
8.641838
6.427872
5.904093
6.706520
7.922812
8.022608
9.392543
9.224365
7.999096
7.653610
8.227632
8.772260
8.575422
9.693155
9.741594
8.820966
7.974659
7.550287
7.311817
7.183567
8.640693
8.798991
7.261478
7.680412
7.601383
7.679075
7.397267
8.674213
9.096999
8.113319
7.355980
7.459610
6.459922
6.815405
6.415623
7.782063
7.443802
6.613914
7.479381
7.575242
6.592643
7.096436
7.468089
6.921077
5.513360
6.066103
6.500594
6.582794
6.122424
7.203427
7.218553
6.437441
6.434552
5.973158
5.050612
5.671161
6.056590
6.091996
5.230034
3.257385
3.649296
4.067827
4.141654
4.139618
3.902457
11.255072
10.567228
7.635022
7.391939
5.885840
7.339431
9.870657
10.934568
10.621420
8.768751
7.160707
6.010942
7.969869
8.892925
10.477694
10.370453
8.462103
7.215989
6.766912
7.353578
8.052762
9.893450
10.047886
8.770952
5.739312
6.790967
7.265421
8.185305
10.343102
10.915905
10.026367
8.183812
8.083468
8.173533
8.886404
10.919500
11.921782
11.424164
7.562174
8.940191
7.766523
8.261390
10.307713
11.681683
11.693636
10.565731
9.007461
8.087376
8.966703
8.226980
10.664347
10.905035
9.799078
7.688049
8.187485
8.840466
8.103990
10.126892
10.551109
9.531559
6.682582
7.048603
8.341618
8.863478
10.328684
11.002110
10.388889
8.656910
7.433246
8.639415
9.421106
9.982021
11.139730
10.802088
8.824126
8.804574
9.339706
9.408468
9.723812
10.751717
10.611788
8.745590
8.066760
7.543713
7.962882
9.086384
9.878416
10.170443
9.412256
8.525169
8.089908
6.581053
8.228156
8.923107
9.426528
8.641838
6.427872
5.904093
6.706520
7.922812
8.022608
9.392543
9.224365
7.999096
7.653610
8.227632
8.772260
8.575422
9.693155
9.741594
8.820966
7.974659
7.550287
7.311817
7.183567
8.640693
8.798991
7.261478
7.680412
7.601383
7.679075
7.397267
8.674213
9.096999
8.113319
7.355980
7.459610
6.459922
6.815405
6.415623
7.782063
7.443802
6.613914
7.479381
7.575242
6.592643
7.096436
7.468089
6.921077
5.513360
6.066103
6.500594
6.582794
6.122424
7.203427
7.218553
6.437441
6.434552
5.973158
5.050612
5.671161
6.056590
6.091996
5.230034
3.257385
3.649296
4.067827
4.141654
4.139618
3.902457
11.255072
10.567228
7.635022
7.391939
5.885840
7.339431
9.870657
10.934568
10.621420
8.768751
7.160707
6.010942
7.969869
8.892925
10.477694
10.370453
8.462103
7.215989
6.766912
7.353578
8.052762
9.893450
10.047886
8.770952
5.739312
6.790967
7.265421
8.185305
10.343102
10.915905
10.026367
8.183812
8.083468
8.173533
8.886404
10.919500
11.921782
11.424164
7.562174
8.940191
7.766523
8.261390
10.307713
11.681683
11.693636
10.565731
9.007461
8.087376
8.966703
8.226980
10.664347
10.905035
9.799078
7.688049
8.187485
8.840466
8.103990
10.126892
10.551109
9.531559
6.682582
7.048603
8.341618
8.863478
10.328684
11.002110
10.388889
8.656910
7.433246
8.639415
9.421106
9.982021
11.139730
10.802088
8.824126
8.804574
9.339706
9.408468
9.723812
10.751717
10.611788
8.745590
8.066760
7.543713
7.962882
9.086384
9.878416
10.170443
9.412256
8.525169
8.089908
6.581053
8.228156
8.923107
9.426528
8.641838
6.427872
5.904093
6.706520
7.922812
8.022608
9.392543
9.224365
7.999096
7.653610
8.227632
8.772260
8.575422
9.693155
9.741594
8.820966
7.974659
7.550287
7.311817
7.183567
8.640693
8.798991
7.261478
7.680412
7.601383
7.679075
7.397267
8.674213
9.096999
8.113319
7.355980
7.459610
6.459922
6.815405
6.415623
7.782063
7.443802
6.613914
7.479381
7.575242
6.592643
7.096436
7.468089
6.921077
5.513360
6.066103
6.500594
6.582794
6.122424
7.203427
7.218553
6.437441
6.434552
5.973158
5.050612
5.671161
6.056590
6.091996
5.230034
3.257385
3.649296
4.067827
4.141654
4.139618
3.902457
11.255072
10.567228
7.635022
7.391939
5.885840
7.339431
9.870657
10.934568
10.621420
8.768751
7.160707
6.010942
7.969869
8.892925
10.477694
10.370453
8.462103
7.215989
6.766912
7.353578
8.052762
9.893450
10.047886
8.770952
5.739312
6.790967
7.265421
8.185305
10.343102
10.915905
10.026367
8.183812
8.083468
8.173533
8.886404
10.919500
11.921782
11.424164
7.562174
8.940191
7.766523
8.261390
10.307713
11.681683
11.693636
10.565731
9.007461
8.087376
8.966703
8.226980
10.664347
10.905035
9.799078
7.688049
8.187485
8.840466
8.103990
10.126892
10.551109
9.531559
6.682582
7.048603
8.341618
8.863478
10.328684
11.002110
10.388889
8.656910
7.433246
8.639415
9.421106
9.982021
11.139730
10.802088
8.824126
8.804574
9.339706
9.408468
9.723812
10.751717
10.611788
8.745590
8.066760
7.543713
7.962882
9.086384
9.878416
10.170443
9.412256
8.525169
8.089908
6.581053
8.228156
8.923107
9.426528
8.641838
6.427872
5.904093
6.706520
7.922812
8.022608
9.392543
9.224365
7.999096
7.653610
8.227632
8.772260
8.575422
9.693155
9.741594
8.820966
7.974659
7.550287
7.311817
7.183567
8.640693
8.798991
7.261478
7.680412
7.601383
7.679075
7.397267
8.674213
9.096999
8.113319
7.355980
7.459610
6.459922
6.815405
6.415623
7.782063
7.443802
6.613914
7.479381
7.575242
6.592643
7.096436
7.468089
6.921077
5.513360
6.066103
6.500594
6.582794
6.122424
7.203427
7.218553
6.437441
6.434552
5.973158
5.050612
5.671161
6.056590
6.091996
5.230034
3.257385
3.649296
4.067827
4.141654
4.139618
3.902457
11.255072
10.567228
7.635022
7.391939
5.885840
7.339431
9.870657
10.934568
10.621420
8.768751
7.160707
6.010942
7.969869
8.892925
10.477694
10.370453
8.462103
7.215989
6.766912
7.353578
8.052762
9.893450
10.047886
8.770952
5.739312
6.790967
7.265421
8.185305
10.343102
10.915905
10.026367
8.183812
8.083468
8.173533
8.886404
10.919500
11.921782
11.424164
7.562174
8.940191
7.766523
8.261390
10.307713
11.681683
11.693636
10.565731
9.007461
8.087376
8.966703
8.226980
10.664347
10.905035
9.799078
7.688049
8.187485
8.840466
8.103990
10.126892
10.551109
9.531559
6.682582
7.048603
8.341618
8.863478
10.328684
11.002110
10.388889
8.656910
7.433246
8.639415
9.421106
9.982021
11.139730
10.802088
8.824126
8.804574
9.339706
9.408468
9.723812
10.751717
10.611788
8.745590
8.066760
7.543713
7.962882
9.086384
9.878416
10.170443
9.412256
8.525169
8.089908
6.581053
8.228156
8.923107
9.426528
8.641838
6.427872
5.904093
6.706520
7.922812
8.022608
9.392543
9.224365
7.999096
7.653610
8.227632
8.772260
8.575422
9.693155
9.741594
8.820966
7.974659
7.550287
7.311817
7.183567
8.640693
8.798991
7.261478
7.680412
7.601383
7.679075
7.397267
8.674213
9.096999
8.113319
7.355980
7.459610
6.459922
6.815405
6.415623
7.782063
7.443802
6.613914
7.479381
7.575242
6.592643
7.096436
7.468089
6.921077
5.513360
6.066103
6.500594
6.582794
6.122424
7.203427
7.218553
6.437441
6.434552
5.973158
5.050612
5.671161
6.056590
6.091996
5.230034
3.257385
3.649296
4.067827
4.141654
4.139618
3.902457
11.255072
10.567228
7.635022
7.391939
5.885840
7.339431
9.870657
10.934568
10.621420
8.768751
7.160707
6.010942
7.969869
8.892925
10.477694
10.370453
8.462103
7.215989
6.766912
7.353578
8.052762
9.893450
10.047886
8.770952
5.739312
6.790967
7.265421
8.185305
10.343102
10.915905
10.026367
8.183812
8.083468
8.173533
8.886404
10.919500
11.921782
11.424164
7.562174
8.940191
7.766523
8.261390
10.307713
11.681683
11.693636
10.565731
9.007461
8.087376
8.966703
8.226980
10.664347
10.905035
9.799078
7.688049
8.187485
8.840466
8.103990
10.126892
10.551109
9.531559
6.682582
7.048603
8.341618
8.863478
10.328684
11.002110
10.388889
8.656910
7.433246
8.639415
9.421106
9.982021
11.139730
10.802088
8.824126
8.804574
9.339706
9.408468
9.723812
10.751717
10.611788
8.745590
8.066760
7.543713
7.962882
9.086384
9.878416
10.170443
9.412256
8.525169
8.089908
6.581053
8.228156
8.923107
9.426528
8.641838
6.427872
5.904093
6.706520
7.922812
8.022608
9.392543
9.224365
7.999096
7.653610
8.227632
8.772260
8.575422
9.693155
9.741594
8.820966
7.974659
7.550287
7.311817
7.183567
8.640693
8.798991
7.261478
7.680412
7.601383
7.679075
7.397267
8.674213
9.096999
8.113319
7.355980
7.459610
6.459922
6.815405
6.415623
7.782063
7.443802
6.613914
7.479381
7.575242
6.592643
7.096436
7.468089
6.921077
5.513360
6.066103
6.500594
6.582794
6.122424
7.203427
7.218553
6.437441
6.434552
5.973158
5.050612
5.671161
6.056590
6.091996
5.230034
3.257385
3.649296
4.067827
4.141654
4.139618
3.902457
11.255072
10.567228
7.635022
7.391939
5.885840
7.339431
9.870657
10.934568
10.621420
8.768751
7.160707
6.010942
7.969869
8.892925
10.477694
10.370453
8.462103
7.215989
6.766912
7.353578
8.052762
9.893450
10.047886
8.770952
5.739312
6.790967
7.265421
8.185305
10.343102
10.915905
10.026367
8.183812
8.083468
8.173533
8.886404
10.919500
11.921782
11.424164
7.562174
8.940191
7.766523
8.261390
10.307713
11.681683
11.693636
10.565731
9.007461
8.087376
8.966703
8.226980
10.664347
10.905035
9.799078
7.688049
8.187485
8.840466
8.103990
10.126892
10.551109
9.531559
6.682582
7.048603
8.341618
8.863478
10.328684
11.002110
10.388889
8.656910
7.433246
8.639415
9.421106
9.982021
11.139730
10.802088
8.824126
8.804574
9.339706
9.408468
9.723812
10.751717
10.611788
8.745590
8.066760
7.543713
7.962882
9.086384
9.878416
10.170443
9.412256
8.525169
8.089908
6.581053
8.228156
8.923107
9.426528
8.641838
6.427872
5.904093
6.706520
7.922812
8.022608
9.392543
9.224365
7.999096
7.653610
8.227632
8.772260
8.575422
9.693155
9.741594
8.820966
7.974659
7.550287
7.311817
7.183567
8.640693
8.798991
7.261478
7.680412
7.601383
7.679075
7.397267
8.674213
9.096999
8.113319
7.355980
7.459610
6.459922
6.815405
6.415623
7.782063
7.443802
6.613914
7.479381
7.575242
6.592643
7.096436
7.468089
6.921077
5.513360
6.066103
6.500594
6.582794
6.122424
7.203427
7.218553
6.437441
6.434552
5.973158
5.050612
5.671161
6.056590
6.091996
5.230034
3.257385
3.649296
4.067827
4.141654
4.139618
3.902457
11.255072
10.567228
7.635022
7.391939
5.885840
7.339431
9.870657
10.934568
10.621420
8.768751
7.160707
6.010942
7.969869
8.892925
10.477694
10.370453
8.462103
7.215989
6.766912
7.353578
8.052762
9.893450
10.047886
8.770952
5.739312
6.790967
7.265421
8.185305
10.343102
10.915905
10.026367
8.183812
8.083468
8.173533
8.886404
10.919500
11.921782
11.424164
7.562174
8.940191
7.766523
8.261390
10.307713
11.681683
11.693636
10.565731
9.007461
8.087376
8.966703
8.226980
10.664347
10.905035
9.799078
7.688049
8.187485
8.840466
8.103990
10.126892
10.551109
9.531559
6.682582
7.048603
8.341618
8.863478
10.328684
11.002110
10.388889
8.656910
7.433246
8.639415
9.421106
9.982021
11.139730
10.802088
8.824126
8.804574
9.339706
9.408468
9.723812
10.751717
10.611788
8.745590
8.066760
7.543713
7.962882
9.086384
9.878416
10.170443
9.412256
8.525169
8.089908
6.581053
8.228156
8.923107
9.426528
8.641838
6.427872
5.904093
6.706520
7.922812
8.022608
9.392543
9.224365
7.999096
7.653610
8.227632
8.772260
8.575422
9.693155
9.741594
8.820966
7.974659
7.550287
7.311817
7.183567
8.640693
8.798991
7.261478
7.680412
7.601383
7.679075
7.397267
8.674213
9.096999
8.113319
7.355980
7.459610
6.459922
6.815405
6.415623
7.782063
7.443802
6.613914
7.479381
7.575242
6.592643
7.096436
7.468089
6.921077
5.513360
6.066103
6.500594
6.582794
6.122424
7.203427
7.218553
6.437441
6.434552
5.973158
5.050612
5.671161
6.056590
6.091996
5.230034
3.257385
3.649296
4.067827
4.141654
4.139618
3.902457
11.255072
10.567228
7.635022
7.391939
5.885840
7.339431
9.870657
10.934568
10.621420
8.768751
7.160707
6.010942
7.969869
8.892925
10.477694
10.370453
8.462103
7.215989
6.766912
7.353578
8.052762
9.893450
10.047886
8.770952
5.739312
6.790967
7.265421
8.185305
10.343102
10.915905
10.026367
8.183812
8.083468
8.173533
8.886404
10.919500
11.921782
11.424164
7.562174
8.940191
7.766523
8.261390
10.307713
11.681683
11.693636
10.565731
9.007461
8.087376
8.966703
8.226980
10.664347
10.905035
9.799078
7.688049
8.187485
8.840466
8.103990
10.126892
10.551109
9.531559
6.682582
7.048603
8.341618
8.863478
10.328684
11.002110
10.388889
8.656910
7.433246
8.639415
9.421106
9.982021
11.139730
10.802088
8.824126
8.804574
9.339706
9.408468
9.723812
10.751717
10.611788
8.745590
8.066760
7.543713
7.962882
9.086384
9.878416
10.170443
9.412256
8.525169
8.089908
6.581053
8.228156
8.923107
9.426528
8.641838
6.427872
5.904093
6.706520
7.922812
8.022608
9.392543
9.224365
7.999096
7.653610
8.227632
8.772260
8.575422
9.693155
9.741594
8.820966
7.974659
7.550287
7.311817
7.183567
8.640693
8.798991
7.261478
7.680412
7.601383
7.679075
7.397267
8.674213
9.096999
8.113319
7.355980
7.459610
6.459922
6.815405
6.415623
7.782063
7.443802
6.613914
7.479381
7.575242
6.592643
7.096436
7.468089
6.921077
5.513360
6.066103
6.500594
6.582794
6.122424
7.203427
7.218553
6.437441
6.434552
5.973158
5.050612
5.671161
6.056590
6.091996
5.230034
3.257385
3.649296
4.067827
4.141654
4.139618
3.902457
11.255072
10.567228
7.635022
7.391939
5.885840
7.339431
9.870657
10.934568
10.621420
8.768751
7.160707
6.010942
7.969869
8.892925
10.477694
10.370453
8.462103
7.215989
6.766912
7.353578
8.052762
9.893450
10.047886
8.770952
5.739312
6.790967
7.265421
8.185305
10.343102
10.915905
10.026367
8.183812
8.083468
8.173533
8.886404
10.919500
11.921782
11.424164
7.562174
8.940191
7.766523
8.261390
10.307713
11.681683
11.693636
10.565731
9.007461
8.087376
8.966703
8.226980
10.664347
10.905035
9.799078
7.688049
8.187485
8.840466
8.103990
10.126892
10.551109
9.531559
6.682582
7.048603
8.341618
8.863478
10.328684
11.002110
10.388889
8.656910
7.433246
8.639415
9.421106
9.982021
11.139730
10.802088
8.824126
8.804574
9.339706
9.408468
9.723812
10.751717
10.611788
8.745590
8.066760
7.543713
7.962882
9.086384
9.878416
10.170443
9.412256
8.525169
8.089908
6.581053
8.228156
8.923107
9.426528
8.641838
6.427872
5.904093
6.706520
7.922812
8.022608
9.392543
9.224365
7.999096
7.653610
8.227632
8.772260
8.575422
9.693155
9.741594
8.820966
7.974659
7.550287
7.311817
7.183567
8.640693
8.798991
7.261478
7.680412
7.601383
7.679075
7.397267
8.674213
9.096999
8.113319
7.355980
7.459610
6.459922
6.815405
6.415623
7.782063
7.443802
6.613914
7.479381
7.575242
6.592643
7.096436
7.468089
6.921077
5.513360
6.066103
6.500594
6.582794
6.122424
7.203427
7.218553
6.437441
6.434552
5.973158
5.050612
5.671161
6.056590
6.091996
5.230034
3.257385
3.649296
4.067827
4.141654
4.139618
3.902457
11.255072
10.567228
7.635022
7.391939
5.885840
7.339431
9.870657
10.934568
10.621420
8.768751
7.160707
6.010942
7.969869
8.892925
10.477694
10.370453
8.462103
7.215989
6.766912
7.353578
8.052762
9.893450
10.047886
8.770952
5.739312
6.790967
7.265421
8.185305
10.343102
10.915905
10.026367
8.183812
8.083468
8.173533
8.886404
10.919500
11.921782
11.424164
7.562174
8.940191
7.766523
8.261390
10.307713
11.681683
11.693636
10.565731
9.007461
8.087376
8.966703
8.226980
10.664347
10.905035
9.799078
7.688049
8.187485
8.840466
8.103990
10.126892
10.551109
9.531559
6.682582
7.048603
8.341618
8.863478
10.328684
11.002110
10.388889
8.656910
7.433246
8.639415
9.421106
9.982021
11.139730
10.802088
8.824126
8.804574
9.339706
9.408468
9.723812
10.751717
10.611788
8.745590
8.066760
7.543713
7.962882
9.086384
9.878416
10.170443
9.412256
8.525169
8.089908
6.581053
8.228156
8.923107
9.426528
8.641838
6.427872
5.904093
6.706520
7.922812
8.022608
9.392543
9.224365
7.999096
7.653610
8.227632
8.772260
8.575422
9.693155
9.741594
8.820966
7.974659
7.550287
7.311817
7.183567
8.640693
8.798991
7.261478
7.680412
7.601383
7.679075
7.397267
8.674213
9.096999
8.113319
7.355980
7.459610
6.459922
6.815405
6.415623
7.782063
7.443802
6.613914
7.479381
7.575242
6.592643
7.096436
7.468089
6.921077
5.513360
6.066103
6.500594
6.582794
6.122424
7.203427
7.218553
6.437441
6.434552
5.973158
5.050612
5.671161
6.056590
6.091996
5.230034
3.257385
3.649296
4.067827
4.141654
4.139618
3.902457
